299156,293668,310307,287163,290027,273929,346341,290952,310721,291276,283725,303004,295654,306616,300114,282190,290809,282988,298422,315187,312725,309981,304660,300529,283924,316816,305533,294325,304513,303563,308699,309809,328413,299281,297797,306359,302909,316236,329026,348811,289591,280046,313753,279015,327596,284075,304554,291977,294012,284054,273673,288839,256822,316908,308779,301576,301883,284891,301351,311561,253049,322165,321085,319554,300131,320428,322588,290676,281197,286901,302011,292760,296385,306225,310874,295329,296806,292227,285803,318590,328208,279702,281387,288192,325323,320975,315189,311031,275624,339214,268628,299787,287358,296101,323470,317075,258810,278787,288994,300019,283815,318674,274887,317878,337400,340412,308632,307903,283107,285815,303507,306974,323240,319335,305326,314626,282652,287977,305681,294657,272965,304518,317939,276512,288114,289369,309226,332808
320992,336387,331066,295264,313891,317875,358894,288918,337263,306734,317528,329491,334085,334467,337339,300627,325739,319248,331501,312180,346010,330747,308735,334182,307211,327290,342777,301715,334948,314392,325968,335969,345813,314147,326610,329259,322301,317074,341285,364286,321133,310515,333323,290785,363038,286078,337174,299891,306056,290920,304759,313824,290313,323955,342638,304681,348162,317702,360385,343274,290605,341501,348948,312562,298756,342335,336811,352115,308588,322904,328053,296373,313711,336667,312023,301640,313415,344391,300571,349904,332540,311930,305990,301820,362669,334264,330438,337495,304666,368268,297283,333953,334460,327044,362667,320672,273369,305647,299172,305140,293290,336258,290397,356661,355385,360554,333944,338798,304357,276918,313749,308005,348828,335906,354992,325836,336802,293657,324455,303426,309724,313942,355296,301626,328123,332760,324154,370405
311452,323666,322697,318166,320526,304381,370763,327804,335740,320767,329834,323533,336920,342691,341243,298670,311125,310022,330185,316222,354896,329060,312031,345366,317403,338312,347865,312408,329259,329086,319806,344856,348006,332416,323114,340263,326629,323325,354271,378285,325092,314361,340014,293581,386087,315738,326785,322167,307065,333811,327257,336759,288654,318018,341085,328417,360933,325495,365917,348818,273624,346511,358337,331793,308783,334752,339666,366063,320067,320564,335246,312111,331332,326224,324542,326593,315654,326653,305390,352981,339004,333973,307941,309008,352246,353225,327775,335852,330259,369816,299436,329488,324612,327353,339773,338335,268671,311752,321719,315815,302834,345120,290872,351618,361895,386515,315859,340244,323674,310518,325834,317553,350746,352449,347649,343744,326144,313416,335753,321944,318985,346402,373870,300603,335007,328123,348603,384770
284777,294890,285724,285724,291361,300547,339738,273965,303880,265680,308750,281974,287974,307201,321343,268980,291875,301392,298525,304713,297636,296115,298383,318903,284323,311088,284507,282138,297426,291729,284180,314937,327881,319330,289213,291627,295711,299358,322132,334000,286863,275353,307687,266059,324478,282176,304261,279624,284658,302680,294918,297944,259481,303842,307450,303310,317189,284654,295967,313929,263754,307052,324747,297842,262409,295918,311910,318754,279968,294373,296025,298479,298058,310087,282634,296272,289529,298225,291623,314860,325074,279143,281861,265327,321221,328198,293911,292409,285885,337477,273422,314165,311410,275280,306598,299214,263190,294452,311165,279461,256032,305886,269321,310545,306791,332847,291521,296082,281373,269686,298448,268786,327146,325845,314261,302920,294284,275671,300584,289462,301112,295318,328822,283203,301108,296928,316232,335273
355478,334191,342733,340397,369472,347455,422268,361318,341416,329586,338133,358029,346385,377957,366642,334104,351720,347208,339372,350726,380286,357884,339498,380774,340349,370913,352057,340637,365602,355666,358912,375552,384400,377469,351659,355173,367188,366229,373180,398431,359820,347060,381282,304411,407813,344188,373373,338233,326221,348168,333447,341650,332846,358008,376004,338865,362381,345663,347995,375663,316613,362655,375378,336853,329133,376934,369479,375060,329014,355308,361854,338500,346961,352935,328042,335811,353429,372297,334535,381241,372750,330830,306872,340956,381384,375654,370610,386587,329711,382968,345141,356561,352834,355677,363686,366434,311822,332052,339947,328284,321678,362348,331422,376334,375511,421373,357735,350380,344529,309717,377432,334297,379571,379950,374044,361223,349690,324548,349007,342950,349813,356838,387383,336794,353476,372139,368814,406707
329818,308142,310832,310895,317496,316647,338364,301252,333513,308448,321211,322461,329780,341245,351920,309516,323786,313690,332836,309521,352476,326102,322531,341577,311461,326780,330794,307309,327503,321849,321739,349125,341875,319766,314465,321792,334228,329291,333478,358824,318734,326085,334751,285414,352242,306482,318829,301664,327615,328285,320796,320936,297491,324191,339096,314067,354860,323812,345757,349519,295524,347748,353652,321803,292466,344187,332221,350295,309088,319407,327303,316680,328391,330341,308116,332617,304348,315017,290000,365665,341120,309249,309765,316224,334282,351008,340776,330771,315395,332680,312320,338851,308010,323251,344094,332244,267496,313312,310122,296758,297006,328953,300602,340468,330098,378205,325618,320170,300232,315120,331735,297563,369556,344986,344107,338415,333013,295748,335128,310014,308899,316648,359684,308896,334135,324381,351939,370129
302085,288321,287588,283056,287053,280189,328566,291039,292633,270201,289360,286915,278972,314099,294633,276557,277693,265507,299298,285372,311257,289835,284902,304744,271982,296251,294149,282801,293165,284161,291582,315365,306478,303346,286887,303749,307400,300118,314637,324290,294289,308524,306100,245816,341064,292996,281195,281202,279459,292648,279946,269591,267657,283565,295152,274420,286107,287196,276047,295407,254527,289620,308154,284630,272227,299360,297852,295854,268215,288713,314642,288806,280665,292187,276300,290215,276562,297555,270081,318475,287894,278703,274710,283347,322447,309838,312128,294809,268375,311889,292575,293938,284578,307616,299300,305415,252832,276908,273985,286902,231408,289515,267117,302727,307658,342201,289449,311260,272397,263675,302368,270681,314338,295654,306507,300100,305497,267599,286381,274506,269643,292346,317911,265770,288321,294221,292215,308094
350183,327969,342018,335668,333696,339563,386055,346919,366149,327636,331469,339796,344927,360624,357784,319013,343682,326690,347876,328258,375920,334884,334453,359464,331532,368841,349219,324501,378342,339423,346365,361164,390480,347854,319830,358729,368736,347654,367698,404310,354605,339077,350510,301870,387400,324465,354157,339617,341343,337367,325922,361445,314842,327126,360230,331883,353133,355511,346101,357580,299497,361411,346327,344198,309847,370613,355717,377252,336009,353396,357407,332438,344970,363714,341056,334728,333525,367869,318854,354649,340984,338250,333731,330069,386791,379983,355873,350303,331954,373070,349822,369605,337210,348160,380829,374420,286906,336629,324444,329377,322697,349981,321531,371101,365236,391678,348946,361935,340230,324612,339817,318457,371364,369247,351478,340958,359877,331878,346154,327494,331833,345526,373207,333256,351366,351497,366276,374301
323635,291743,296025,285871,304799,290885,349275,296689,299870,296484,297701,309259,311372,323321,339633,286632,309194,292492,303986,297768,340552,304585,310793,313025,270855,300190,337748,310122,313690,304711,305463,299135,328507,311282,306261,303235,320105,307775,329307,345003,308078,302359,324600,271644,348105,298085,310977,290684,290789,295607,283658,295761,265403,292481,315078,295864,316839,303422,302712,327334,283148,313229,322804,300911,287993,326732,317453,319874,304304,306773,331223,293797,295782,303661,287422,297220,291585,308198,283069,328647,313977,293985,290400,295003,299365,323146,312138,326813,302055,350995,286594,315025,299465,316416,324504,321054,287399,291979,277880,294977,283930,303176,283812,340337,326425,350444,303084,300065,305850,291165,313937,292545,334034,338392,324468,312103,327974,262818,308927,280177,299904,312378,328987,301552,308216,301297,317280,356393
335946,308695,320016,320967,324739,324655,363936,320604,348647,330389,329344,341751,343791,342797,362193,301993,323440,327655,336995,339688,354798,341570,342323,347496,324970,343836,356656,326944,345874,334640,342164,351015,343930,323278,334468,352214,350846,342234,348894,385009,341688,325191,345303,295396,369817,308237,340507,319584,338911,320521,323422,341488,309770,338969,351298,336936,345781,338563,332970,342678,299085,347421,354312,342390,300846,360059,355934,358516,323398,326954,346033,335339,329807,348348,308311,341022,320870,325061,304761,349292,350848,310527,316001,315664,360796,373764,347760,336729,316230,360878,321594,343117,321565,319045,359705,354906,278433,323525,328544,325670,314865,337205,326164,342510,345614,383040,354960,342758,337002,317113,345248,294618,375683,362135,340612,356519,332349,310635,342583,317629,325318,323243,367384,302650,332332,329194,359679,387699
304845,317571,313900,296885,319803,295764,353345,299905,315675,289511,314603,315472,305153,323912,331097,306629,301890,304817,308753,309929,332009,319222,314400,348581,293393,333814,320900,303340,315247,319801,322379,336282,332290,336287,299524,302294,337202,321819,346762,354605,313658,321974,335227,262753,343454,297421,312932,286414,301389,320377,304903,342318,286829,313653,332405,322592,337429,313648,329438,340258,280117,322527,334677,320364,282875,332736,321280,338800,307004,315131,324598,288569,314424,325491,299692,304426,297037,324529,299457,356739,336750,289494,310098,298297,325069,336342,316548,321356,310503,351813,292044,330563,313015,320290,336277,324117,266805,307432,296077,307172,289895,316679,270057,349724,356520,344594,314071,321395,293330,277815,314065,306710,357360,348498,335087,320030,328444,289650,310941,321577,326509,297896,338991,292970,326451,312708,334094,361968
298255,300868,303350,284634,301448,279674,329695,283125,304456,294188,303485,305422,305048,315308,325028,288690,300937,294726,306985,293619,316009,302576,304083,315786,280195,314069,324547,293096,299918,318259,323474,316014,331954,317171,282958,292634,312066,290998,318882,355175,307454,306455,319870,277084,337672,286955,323798,285123,284673,315603,290804,304064,272329,277190,305299,311698,324996,316060,303285,323292,252652,303732,328639,300033,281771,332289,317597,320528,293092,311656,308759,276647,288058,319624,291304,304804,283445,314472,283039,321191,324718,323001,279846,296377,327026,342484,316595,316830,302313,336017,270634,326794,312482,297095,326880,310986,260754,301759,292516,302052,280356,308342,274711,325246,327209,355684,310386,302768,292262,279578,325709,276533,323040,332348,304419,315712,307575,290794,299716,303097,295907,310731,319868,280811,326890,317800,318959,342757
327019,314778,312423,305324,335786,320177,353490,300320,338247,299814,311781,320856,305736,343729,351536,290977,304818,317993,318210,302690,340712,331950,329073,340866,309094,344092,317054,296238,326885,322635,319132,339100,368617,329392,312550,310522,331497,343134,332460,363209,324536,313144,337115,261142,369417,300720,329447,299334,296491,308285,305612,331134,286025,304802,355966,333151,335027,316757,321577,345328,280933,340301,331263,317742,310011,337114,344635,335962,284525,317535,332953,318089,313502,342217,313424,334665,320342,330696,310795,346536,326537,304817,309262,293721,343438,341683,338955,337757,327272,348924,318259,339720,319323,313718,336438,345771,277501,305286,316583,312095,296182,340414,293023,351746,346773,367325,328199,334719,319817,294810,320667,294721,359197,332246,332843,333934,309655,308980,333290,333513,317522,305120,354413,300711,315944,320306,333814,350927
317346,308681,295463,289612,298257,278895,343741,306531,318210,273237,299472,308174,310522,308319,323937,262069,293961,282269,314261,299754,326589,320830,297163,317369,287350,317688,330849,295433,310310,289761,297309,327525,331128,313540,295248,311522,309750,310679,322641,335545,307884,310401,317508,258485,354456,299679,316336,278809,284648,291420,277464,311676,276001,299569,319479,300977,319700,311219,311559,313456,280055,321815,325652,307188,288349,323370,329866,317369,293811,316340,336577,282108,312330,307385,302635,303094,305645,310913,278438,329822,311372,292233,299111,281411,336127,331712,304025,314401,287390,348941,296467,310315,300873,307387,328497,312976,270955,290704,289002,302391,277298,319250,275364,329758,323852,343375,310165,322838,301221,272588,316291,293220,331433,323842,323604,302931,323697,265157,291927,302711,288933,290912,343217,275598,310997,314420,303781,341055
293899,282957,286203,286667,286760,301141,339286,296412,315968,278792,286545,281688,309285,312890,305335,259410,289600,284906,303020,288190,322485,300325,275362,300376,274989,314357,303216,289536,293136,284705,299651,308867,318073,299807,283440,308577,297845,282980,301112,333766,280186,279433,304873,254159,337233,275421,307738,286187,273861,300436,294496,287735,264835,286646,311555,292828,303308,290201,300980,308201,256560,306776,322107,310794,289855,305873,327351,299626,290650,301127,302788,289288,295218,301300,289525,270258,305673,296391,279733,326991,336520,285922,281923,272353,333948,319027,295096,303564,294380,345891,282631,290360,276466,299110,312638,299645,265467,278897,275257,286884,285876,291143,280740,306964,310994,343179,279550,307185,308545,295341,301848,305089,325852,322934,311431,294032,320833,278170,303219,292375,301943,286461,334194,271739,295858,304028,310529,346872
322236,318412,319131,311134,322031,315680,352422,308208,328563,304678,318521,332689,307820,323397,316404,303842,314253,300188,334375,324709,330095,323826,296802,341790,306505,328085,323493,319586,323328,305686,338591,356065,333610,332732,309694,313044,332585,327921,340020,360590,329070,318368,323422,279444,370438,309068,315934,313100,300707,306398,292838,329755,269612,318411,346641,329682,333477,290946,334313,340179,268489,330733,354561,325364,287882,333704,334423,326617,301409,311108,313644,323585,309211,325268,327464,320318,309664,332509,307825,349506,341097,303957,316336,295483,331890,352812,324341,334950,311502,350815,305671,347455,318105,309874,336045,329107,257368,314242,308047,324072,290868,339130,298181,347393,343650,368729,311613,326400,289128,305692,338171,286298,362152,334654,324709,311728,340375,306987,337686,318298,309816,322151,348305,299698,320542,309885,335826,373404
297286,280514,310551,297771,302809,280716,314693,280468,307040,286921,305309,289349,295037,319413,309484,279060,299706,303530,312604,292518,325205,306647,292824,321137,267068,294684,315878,292054,286768,298139,309839,311648,324592,310091,297601,292540,301960,294721,320199,335505,278527,292141,303506,286804,331215,292676,300432,289935,292285,296379,289591,290201,260092,296357,302187,291437,315426,300819,318244,320932,254432,306713,320397,314239,282117,307033,296769,302599,311264,309341,308381,296276,290875,309200,294366,290025,282074,293925,270454,327611,315465,290175,284622,297819,318766,334045,302904,316791,289523,338544,265286,322718,296831,289749,330094,308906,261763,282457,301232,299119,263926,308050,283855,331707,319265,329214,300676,323444,289437,292272,324276,299029,333458,305727,314222,305651,307581,292671,311451,296189,290773,312917,346101,275426,309057,306875,300237,347139
313646,329823,303887,301789,299304,305105,347413,314526,328412,321489,312562,315700,318507,339355,360685,302073,315914,303016,310416,317573,350122,316209,315598,342454,299711,336778,333567,330917,330706,317860,329892,342662,336370,343818,323555,320290,339518,336754,345302,362189,313218,327028,333633,274571,354284,320447,316967,298176,303928,318512,310255,339790,291843,330318,336574,326571,347575,308951,330916,347293,286638,338161,337090,318769,301126,339154,333152,352974,294560,339895,335320,308832,330755,332464,297870,332786,319047,312766,305730,347987,344449,306182,297603,312247,346881,342566,340790,330449,318345,349615,303659,332978,308735,325753,343883,344651,277541,301986,311112,319590,298670,341136,283074,365842,356646,381703,327055,325696,318276,294211,323248,316540,347887,360710,324720,330798,315813,297779,316617,316369,313954,309675,340270,306937,331578,337577,346513,355373
309098,309974,287402,300830,313789,289619,338865,282776,326571,287660,323613,321392,290128,310430,341775,294345,307053,290510,303877,303851,326533,292648,303423,311975,304379,346340,312458,300809,305432,298540,315668,328414,347103,347333,300683,320458,334360,308623,323454,355188,304945,300687,323177,268208,349456,296800,312849,284384,274319,319000,300741,326142,284488,307686,334812,296197,332365,305534,311668,330460,263800,315181,342033,300802,297108,328287,332849,340083,288865,327970,302400,285221,312275,310578,301768,318025,295608,306141,295718,333330,323049,313005,302442,292229,327667,351024,328163,322368,313716,351537,287202,324085,302129,308667,327445,308902,264414,301146,298168,301674,279717,312176,288397,341777,337003,351528,311126,319529,301846,292071,321758,300984,333922,335857,299684,308026,315695,309108,310137,302904,310021,311274,324037,276520,302003,308738,327815,352072
334786,329006,308902,323115,333991,313009,380585,306929,338091,305651,321445,332744,313949,348043,355217,323695,329338,321529,334195,336234,360887,335521,326503,343227,304149,351819,331371,327445,353417,352346,340449,360254,374450,339750,309924,324222,334564,357968,350672,374371,330076,324092,340372,291727,370067,319343,341986,333111,320700,329977,326171,352918,284619,329082,341213,349061,341019,322806,349931,356301,281705,338757,352882,329977,319279,337519,348067,339552,317103,327801,343748,326229,328200,348192,324865,324855,346651,348564,323187,337977,363566,309800,301970,314907,375051,374008,320110,343430,333480,379992,313810,345497,329845,323031,332876,361898,292653,327564,330746,329983,315426,343186,306556,363671,354331,370087,339132,337009,335353,307322,340773,308026,368133,358021,347445,344611,338336,310970,336090,328351,330188,335869,363886,300997,334621,331572,346827,378699
298187,304814,282197,285738,294109,294753,352009,289747,328109,287612,290733,313855,300166,318581,338066,276864,294941,311164,305762,294677,340664,322434,295917,330886,294921,340064,314659,279378,329121,322972,312441,319315,339521,325985,317050,288263,307111,317637,324013,365259,306407,294731,323838,282398,353198,280901,312469,300832,288133,315835,294228,299136,288574,300647,308454,296958,330766,317299,320311,318985,273536,322554,331801,299259,297680,322256,331104,354297,302912,316994,312775,297261,309589,307519,294023,311111,307758,304103,290363,313836,334428,297273,293936,286371,339776,336419,320884,313574,305602,359444,299052,326486,307851,304879,316843,307858,264696,310123,295155,291387,288823,320131,291559,326954,337871,353134,300479,300648,285587,294820,305059,302874,334269,348352,314927,313344,308071,287092,315454,306697,303091,293576,330959,290224,306180,318551,332277,349478
304278,294131,290278,285410,291349,299202,316471,279091,299672,267112,298510,298114,308794,303997,309996,268858,295896,289578,295574,275454,325524,304719,296700,329482,275302,307219,297771,297746,297886,295040,285779,311566,305290,296921,299374,281112,297891,314553,316681,337667,299435,298011,311452,243261,336725,275296,290363,271666,290205,276794,283709,310997,279299,287645,316897,294212,321116,321706,326916,315219,250938,308026,310506,290235,265879,314949,295116,331064,275721,299283,314978,285009,290797,307910,273159,291536,279692,324864,292078,342355,307576,292509,284429,273632,321187,320074,318252,326209,294810,334139,290380,298810,300467,293427,318130,296224,251904,278189,279248,274045,262217,320233,292766,330209,307212,340663,303778,301802,283237,278535,318045,282007,310733,306600,304689,311262,312613,290537,292627,308055,300660,290116,342555,278783,293702,309645,292894,346610
320166,314938,303996,304939,296230,306543,352805,289049,314094,286027,303029,308588,304202,328067,333542,276127,315644,296272,292368,303059,339153,302618,284174,322660,302581,325623,315554,304479,335855,314975,323118,338766,337909,299273,283547,312982,317191,324262,341927,363630,309560,300108,326871,284326,323740,300788,324047,299348,300840,286855,307869,332253,273348,299862,340856,295106,327366,313545,324639,327844,259156,321532,330344,313337,289511,316045,315828,334537,296446,314056,311266,300499,310111,314428,298722,298722,329640,328260,286890,324176,331656,296213,299828,285330,339490,344472,323448,330493,317946,362713,298516,312529,305608,297168,317704,320828,270476,306664,303020,289465,293784,323593,289854,341410,329546,360504,302113,310386,316660,280795,315936,279314,342595,337574,317225,312767,324692,292476,321530,304998,316065,305998,335898,290669,313370,314568,324540,360115
305185,316456,318740,316872,314992,312576,367380,302202,308188,315375,311106,313566,316766,343221,329955,297682,320928,317472,305079,303539,334446,321845,306894,352207,312383,334214,335771,325614,320480,300927,329980,350836,329390,320803,303623,311840,326576,339785,350123,371067,316700,305884,340840,289728,348972,309527,309912,308689,328776,314008,317009,328663,290934,328338,342869,304090,349939,306876,327893,334574,273911,337993,335677,331948,300984,329819,323564,331495,314062,326309,320529,317786,331319,308875,305038,302932,314648,332184,302961,340711,333875,302750,303926,309289,335615,342454,335506,343265,326137,363015,318861,327592,333568,316399,332204,334037,271184,313301,308610,318645,316148,323863,286959,338901,345267,365795,318516,315841,296293,292889,309525,299196,349380,352709,318377,322575,338346,290367,331972,325300,322447,306945,350032,299235,325555,324172,334147,354718
309279,291096,308729,283840,302188,292994,338456,298430,332378,311661,303378,308528,311035,324204,341379,287386,306267,301696,315926,296706,322367,318424,283832,317922,297944,322590,298868,280495,314831,315225,305092,307419,341663,326194,325415,308281,307853,298479,309990,364490,309594,295878,325100,280788,359124,297435,320132,304598,286010,299768,283074,295121,260815,302516,307847,301811,308883,308795,312948,318319,263246,314721,332911,301158,293098,305257,328999,320020,292615,316381,312725,291821,297671,308497,295763,319615,292039,286185,288822,325230,314710,305012,308056,304441,338543,335127,316037,335655,292885,339881,286016,315629,306017,319489,318532,306244,268468,309429,303870,293422,273315,310935,271217,320627,327112,357818,328683,306350,295971,294148,328921,300741,330604,335776,314935,307569,314475,313569,309216,307381,310699,312510,335112,298973,306234,314962,319964,359072
310503,295184,269193,281653,291395,289679,345039,291911,299660,288508,295751,301866,305407,313223,315337,283053,285265,287620,295850,291532,310542,297837,303819,316982,303567,317884,327463,294083,299917,304501,320492,314400,329431,296890,295236,284320,316393,280551,321570,352894,304770,289291,323465,284249,344620,291769,314306,286680,283140,277515,281165,285909,263561,295036,312474,290209,301774,297432,303499,314700,248529,321910,324811,304163,282173,314994,305521,304202,282819,294513,308877,278019,294173,307707,292694,287952,287579,310374,285360,326915,322649,271902,299498,276040,326084,325583,319475,316302,270176,322396,283953,286418,290504,292758,312143,295686,252682,288735,273447,287060,294506,306179,272704,312519,318641,350561,300848,287663,295234,284769,309250,281033,314742,329451,310082,312601,310910,270782,313830,280859,275178,304933,314819,276794,307958,310452,306007,343300
333357,319072,336757,334296,319087,313274,365305,310604,334253,291319,332812,330651,314179,346950,342370,306688,328868,316782,329179,342498,363548,344370,331870,339061,324130,343010,349481,302804,344470,331393,317357,355491,355337,339904,331549,333103,343982,321982,354622,384517,325901,340747,321441,312410,374405,328360,335023,322498,318131,336270,318477,336404,290091,324987,339197,328580,343391,328589,310279,356269,281872,346717,355762,321042,303890,354556,344448,339881,321733,337275,348887,321664,326042,340809,325568,325319,320557,323115,315918,366279,340484,330211,316196,303933,349030,346837,345738,336613,321478,360901,301402,352404,312367,327161,359654,336797,275299,314949,304871,318314,286592,347072,293101,371245,358737,380635,341897,340413,319926,305395,336361,322746,357861,350195,346961,331131,329660,311930,322643,321204,305169,319495,346708,299471,339671,329744,358828,384430
305921,323116,306650,276406,309101,296789,330614,286863,325250,296101,306439,299921,311196,305064,320656,287450,295779,308244,291540,303332,337156,319559,308613,314875,299287,322218,331934,305008,306395,311426,314061,323784,322829,303973,303934,291830,303890,309285,325474,365360,305184,294285,321965,289333,355017,289241,311814,294805,298987,288130,298079,293642,271487,305586,331192,295379,328754,333407,321044,311795,263699,314356,314289,305582,287973,331680,331053,343709,291173,303082,302841,295626,299253,322258,292132,304551,296355,315395,286034,331578,330552,307892,306483,299823,346617,332568,320919,336140,285754,351721,279358,305025,309380,300758,328467,325086,262671,299296,286846,293293,284099,324229,287094,333518,340865,371570,327560,310179,294620,288878,326212,299377,335094,330382,304600,320853,313742,296405,294541,306318,302677,296795,344286,283209,312652,306007,314458,347009
267672,288352,296318,281583,291678,268391,325612,284570,295541,275205,290194,289394,288686,312212,314472,267939,280880,288766,303658,281616,312254,293438,293601,307586,275319,319573,300010,273897,300944,304522,300687,305691,323879,305345,291221,292196,298831,289720,322012,339679,293350,282953,313283,267499,320210,279942,302112,277614,286180,310152,298163,311941,271509,275019,321448,290557,320294,298481,321270,316411,255468,303446,319916,291694,279476,315063,315389,313891,273694,297447,303473,284081,297279,307662,274717,303229,278451,303993,279936,314704,314289,287665,275062,274142,313314,324898,291315,307936,291490,322458,272309,308475,304353,300696,306611,294555,240359,287379,299771,285514,274238,287624,272305,330513,325862,344971,299931,300106,277452,278021,297719,276655,323354,323794,319931,300571,281658,281334,298653,298958,289709,277175,318824,277760,305963,304328,308798,335366
298127,289955,299516,292247,277867,280750,322713,287951,306644,282836,283857,281775,286550,303703,300810,258968,297384,262735,275936,289408,313797,286175,271355,292457,271302,297892,295358,306820,302837,284873,292576,301861,319780,293364,283683,295987,319095,286079,327718,337709,280863,278947,321250,266435,324221,287771,272421,285640,289458,277694,287249,308929,252922,280879,311674,280584,310081,292042,300245,302217,251388,306261,297018,286364,265438,292872,293631,309486,266208,280085,300311,281003,314366,300348,286030,296122,271881,292633,268042,304724,308113,257145,272216,295760,323283,330196,311436,292276,294944,326889,282160,278310,280080,279771,299153,306621,254852,281298,278026,264550,262366,302985,264748,323958,310067,348716,302079,296602,276238,280161,307321,279356,308439,322285,292360,293821,310748,282195,305914,287940,272902,282872,328447,279940,288815,292622,309963,322002
293361,309656,291415,305513,299096,291898,330763,294353,306038,288376,298474,315135,309229,321360,313694,290343,298970,288592,286907,303175,331773,304398,284240,315853,288661,323240,307870,300196,309968,294448,304823,323535,320423,313917,288408,292065,306391,304658,341035,367059,289169,292865,317399,279653,339308,287445,294576,296124,298073,306866,300479,301977,265830,324014,324975,294070,345596,304083,318727,322178,257574,331281,318382,315631,274027,320186,310030,318425,288934,294479,301422,293562,318507,312638,280589,296556,297491,310869,289943,324465,327098,285430,288964,309858,323373,325139,321673,322804,282682,336355,290932,315652,316519,302884,327649,310021,260025,284744,284867,282716,277217,331890,271702,315000,341507,370310,306769,310629,285970,280039,302362,289129,338206,338083,308524,310651,312966,282447,306628,315130,304648,304930,343364,275841,309693,306311,316732,345245
272917,264007,270170,274372,291092,264905,324808,281351,295522,281508,280240,283143,281465,292447,290189,257923,287850,267920,287118,289369,307193,274349,283645,295270,281098,315822,290986,273549,290817,274265,284987,288195,307564,302957,261522,289593,280161,278815,315661,313119,273094,264504,295158,249296,322268,266840,271222,272815,274837,297425,276344,305168,262855,283246,303605,273358,306631,282037,287924,309704,258188,284292,298828,279678,274932,310168,296674,314183,274021,301704,283843,287034,301551,278668,286309,289489,262997,281762,261098,315639,290339,272725,278721,270635,291323,312232,291412,292450,283762,312273,271322,303921,284053,280819,294820,303879,236061,263551,268339,274548,266036,306290,258777,311831,315954,332098,288385,286195,279956,277563,280846,274353,319987,315274,287865,292905,265570,267362,300175,279445,290787,287934,307170,270069,298714,278618,312392,330866
322576,301307,297825,305835,316559,314987,352331,308209,322235,277738,307620,323968,311443,332844,334158,293369,332524,325847,324063,317885,344212,315189,312174,329536,308667,342715,323088,295645,311727,315372,316686,325825,356671,344645,305851,315974,338862,329286,332277,361131,330894,310905,326826,264548,349567,289112,325042,298157,305033,321719,298530,312845,281173,318598,318027,297146,312662,327779,316427,330371,281761,306624,336347,319235,287001,331387,326161,336288,300662,314578,316881,307545,313383,329592,308331,304295,294744,340052,305365,346737,338147,301118,291650,286262,336046,340813,316310,333606,316057,357959,305865,322577,296412,307308,350350,328272,279127,318782,306138,300665,300704,332143,274510,355836,325072,358493,324627,313385,318318,315785,320558,305640,340833,338745,318259,333735,322882,301385,322974,287141,311760,314550,357076,300557,301552,322129,327571,371378
325265,307333,294614,311125,312392,296768,332643,321359,325259,288333,314350,295933,286632,295586,337618,279638,310912,298456,291942,313857,327526,305366,297483,327188,296927,318678,319154,294321,310894,306348,314618,333007,332238,310176,309878,314163,315269,310242,329563,349857,299560,300592,324779,270863,334888,297994,298316,299656,306245,309716,307357,314054,281606,304505,330477,297186,330870,323006,314945,321878,259314,298892,330386,328758,288322,327327,314059,332448,292868,317982,317608,299061,307826,322213,297569,292939,286433,323969,295618,335033,329147,291403,288258,293891,329494,342704,312217,324495,313248,351926,298927,319139,315798,311447,347687,325191,266920,311815,309723,295442,284946,316434,273327,320717,325409,358062,317378,317510,318117,279295,299983,286081,340477,344307,335023,301244,305610,294474,315922,317135,320739,306169,340686,305259,332756,316367,301810,339177
311777,303865,303496,304964,316876,319770,366336,326013,315632,289636,314819,323254,319613,355798,331891,296325,306658,300145,308787,310009,353750,320260,307465,330333,303722,339471,321068,313957,334894,305572,315491,332742,333359,323596,302140,330748,322944,323125,343276,375909,298901,308124,338371,289624,345805,294387,313754,293595,316945,323423,318204,305401,287852,324525,331793,314670,329089,308099,320047,323573,280906,342849,331102,322069,301165,341224,331268,337726,321754,302971,341574,315732,318480,333660,284335,324009,302525,320386,295250,339565,326544,300656,289355,304685,358195,345000,323156,330290,308849,372231,307364,337560,324588,311622,329180,344715,276389,305410,315215,310171,286032,328224,296271,342127,341745,359748,320619,316022,312576,288166,320405,298465,336091,346500,343199,335297,341061,312739,329055,315276,303082,324076,337700,309413,320041,307896,330195,357434
318885,308258,315709,324392,307408,283950,361472,304887,320509,283332,321070,331683,314117,328347,326632,303924,314498,295808,303236,320581,343657,324037,307140,330539,293595,324220,308186,298147,341846,313864,322991,344660,350882,313008,312012,315123,331515,305743,346775,374940,317812,323408,349897,275568,362921,298785,292938,323253,310232,309983,291681,318166,271419,322133,331153,304843,347855,310507,317505,337688,277228,321196,343733,335786,298711,341915,334335,337723,303724,324039,335873,286368,301914,322091,312204,318875,292201,325751,303513,338733,329544,290089,306626,313665,334352,323393,332272,307632,287245,348324,298443,345883,309071,311271,332554,331543,282071,309298,305165,305972,284030,327371,279073,338523,354850,374297,335228,320867,302948,279320,323956,292710,343824,334393,331362,315741,307831,273555,329088,304389,309214,321538,349686,294318,313463,295530,314315,345999
314928,315987,315488,310367,305404,320048,358553,306870,333394,294961,311883,322745,317390,331884,322832,288585,307837,299693,327163,318500,341174,319025,302511,346797,293291,359378,342736,316863,316443,297440,335563,340876,334944,333758,309025,318052,345821,314141,333063,383366,317390,309597,340823,293988,361252,290882,311839,300441,304927,324711,302410,314156,279012,311405,336780,322745,341001,321391,315698,326062,262214,325695,342017,329171,281233,345962,322865,344123,308074,317575,320290,302515,329171,326243,294746,320323,292628,324072,292633,347086,318830,315258,312863,301709,342655,336416,335190,332661,305725,360843,305255,346645,322202,308319,337045,314273,275060,303650,293710,323039,288627,315126,277720,351617,334369,357226,305266,329276,305808,303852,327734,305874,338340,344992,333948,324808,342289,306491,331672,335181,296154,307945,329020,308791,305527,326085,339162,362067
345829,326244,333079,319812,332353,340925,365262,306116,336683,323912,342113,313573,326286,345047,344270,319016,329385,319247,337606,322993,374861,328800,322842,350781,322622,339958,317397,340494,359445,334945,336323,347717,366928,328988,334969,337465,336885,328882,328100,381926,328125,326642,336807,284830,373551,321030,345851,308242,320315,329697,310864,341632,295861,319547,356859,349103,342177,330775,361834,357687,295440,343787,357242,320761,314435,339270,349165,365792,318530,318169,335279,329785,316705,340346,317616,327068,321355,338008,330000,366397,359995,314370,332928,317453,350120,365952,345330,368786,323548,356714,308884,352315,323132,335190,365357,345785,269764,309464,321293,311620,306622,344333,320682,358938,360702,380279,337569,362640,330668,309591,331100,307649,356018,347103,328955,344339,345836,326453,336393,337314,329398,346143,370966,312478,346206,330582,346396,376137
275139,281638,267594,262433,270486,259757,300217,264511,274960,260423,278704,254783,271395,280507,286959,250199,279121,266031,275643,260563,294161,277999,281750,287806,279962,288606,273468,270918,284052,287835,269330,309171,288209,270688,280908,284362,279225,281356,286519,312785,277956,281991,280290,237372,317302,264967,271443,262126,258916,264577,270990,283741,267918,271718,303113,273174,285865,301788,287046,287305,227822,287989,285219,267538,268501,283501,292331,305515,252498,275779,293647,278855,260137,278668,270935,269647,271761,280152,266804,303604,301383,273109,269081,267864,316765,298278,296971,303537,268682,308509,272355,292885,280957,283896,311789,298289,250670,276306,277687,274689,260714,282301,245779,315092,292343,322357,294477,285132,282457,283393,272459,275228,290448,302995,292426,291127,277573,264377,258696,281721,283653,277511,306197,260361,274781,290878,284843,301486
289629,296095,312620,307968,307551,279207,335096,307586,307169,292808,306725,292634,288656,327766,310585,289067,313345,308787,304616,307153,333183,306378,315512,341052,295541,315378,315024,282678,298106,315252,322411,333356,348250,329470,309406,300777,326598,299986,321931,335547,288661,301358,334776,276950,348338,295839,311320,296157,304663,291670,287955,327946,262836,302939,330452,303234,331156,316055,309678,315905,270251,316930,326711,299972,270794,332293,313830,340791,315459,310380,309217,307572,312144,288641,292908,299070,279381,308446,288306,322867,320571,292276,293078,293765,326061,340869,317067,326190,306428,332018,281409,323135,320607,301641,336830,315079,259674,290938,314761,310830,281563,320430,291573,329408,335473,362272,315855,306278,304485,278236,308718,302614,351774,343593,315729,320791,312731,285176,321334,300876,305849,315744,342813,298065,308311,320047,317811,362413
285250,299519,301535,284547,280472,270395,328820,277155,324779,269951,297654,297673,307985,308979,302641,266108,289337,297447,307460,295172,320417,306920,287565,325966,273115,312434,309564,284120,297198,313928,308873,311328,326482,298735,302374,297560,287035,295737,323573,344551,300279,307764,307607,291859,328859,269955,304699,297175,281361,284315,294277,297912,261817,289810,298779,314811,305097,313487,296313,316001,259348,308050,340349,307854,267770,315236,313514,318185,277962,282089,295866,295977,280770,311475,296470,294720,284296,296462,280464,327654,321885,288398,274460,276150,327286,319128,288153,325879,298468,336076,276326,315177,297503,281529,314417,301905,262862,283872,290824,283869,265661,289871,252553,320383,317949,348163,303751,307077,300593,273454,308887,277488,330957,323928,321283,311549,301867,277130,294647,323017,292918,282300,324660,297695,293061,307517,314712,344492
330059,309486,305336,309151,321775,310324,381754,310114,330271,310421,321999,325966,324975,350490,341590,311775,328458,315446,337135,317706,365748,332627,308835,331561,317606,340190,332948,316188,345944,324396,319912,342258,350016,314378,314927,359273,336163,345635,338352,379008,331491,317926,336806,297715,357969,309818,330168,309634,315331,335418,316948,328314,299085,327431,343474,307514,328741,340808,337393,357972,304592,336865,346793,334671,311110,347171,358182,333909,317633,316848,347147,315802,324167,346382,322481,329812,321813,337972,302808,358446,338509,322043,312027,304144,357398,342088,328756,327613,304357,379653,330822,330448,338027,339559,353691,353356,300683,319129,297563,317785,299631,328619,298673,354037,346823,380677,354745,333373,324443,293938,321912,309110,361345,348441,344533,340394,336689,304930,334771,330123,314287,324285,345513,319936,327286,328116,338450,359153
290723,290854,284719,290038,295469,267064,326886,277717,297772,285115,310016,294845,290411,307221,307887,275577,290399,278505,312841,289338,319244,301656,296984,317616,295039,322338,310289,304266,301636,284214,288444,317810,321825,333199,298553,293344,305746,291157,310143,337219,308062,286537,314112,270863,356122,288089,292450,263367,298455,299080,282829,306504,273092,282493,307912,296925,322365,294449,306605,322842,254780,300048,307553,276945,277887,306700,317050,317462,278675,305361,311870,288098,301968,291790,296135,320499,273013,309455,287331,327197,299429,299171,291263,284991,325240,326400,296103,298889,287378,338898,285247,314248,292190,288819,301918,286529,251099,290368,306766,295800,265194,310888,274771,324137,306360,352590,307474,313476,287072,279597,306381,282040,310683,314692,303209,311710,297209,291976,306859,288115,275397,304494,335016,267517,295389,303091,310018,327518
310973,312522,342920,304229,315309,304601,359640,313591,332947,302136,319318,321116,312947,339550,313427,292274,328137,305987,338186,311537,352812,329248,321531,336322,306643,334487,337414,292363,319775,325925,322662,348165,335776,308037,314169,325512,325111,312836,353124,367628,317217,314663,336871,288507,343266,300166,318937,312694,316679,323108,302953,306870,294951,306890,340475,307974,344806,339913,329840,339405,288589,318436,356175,342138,290889,344339,331601,331260,300670,302958,313891,306727,323725,329395,313238,313588,309846,340151,302535,343105,341518,299890,307476,310695,349933,331643,335708,350379,295622,355868,286284,339260,330199,313887,344538,340052,283163,317443,322000,317119,283124,324693,288853,345965,348971,365257,333363,326951,303376,304097,318722,313168,366993,346504,343938,329912,324875,295287,332715,309996,305106,320108,342939,301819,323379,327594,339358,365191
288820,293476,283041,282573,275127,290931,333039,265465,299889,249142,284385,289119,286551,321567,318992,276737,292712,291968,305779,279340,314327,298713,278539,313784,284988,318854,287603,290038,312900,309420,320808,304462,313337,295471,279773,286540,284280,285389,318127,342232,304511,288217,307526,273925,333887,291943,303328,299817,265633,288104,283341,283303,268048,296963,294357,288969,295129,288420,304328,301401,255823,307036,323491,285340,293635,292737,300613,305791,286789,289895,292677,303118,278694,309805,284427,276275,300192,316962,268991,311878,320573,270029,294730,264765,336639,318348,284739,304864,271123,343130,270209,288949,295732,286758,295288,295869,256341,276558,283011,290583,263239,298082,261811,317286,327863,319623,293727,285636,291054,272981,317571,279487,322769,302910,307477,317034,303541,280055,308079,282507,286417,302083,318991,278394,293107,300841,319148,344321
308274,290209,300356,312654,314898,300213,342056,319040,338952,281887,304089,300944,294805,326974,326138,280738,294552,286389,297813,309419,333540,302521,304659,319785,309785,328946,298539,281466,332678,302398,315069,323831,335853,315146,297957,307169,316124,309441,333948,350966,299015,307063,333768,258063,337038,313182,315011,290301,284575,301565,293944,293559,262861,301799,330215,291868,315849,298787,318677,323328,279625,319273,329990,332317,295166,328166,345829,317803,288287,305416,318327,311476,305608,311536,290259,310162,300201,309992,294126,323170,325021,271496,296838,298352,316694,335538,332804,324850,303340,314559,300010,313924,305698,316361,330575,346180,262291,296462,311323,291015,281153,339089,278520,321990,342223,354535,306521,324082,307318,301354,304658,279042,347049,348648,335087,306153,296398,292305,316673,310044,294655,311259,343509,284019,315534,312120,329180,343784
317607,320847,317593,314671,307265,321484,369592,304290,336238,308410,318385,316786,311209,342532,342790,303486,316140,318996,313519,327920,350882,342505,313117,354250,306351,351312,333790,307731,333108,321994,335287,353393,342844,343456,320784,314870,344748,332077,335633,380103,330945,310381,334848,286679,360284,309075,324494,322690,305962,319572,313032,332593,271392,333378,349746,320149,340909,305600,320919,332030,280711,335590,353184,330334,291364,343298,329198,346660,313933,320691,328659,309282,327254,326438,316542,335876,321680,330402,314818,343585,341500,306798,301418,307924,339444,346372,323884,339559,324119,357382,307357,347908,314756,337249,338574,325927,273355,314732,336892,320960,294604,337952,283466,351002,356193,377739,334422,323698,306288,306437,329749,306133,358811,343700,341994,330860,320168,318084,329200,334474,314306,327085,346132,307748,317916,335513,343184,363761
330450,343082,316724,326502,351280,321251,384996,331303,345550,328213,340779,362806,327086,351553,356289,331833,339484,326958,345254,347140,358218,339821,343020,365870,329719,358593,335899,326212,345810,339757,343074,364682,367949,375093,330277,328712,342379,353721,347650,375382,337150,335720,355022,292995,383460,330454,345427,334287,331912,339868,334237,341616,306552,359534,367445,333142,359876,340578,347630,361815,305782,350437,359968,353108,316043,365100,360642,355950,330195,338367,352377,335475,343602,356975,355992,342488,336107,345825,337498,360562,360307,322467,331077,322837,364183,380613,359469,363538,323056,363850,322088,355277,338433,345250,376636,350854,275492,336432,334686,321125,323554,380462,308165,374178,375966,384191,343164,363536,331036,309179,357839,321248,389507,377238,355069,334768,338864,331333,346341,333449,337747,341442,376337,312643,354355,324626,343424,388879
350065,342105,332695,312439,348553,318717,374251,322259,331130,319000,327565,326711,329995,349389,359831,317232,311945,323186,334540,336496,358048,326566,330001,346342,317152,359505,354937,339110,333101,337374,340254,351873,355498,356356,305854,332881,344062,337943,372227,383741,329658,316620,346980,311833,381847,346753,342846,315347,312700,328035,335012,341215,289858,340512,368016,338830,357946,328489,327102,364018,296487,349749,336182,325726,329283,363484,354971,346524,309757,339888,351818,337406,343876,340501,321900,326440,335079,328996,326307,360566,355069,335670,328634,321468,358048,360678,350239,347215,332137,384358,318587,338013,337083,350137,361273,355713,299342,315999,308648,319411,298694,350511,306920,381924,370695,392273,322022,326272,335298,315843,338046,339510,364373,368774,352969,348310,345491,306832,323157,331950,323403,339150,363620,319991,327192,348996,359599,385155
300330,301420,286271,287623,305477,267115,342484,305220,312012,282996,285043,299041,295057,306457,316475,296650,294428,290244,304154,312614,317601,287336,290443,306918,280384,307527,291629,279835,295788,296672,299921,332012,328486,318572,283628,314109,307370,295871,323469,338462,312691,292249,325612,254941,338862,289282,312336,296070,274831,289279,296458,292644,255207,286948,318021,299651,305799,300897,306824,308696,265254,322252,315464,301335,289413,315914,332793,307731,260594,277008,306535,283229,295512,299061,290921,287790,289871,296298,277389,319381,325423,276221,274297,298595,335566,322768,313497,304437,284953,318118,292863,314988,301400,295694,319528,321121,264847,280809,300003,294972,264358,303908,244772,323507,334319,354939,309473,311672,286695,278951,307934,272182,336365,334335,308557,310641,310937,271820,295089,267715,273331,314446,337864,276697,295921,300157,305273,334934
315844,321850,325881,313480,318524,304266,351940,292613,329751,300929,313316,319025,326158,334988,342564,301434,339371,336846,322749,315387,350128,328275,311219,347199,311930,332889,328695,307847,312430,306837,331254,325541,349206,346489,314884,325789,328724,325098,346564,378516,322850,308965,334733,282974,354505,300816,312405,306808,306404,318314,315825,331099,287156,327262,329631,315331,329877,320352,328181,336144,265652,319095,331938,337249,281780,332847,326268,335110,294524,324278,311486,321649,306983,334311,295924,316962,312420,324522,308658,332776,351303,298566,318266,296867,335765,366466,331244,353926,323961,343665,314278,328901,327338,313606,350305,350271,267542,306320,317720,316309,303510,324067,289299,350958,332117,360564,336560,317252,318416,305616,326434,309512,363497,346335,304432,343512,332633,305792,328815,309246,313934,326707,362779,302730,318283,342061,322848,374422
258692,292234,264862,254395,281265,273984,306450,264509,288910,261004,276506,275567,284785,287807,283471,272161,273346,266586,288381,274375,306149,285292,274970,290250,254420,300463,278713,276796,291246,291402,278976,277867,307729,279015,272087,282634,290731,279273,299047,336811,288599,269990,298112,236342,315667,238078,281249,250598,266995,262689,273341,299093,248883,270445,289105,280488,286226,297099,297130,290649,238635,294288,311943,281072,266178,282919,301154,312847,265962,258801,274623,263133,265656,298263,272302,271294,283517,294723,263283,313725,308374,261863,263954,261721,304527,304133,289098,289898,277809,340889,267199,284846,259432,272575,289245,278258,239317,266882,275945,279565,254348,277119,249078,298590,299386,332624,292398,280666,271491,264229,280032,273111,285560,296497,291582,305241,301056,268466,302318,261649,273182,287312,309234,274831,272373,278407,296593,336576
325834,308033,308260,312691,328464,303534,361919,306769,337384,298895,330938,314007,310525,345366,357185,301046,314570,328371,334100,319726,340620,314941,322627,344674,311152,354141,319387,317988,351614,315153,334207,340891,360920,332935,319713,339251,329483,352677,353691,378210,317408,332224,328123,290190,362906,307484,332888,309254,331867,329549,321189,337863,304062,323642,350402,322410,342851,314269,355561,355565,291925,339450,351603,339162,317665,344781,361036,339751,309183,329620,350009,332927,319967,339430,323629,339336,309068,331051,308800,367546,345983,321158,303204,303329,337452,355417,332596,340530,314353,343124,322300,341259,334579,315107,357644,351495,276183,307523,325926,321647,301492,343544,301686,349918,346709,378241,340601,347385,308127,312418,335621,304906,358928,332941,341828,333480,312945,301098,341621,328863,315755,315174,369632,296060,328769,321157,341140,354869
317884,318539,303433,291876,310414,298585,332190,293440,311720,282901,304187,289293,327129,314316,324656,303907,314773,297302,318995,311324,323920,304335,313068,322909,285422,334804,322711,299503,310380,323237,324719,330266,338071,326348,290489,314563,325974,324956,337574,352905,308245,305213,338596,275699,368969,291337,309249,299650,289625,308189,326105,300864,273851,299517,323403,320044,331017,302688,322318,334562,270752,312877,332885,313647,288230,328339,323544,318262,297797,312774,328076,304209,294301,325531,282101,303285,302459,320788,294079,343826,327746,303037,287744,287331,342088,333770,322040,331714,299941,332084,290964,329775,309976,324703,336732,321539,260916,299599,283255,298369,285950,306357,280889,335509,332757,341017,317054,307256,296464,293523,321174,289548,349975,353360,308055,327608,310230,289205,308415,315692,298366,310895,349446,289499,322158,331380,325244,353503
333028,323626,312166,315840,314719,314797,360417,289245,341209,318004,330896,329803,323946,340613,346482,313019,328205,317210,332718,314860,361391,327934,309064,354745,314398,369546,335942,325552,334470,320127,343167,353992,355509,348788,328607,317766,339758,336904,339508,371127,320472,322715,347586,291860,390098,320098,333742,301719,317288,326977,313278,334348,294641,334920,349126,334393,351536,324266,337185,349431,272570,347245,344279,317195,310949,328982,346434,355337,311779,343246,353384,310668,328794,341400,313151,327923,325466,325571,314824,345328,334774,303114,315382,317673,370510,361183,340131,334077,329381,358450,319801,348653,322161,324420,337562,329230,294412,320065,325577,326678,292070,329805,297285,375933,353466,375308,349798,337127,306391,317403,347226,322247,348033,362299,335182,337089,334078,326300,330004,331986,314401,327754,352670,300823,334658,344313,360253,355038
355701,352410,360297,330391,344734,337358,384591,341186,378704,316059,335977,351971,355620,355779,376463,317609,341253,352127,344806,358558,385175,364575,345708,369597,331759,369360,376460,340973,366741,346357,349410,371591,392581,367061,343699,343831,369709,348240,377632,406182,357055,345023,367020,314204,399755,333687,372751,340928,332031,343406,346431,355077,307175,353321,374784,346232,362145,369033,366780,369651,305604,367403,381196,341558,340806,381295,377032,372393,326171,354477,353456,346410,343566,371396,350064,343934,345193,360045,305745,386778,373314,321796,325652,335924,395262,380629,358187,374470,340497,390863,340670,352460,351610,349888,372046,367175,303502,336899,325440,335360,334094,372866,321878,395491,389462,412916,373794,355237,335962,337402,370370,334711,380325,375683,350569,364232,339015,329238,346484,344640,340486,360608,392211,328866,352880,353313,362005,416649
303919,279611,282488,296030,297561,290576,319975,292814,301573,272743,296877,280685,295456,297163,305517,275036,292015,275013,298461,292636,315939,294177,283341,298263,285174,314514,312916,301435,297120,279342,295107,310429,339381,311461,287594,289557,304679,291021,311349,341783,285853,283168,316433,264608,341427,285381,287292,290573,286754,278875,288908,300006,258184,296094,329256,295099,300661,305359,306477,295767,247523,325736,302162,307022,280478,305679,297076,303933,275683,285983,306801,301237,291287,317632,282205,285251,283971,308146,290415,317908,309881,275022,301930,279974,316199,327042,315759,315366,292256,335770,280396,296262,292249,292015,327579,304328,257410,285196,279671,276052,278212,300315,264817,339553,304702,338240,299039,295148,297072,278235,297748,277817,316799,327205,308526,301005,327301,285684,291490,293260,275769,305120,315080,291887,303230,305934,316570,336704
331046,312808,320451,319256,306436,320120,362472,313029,326592,303672,325562,340626,318892,336353,337175,297945,321849,298788,333401,330434,347879,321028,333393,344272,316544,335669,345911,331195,344725,329261,340890,348942,361093,323783,318096,307459,354367,332249,363726,387495,306995,335056,327420,299307,366300,303928,316042,305485,318234,319796,312628,322602,295282,321631,358215,305889,339957,325557,327330,345609,287527,335896,354124,334644,293848,340427,353446,324846,323697,314267,330230,320168,319558,365915,309878,337763,317995,336429,308937,365692,335759,310073,303649,322535,358848,348533,341883,343109,311419,359734,316145,333397,319705,316505,335807,345817,275089,317674,308966,316862,286928,341340,303570,348484,365871,361833,327787,308898,321525,299639,341524,311817,368246,346914,331210,351229,345402,318964,347044,330697,311054,313350,354399,309558,332354,323426,361441,372664
312323,322697,321555,298358,308450,300773,340989,304450,312595,289039,316052,315519,312327,328542,329159,300907,315587,327385,311068,323067,348553,307764,319209,319036,308289,321255,327871,298604,335287,316390,316986,334956,349624,324637,306508,326572,322786,315426,339373,368546,309707,316296,324958,276830,364808,294614,309896,294831,306431,307619,286967,325255,283702,307750,341070,319122,330154,308199,326015,332874,263188,327994,330366,301696,302736,330486,342603,329475,312744,324529,315524,302803,293711,318419,308497,324934,309264,329454,296925,340915,324781,296502,306712,297286,340126,361048,324252,327181,303166,345263,285113,336978,310465,298453,327661,329258,265084,289842,314690,306728,290116,324580,290607,349094,345762,370400,314822,325127,309855,298671,333946,306790,336657,327695,320545,334537,315858,303065,332320,288701,286187,323018,342727,288834,320210,307591,332086,360022
300705,333834,291852,299502,314904,307650,340755,283700,318938,294628,319304,308748,310794,330827,328106,282988,294777,298578,316084,307833,330378,312710,298357,331623,299876,324310,329355,314926,318479,308035,316850,334685,332208,324464,299074,313561,318330,316680,328496,349523,311296,310101,327992,288202,344234,293953,325809,290019,292815,299831,312019,319030,264816,322714,326018,314246,321963,301680,332395,340200,283771,325932,339751,323156,300080,324349,333194,333202,307460,289518,316663,308731,307324,316255,307280,299784,304394,315260,288542,339002,336666,302420,302279,286338,336618,334945,317922,346298,297253,350041,285425,326938,317093,310751,345744,312811,256405,296745,312686,299299,299931,324552,293241,340102,345343,345350,318254,341658,303156,286604,307360,292277,344163,344181,330987,315879,311919,284213,303732,329318,300612,304113,341001,284158,310307,305598,311610,350538
316604,321062,306404,313445,320989,315051,368055,320357,322118,310972,307557,324245,324687,349831,330346,301198,315886,322149,314906,316341,346770,320523,319311,348569,311794,347683,324592,310794,314497,328954,319408,345790,361087,331129,303781,333022,340346,334705,336560,378985,325702,307404,352183,273752,358799,313097,319574,307448,303843,326184,303223,330556,303399,315858,335915,316071,339315,317291,334245,338947,281635,335016,334985,319842,305928,344513,322954,354365,302467,318954,326222,309403,306949,321343,305800,327511,323367,346301,300646,339610,339245,330003,295164,298453,346787,353287,326051,345276,314641,360456,306814,332418,319561,335922,330336,335547,284422,314717,319679,318684,296854,330214,300077,331186,341134,362718,315875,332327,317833,291601,316451,294262,343023,332472,329965,338970,306961,308455,330186,316227,284979,331642,357185,314815,318314,339416,340179,356017
333898,349819,329909,310791,329317,321346,370964,299532,343851,318087,328722,316830,313854,340072,352694,307948,334470,330541,334338,340889,343054,354032,325950,349070,310328,343973,343344,330045,339922,322743,336430,352251,360592,334257,322561,327191,328781,313789,347465,374845,326620,307754,343470,293140,383355,312484,346888,329587,310921,319105,319900,357110,300073,340255,370936,330550,347648,324667,353573,350676,276177,349664,343662,334188,309258,330283,337670,353206,315159,324627,347455,319540,333057,342189,336559,314847,327802,332186,325787,367776,359963,315275,348923,322337,353289,369111,350889,344665,301794,362627,313978,353496,335654,329771,357747,342526,275667,314759,317412,310074,318949,359864,295297,358542,358149,368401,353252,339002,319755,288665,336727,315763,359147,351454,334311,343254,338000,300294,326056,328793,334317,341909,371572,299835,348834,341935,328203,391125
307662,317157,316950,290083,315652,319275,332766,314631,318653,292999,292849,303156,317761,308155,313162,297955,299647,323625,311037,318673,334822,323042,307455,334962,286895,325659,319746,284779,308166,315003,318539,338379,334591,333678,313974,315247,331738,307686,329321,360475,314078,303773,334168,283698,352149,291638,306469,298643,303313,302019,313465,300302,274014,321479,320141,310735,323991,304534,309041,328034,279856,321035,343682,325093,278032,335920,317474,339186,323790,299586,304074,305690,297092,339084,302700,308466,296122,329782,281019,346228,330962,296753,284058,278769,332656,355669,308641,317994,304610,336047,280742,316084,291396,317930,339323,307753,262822,303968,311449,316115,279346,323022,268692,330915,329923,355995,296894,315551,306593,282369,330352,303824,351780,331993,335178,332085,315865,301664,315881,306405,306993,310613,353579,315599,320757,319664,330413,356013
302222,294087,319715,288175,309904,271053,351189,292370,316400,274983,308337,299873,296248,313308,311549,287318,305554,301305,299659,315413,313090,312852,321210,311514,279605,324033,330074,307482,287024,316156,317764,335919,339993,314921,294200,308799,326833,314989,339423,346061,296268,291815,308259,288765,334871,307637,301818,301272,301805,284874,284982,323112,272428,308960,327181,301926,325280,291140,302836,329451,278484,324322,307130,304794,260551,348702,297507,320943,287477,313640,315942,297150,306893,312712,312802,303272,282817,313174,302957,315930,317018,291657,301751,291747,321457,349161,320883,325154,290302,343602,272923,329851,316318,301925,321058,334379,271329,294683,282367,303024,280184,331624,283333,340183,325660,349851,322861,313249,297071,271744,312445,286686,343051,339220,321909,306849,306378,266443,291222,304653,293778,306401,342387,280920,308057,305358,337695,337262
287501,278775,287060,272162,284430,274571,303915,267108,283002,260917,280205,276986,266646,273213,286593,260573,271889,278554,283717,299554,290525,290457,295567,281911,252724,296209,290087,276023,266414,273241,296976,304369,299383,284389,290836,280800,283561,273205,291652,311577,287454,264548,296893,271451,309500,281575,292480,273400,279047,264661,274616,261485,243436,284195,294915,269618,302563,278585,284445,301954,242578,288712,296880,289401,254752,295403,288465,287696,274618,281491,290679,279750,269102,301018,281850,268523,275582,293432,258649,315179,302877,273741,258114,270340,312296,305097,270070,304487,267037,303718,260659,282586,294183,291945,291987,284937,250719,286431,261735,272741,259057,304847,248084,293865,309358,313749,309414,277993,269164,267251,300211,260548,316686,304197,297452,281332,275457,243710,263804,272219,285125,274579,312846,267881,295118,283379,303072,328660
313977,314544,308706,311711,325313,298994,367803,304832,319583,291554,301237,318984,310718,352000,324071,302494,304786,307044,319111,312718,340900,335377,299766,337650,289336,343330,314004,310294,342396,314639,332327,337727,357507,338635,297802,302397,319558,323942,337107,363619,328503,310677,345583,286770,350962,300770,306541,303731,320413,314983,310350,328644,277488,315070,334218,318438,342044,324231,332298,349424,280360,327349,342070,312270,308754,331991,329602,342912,296574,314758,332385,296519,314293,336091,306292,331271,300203,335177,308940,351588,330078,319856,297156,299379,345280,338816,316583,315720,320627,362402,306671,332405,329319,314269,316335,321321,276792,307066,304060,311665,283316,325328,288745,343190,334352,368529,320072,323569,321145,284377,328666,294447,347379,332974,329035,321661,327405,305178,347981,321026,319689,311674,350637,305716,325519,329213,334859,348783
316346,324495,311354,303712,331037,317556,369555,321801,321708,309114,342083,322995,290406,348139,323716,299732,322474,319266,334669,324020,361348,317082,316933,342348,320015,332990,326245,318844,337377,332050,322238,340730,352191,336601,324107,329670,339631,328397,336870,363725,331016,317075,332698,295566,360402,316460,318530,317332,319339,333402,335198,328767,305123,319525,346811,314998,344443,323138,318608,356633,286092,327243,343331,306525,289559,343653,327295,351006,306736,308497,333767,320672,331301,322876,333661,321140,319050,336564,312404,352174,345884,294552,313685,305485,340076,362907,347108,336114,305187,365359,317912,332506,321934,320429,343380,327447,274233,290783,309725,305644,303963,340133,308030,366488,347549,384774,316431,341050,330095,301589,325987,307952,360036,338464,344363,321269,329896,290024,341599,314432,315678,310555,345223,324143,337054,322962,330710,361923
314573,297341,310365,295747,324432,315896,353927,292943,311113,307396,319564,320136,319553,324633,348263,281556,318430,301936,333214,305566,337380,324033,299793,332701,292894,328843,328354,319077,330719,320631,331313,342713,330129,323617,317456,315937,324804,326542,333742,380411,332999,323590,312527,297683,375696,294456,296917,311798,303525,304814,311299,333175,278656,291675,351726,315728,335044,334513,339988,344208,265713,317354,345526,308120,283359,317134,323186,362268,305460,316902,348227,305789,313225,332656,293281,318997,292957,320994,296481,335448,323499,329837,305947,323743,357515,342266,324528,327229,316867,360504,301876,338398,332846,299667,320769,337668,277818,306199,324848,309858,282785,324704,301923,362345,344776,362511,325653,297898,304429,317069,343928,295914,338197,319216,326153,328688,346901,306734,332683,308237,330281,313296,355327,298381,320284,322102,353440,373916
314569,303920,338698,298775,315837,298416,328413,293755,348067,301508,309395,320454,308762,338053,315230,288615,295314,307611,327775,331129,336431,336163,305209,316529,305825,326619,333880,307392,324362,282923,327952,346008,326839,311600,313492,322442,326504,311132,341357,348394,337870,299476,319394,298462,353292,303288,322097,303824,308601,280026,296790,303515,272271,319408,334424,296409,307816,308269,330081,324187,276254,334658,326697,300833,285531,326438,328957,326734,297783,318410,321826,298122,308688,326105,324865,322807,285925,305956,288706,343915,331403,304122,303026,312342,341307,333031,333286,326525,313499,347656,301529,314707,306757,311844,334478,323370,278024,302291,304742,300642,264767,343499,286958,357667,334291,366371,328340,326200,292262,287991,326001,303760,346323,316947,337475,312613,330539,296189,313989,293122,300339,310446,346296,282460,323383,311208,336261,357263
336666,315072,313231,320714,325472,324861,359288,296979,326221,304764,313005,320868,304640,334031,346919,311035,329442,323049,309210,317209,342899,331565,321823,343315,297633,343394,314948,321793,330241,335994,335371,341131,352290,338911,309349,324826,343443,332376,344243,376864,308563,327993,331468,292787,362236,325780,316367,326954,322589,326222,325985,345507,290728,318550,353298,334286,336779,325427,320052,341607,277331,318543,346767,318834,293515,351918,320617,352598,310940,336357,329627,333397,317387,328145,309249,310756,310934,324534,317792,340177,352620,319106,304410,322356,348881,360435,336202,359511,336383,351032,314526,357931,317351,318882,355212,344296,282156,317830,311232,317978,304382,335569,301541,358129,342563,360618,321288,321470,312540,311908,331367,320952,362802,348899,325026,331048,325380,313766,335279,331020,331539,327445,362647,317820,324626,343294,339851,371824
350810,325400,337355,321339,321694,327839,376433,321211,343130,317586,323327,337037,340136,349977,349479,321105,329763,314487,335336,331653,356933,345099,331420,353478,323966,353684,336967,330958,349546,326401,342313,353453,357419,332559,340408,338527,355393,337324,354976,404346,341272,333837,360300,294059,388343,327651,349801,320762,310655,341658,313131,329913,302361,329898,352551,339666,336515,325646,337447,355141,297765,356146,360385,339748,312149,365136,360345,360066,313576,317898,369719,332616,314512,346326,322452,340207,318068,332414,327169,372513,356718,327531,332985,303212,374686,371810,371293,359316,310872,365535,310671,355490,308023,343161,356412,341053,286897,329426,322088,332291,308893,336856,307742,363653,372104,363817,340127,343436,324010,308208,341740,324676,364943,355609,332075,355626,326309,328555,326903,344833,310171,334530,364910,306004,332922,325802,343458,375323
295387,299851,293153,293424,311128,290142,339712,301204,297273,271522,280495,299734,303880,320797,305541,292485,275538,276830,296799,282380,315773,306218,286762,309196,287393,340880,309094,290956,306477,298001,315232,320776,313180,313514,288012,303462,317201,300969,319872,351602,314209,291861,331084,269753,344281,301578,299639,290443,296986,298838,290171,305245,265086,299897,312339,289307,311886,291918,295528,317038,269268,322088,313451,289899,289554,319277,306387,325361,295588,302204,320648,279669,313079,320221,274243,305982,296430,314724,275009,328140,308631,286446,288541,288049,337970,322877,322712,311792,280493,332613,296282,310473,300815,319299,303281,306420,265540,300956,283482,294372,274884,319848,266547,334947,334002,344528,307212,302474,277400,282189,307447,291374,337872,332378,323214,320301,315474,295719,303421,294924,284208,298171,308839,279191,307493,299685,319000,348687
285763,292865,282993,281817,291063,262132,323668,286526,299544,262970,270871,291561,285371,303624,307001,276327,280243,288534,285132,281758,315679,290480,274757,318665,281588,307479,297046,268929,283427,294755,303281,319967,316248,311802,288364,285017,309333,298655,307904,320452,305770,287308,320290,243254,333776,297883,288183,277386,271439,275418,255161,308644,253961,280103,289437,282592,304754,283763,286432,311009,252191,286634,306871,279901,281654,293733,294449,322458,268245,293134,308444,254018,285004,283601,266379,296007,277085,300938,294960,309987,277311,272752,269569,252331,326118,310404,307747,302484,287715,324812,294701,309302,282764,311153,310892,307603,241603,280699,288459,279861,272877,312036,260969,310513,305008,333514,281592,299598,287377,259796,285338,278944,297947,310465,290899,306623,289440,278482,299615,284794,264780,293617,314296,268109,284560,302984,287724,326601
332340,338124,319018,331483,321505,322298,371039,318568,341663,304603,328558,335392,345104,344049,358970,317137,343918,332696,334345,321694,354588,345976,330825,373930,324559,346896,342882,330345,337008,331056,352149,354439,359542,356604,343193,339066,351006,339955,358623,385797,332101,338323,361486,285167,384507,322387,339554,303653,321258,320301,330926,338207,294595,337093,354748,345243,361366,342442,351533,359123,280542,341127,356695,343569,321757,347100,357056,364246,316874,341410,343580,335671,321419,355403,312576,330887,328543,347499,316131,367169,350766,308610,326792,312499,366538,373484,347143,343712,329539,365935,332279,350370,329718,337565,369973,360423,277491,320988,331399,339499,315340,356578,306562,367968,367991,378846,332267,347131,337322,313449,331845,321777,382456,346123,349319,367190,335297,311207,354896,317068,316249,325193,363719,325429,352487,352039,339698,394798
287618,302178,297337,303060,300637,303364,339906,297130,305651,299541,322191,285086,326214,329511,325351,283609,287452,284178,328022,274998,322791,316470,295812,334299,298205,323416,300622,305591,328333,306133,291396,317689,331029,317315,306297,308844,302202,300889,330468,368860,320215,311217,320277,284745,347903,286812,309801,286605,305529,310077,296041,310869,256977,291787,320262,308985,317424,294546,315971,334591,254584,317287,325972,298181,275224,329159,327640,329384,299879,315122,327864,329039,311432,303837,308164,309490,290841,316390,293047,323073,328580,300749,281015,286601,323532,338590,309727,325871,290023,340939,293838,313944,321739,309993,337848,304133,273258,304009,309930,285350,265231,324575,278987,335397,327822,364011,312926,327899,286180,292783,303788,282458,328448,320183,328231,322282,332749,299368,302607,300113,316488,314987,347770,303694,299250,306036,309840,340085
297244,291044,305384,293818,295169,286700,340142,286964,327542,304182,320257,305946,311063,325642,330952,284752,314531,308568,324215,310801,320762,303214,302370,323745,298880,327609,318189,296789,299426,300202,311031,345841,347045,336755,301675,317020,325879,322093,326736,358849,295286,306697,310502,291360,342582,288123,296830,293166,298870,300117,301096,342923,265912,312256,322597,316527,329755,303397,323471,329191,267008,324621,331580,320033,287013,326130,327255,322326,292850,312596,322493,309941,307721,327808,314829,319043,282415,282211,292198,332743,318860,303051,299229,289076,340579,343345,314923,312325,317137,356987,289134,337509,305225,304408,332443,327584,260024,301544,323069,306339,286653,300076,274689,345198,309489,358256,306788,321667,306051,299117,314197,297372,329361,317306,323443,313725,311144,292874,324117,307550,282176,308586,345986,297892,306696,301339,334831,335081
287019,302414,285758,288681,294675,284693,329604,286025,302210,270595,299549,299935,278816,301909,295829,277790,277577,283461,298268,307646,312242,290872,303565,318516,283085,314927,304769,300810,297987,282148,296134,316267,332123,317335,283075,290462,299254,299876,322562,349215,287757,294249,310620,269087,334182,279300,292821,292032,298070,300326,287657,287214,261962,303745,329987,275420,313445,308326,288121,320389,242700,321643,304286,300350,260694,310739,312089,329384,283121,288959,313924,294443,279349,315904,294639,272967,290328,287937,283753,310757,311714,282354,276408,281629,324943,310086,324473,294861,275504,322153,276696,307661,301849,288482,314876,311106,267024,281091,286650,283306,259071,317108,265534,325368,328437,338606,298675,317007,280719,261806,312069,274665,329340,322463,299064,301071,295024,265236,291450,294113,292923,294087,314443,274664,307839,278648,314902,320433
309849,313808,304945,290706,305800,299157,348523,295469,318725,290087,304850,295811,304367,321249,327304,277256,296212,291131,304043,308155,312615,316717,313181,336582,302833,324044,317081,297198,306706,313830,310270,338885,325949,311608,303327,288737,321717,303100,316552,370878,294327,293245,327835,263260,350846,300195,299216,294376,271045,303396,296225,321164,264812,305294,343598,301001,344659,307762,306160,324366,258480,329265,325716,306779,280868,332383,318156,321193,278431,316046,314083,296336,317515,308315,289965,319782,302063,312700,289867,331416,322116,298178,309959,284278,327196,337069,326844,323032,289968,351143,297505,314203,323229,297771,325407,315424,270758,299634,287904,302219,276650,325108,279550,339463,331149,353011,314540,299823,283929,283876,323835,295191,338089,332128,328158,315300,322573,288590,302629,324868,307808,302798,325875,306907,298122,316599,328477,355195
294180,290401,310256,290595,286907,289707,338916,277033,307977,280505,289608,292445,303524,308932,303752,285178,300577,286442,304331,283591,318434,290599,275080,319567,274265,325064,323386,287259,312324,281181,308819,311105,316446,314276,282703,309052,297918,304121,326170,339394,303426,300693,312403,269761,347961,288369,308487,279996,285542,297950,275525,285462,266327,289323,311741,291826,312647,296458,302548,305250,271277,312942,305400,288765,274086,310928,315949,317528,293946,298046,309129,288901,305919,308497,284036,304909,284670,311046,276605,316431,301536,280862,293752,279453,328805,324891,316490,314057,287980,329978,282679,308546,306359,300323,310140,308982,243511,274995,305509,269903,264418,293674,280317,331128,318456,354366,301797,303206,294664,280498,303533,280251,316045,302481,320311,316687,304435,293248,300989,288879,280601,306652,323197,278930,287565,300452,306268,331274
314112,344471,304225,307437,310711,311638,348468,307109,337743,301529,318301,313944,313952,336578,345670,303569,339797,309277,321578,324594,345620,321384,320653,342047,306341,327403,340426,327639,334947,324383,332263,342948,344448,331357,299835,321217,321778,329874,364777,369728,317604,340587,338624,280384,361620,314579,324786,304812,307387,304979,331722,328121,299041,308874,341499,310241,347153,338007,325850,347285,278619,318194,342037,332343,320278,324469,342501,352588,304618,333855,326114,304792,328585,330801,325184,301407,337396,326547,314437,350030,341741,301423,307245,299204,353745,354550,353799,334363,328672,375568,319757,344247,301332,325930,353938,340371,282401,306554,310264,324416,311082,330688,286346,359098,356963,376143,301193,334695,325048,320363,307734,329044,347936,351934,347311,336192,333112,290126,352830,318243,313731,314745,358663,294145,330316,334551,320394,372772
307613,327519,324251,304414,289388,308392,342499,302900,325118,287146,309093,313511,312604,329783,324055,295177,312967,298515,336104,304951,339912,312302,298039,325606,282255,343516,330076,315698,312046,307115,322926,333523,328884,339023,296222,310970,334154,322664,337667,364272,314440,316872,328876,278661,354670,303581,305945,289524,311594,324270,324844,327530,271793,317463,334460,311745,344382,308037,332210,339310,253170,328212,344873,309850,286912,328745,315422,311777,293795,301796,329192,300989,326540,346483,303851,310417,303272,335920,307804,368122,330647,295456,309836,281547,351481,340812,328306,327140,310779,350466,312002,315573,305266,341407,348941,310351,247057,300928,282213,305112,294306,323502,273958,356993,332033,362915,317000,321252,299499,295174,328524,310170,336158,330598,326144,319330,331014,307374,316485,311739,289794,312122,340156,315532,325588,327140,330542,353810
278951,305000,307201,290817,310423,289776,335893,293799,312686,294463,285376,304703,303142,302840,317137,291271,303090,278176,293990,276787,324471,310409,303429,308537,309530,314338,295209,275033,311804,324265,297015,298724,333745,301425,306280,302450,306162,305472,319762,345811,304544,284837,328346,251729,341001,280972,303948,291164,281768,303274,283830,292701,264896,299322,313776,289163,318353,311374,316470,297819,264453,310919,334256,311839,285156,320470,331314,325692,291111,296881,302090,274278,298651,300434,297967,299918,296305,307844,273696,311631,323304,277059,283946,301360,317741,324670,309709,320182,276925,330463,283277,314238,292813,317903,333768,312527,270557,298398,296721,292414,289041,324173,266538,332543,329496,352198,307364,328530,281486,293845,288524,288828,340982,339551,327540,319838,297876,291074,304637,284782,305372,295066,329241,278900,303909,289971,296215,349492
325134,325474,308284,307586,321360,300101,348953,307585,322299,296985,323168,313615,305697,327841,327448,304780,331402,320747,305150,317275,340476,326054,310848,343502,288562,340818,328449,312127,313635,322032,324185,340037,347627,327428,297831,321754,326284,321364,346652,353359,317310,321174,337350,282003,363972,303684,320242,309493,323399,296141,307153,334632,281866,314865,328212,318541,338828,311457,325210,358586,267717,324953,320993,316931,299450,325971,303018,334140,299119,313947,328235,307210,316882,319835,322675,300097,297266,335030,289884,342482,320224,298609,293281,294498,342983,341565,321483,339059,336335,352506,301814,334994,318180,305708,333683,347187,274735,295769,305376,306196,289328,310516,294531,347197,339216,340373,334045,324124,306787,300967,337206,296516,333425,342141,313136,318512,311399,296843,327735,317690,318300,314493,346350,297977,333432,320541,330398,351186
308535,295798,298677,278977,309898,309650,340983,272681,317505,294657,291164,307170,300188,322642,311892,273544,287431,299072,303417,296989,325976,305603,291543,296728,283312,319180,304706,284494,287974,290219,300456,308021,304025,304146,309425,309405,307796,295762,310241,343456,299001,286529,320315,277172,341338,284211,298330,281171,293355,284731,282504,283654,263987,288332,320159,290234,299837,296336,291005,322746,253025,321681,310771,307030,274107,312697,314667,306502,286707,292396,316102,295906,294384,309264,285691,286549,294856,304942,287996,319855,308048,277861,297913,292740,333294,324880,322089,308258,294943,332718,279024,304188,290230,291322,324098,303939,267185,292561,293388,294570,271359,316292,267087,333802,312944,333607,311045,305505,292260,281739,312548,296565,318318,316545,316892,310149,303866,278079,292482,301115,279512,281753,320279,280952,302315,295280,314026,323571
313972,286299,309955,304235,309623,289762,335696,292542,301786,280134,283610,300280,292917,312381,326286,283226,290435,299252,283448,306654,328807,315818,292915,312282,268793,315871,323428,286582,292353,305214,304092,331100,309504,309839,300358,284796,307770,315283,314809,335930,322399,303431,327897,272697,341524,294390,306816,287516,313847,297769,284032,282646,263886,302776,323751,283408,305039,313433,297181,310740,262614,315359,307516,316997,288726,309951,308710,292355,282350,300272,310447,293581,285340,302930,280019,308041,291307,303210,274282,328807,310669,281869,298953,299598,311018,316899,317507,316038,296064,324365,292670,309101,293726,288534,309779,311655,265499,301251,299781,287397,270458,308508,269986,325590,313088,358675,311948,302973,288726,292299,314175,262646,330016,318483,318291,324714,299552,281703,295019,281172,286651,291730,331440,284591,287180,294899,331509,324673
317788,316245,301484,327120,327854,294856,358179,320183,332656,304521,304494,300230,311276,330769,329780,298588,302065,299475,310200,313495,337073,321836,316223,325768,320089,336150,309354,307743,328647,341884,328144,348208,362201,328073,306179,305491,337192,313297,343897,364837,329531,300595,353413,284894,361064,325720,329747,308435,305712,308652,301802,321650,267565,306244,341729,309246,325573,324342,324326,325756,277911,330255,347106,319752,293450,329250,339928,344610,302899,319561,321908,312645,312653,318587,318200,322183,291883,332193,306117,347682,330948,311169,296175,292303,337079,334784,323119,326148,316715,362976,303234,327657,324043,318381,336791,334067,273742,327793,316725,302343,295808,338699,294323,343758,350671,366458,318952,334323,297913,285953,324320,297447,358156,345353,338618,323140,315029,294221,319476,313621,315662,324273,356295,297378,313573,319398,339840,353542
283500,271694,268966,290033,283444,255314,321437,273779,277549,261711,267244,274668,275187,293754,289472,270442,278054,270665,294496,296469,316312,279459,284990,290103,247081,279514,297385,267870,291939,292894,276413,283919,307309,286605,286891,282316,292376,296875,292835,307819,288880,287910,300056,238235,321650,282980,280035,278332,284026,272228,265527,272888,253403,272174,285583,274231,286461,293124,278383,295641,255605,294307,287787,274597,261315,298892,278911,294191,276471,279029,297671,273446,268818,280986,270116,287754,274466,289293,264866,301437,300586,263232,266950,272731,298014,302992,299050,286975,266120,297542,264278,301191,270708,282109,307050,289930,248666,277708,280897,274060,250203,290528,257919,308219,293313,332716,296541,305503,284385,267556,286768,261261,313665,311993,325239,297680,287180,256069,283428,259750,240298,286301,315039,270121,284637,282584,307973,320142
300587,318715,308158,300224,296644,292031,336102,271573,324333,287886,304864,308512,293244,318901,322645,288002,318768,302704,309011,305448,346356,308974,314654,336108,293481,328779,307333,286262,304489,304629,296573,355246,343748,311132,285117,288271,319398,331870,322110,354826,302603,313690,323456,264276,337688,285945,313275,287197,293625,292661,285159,321537,274837,334962,309273,309971,334510,314037,345199,308933,267865,317021,327455,319765,278072,315657,324199,326823,275401,311635,315644,293124,312726,319545,289309,290584,302847,319042,301740,329429,316817,278627,283905,311157,365480,334206,313228,334030,303330,343107,297421,331394,304540,323745,340053,325802,267321,311505,301571,292218,281263,324056,266524,338421,329671,339173,315423,325396,295511,291558,304087,299758,333540,327978,322037,320489,306923,285567,297960,333215,305570,310528,353744,268560,297306,321837,310068,344610
328631,312110,306227,325913,300673,308924,367004,309928,322650,292549,321578,314410,322439,338438,339116,297709,307037,314890,328982,322777,354963,330537,313231,367359,307187,333904,328664,306197,350031,314361,333698,357495,344515,327566,343016,332964,335069,321969,339768,375409,333260,319200,352024,301678,357576,315588,326393,306948,310467,315592,294765,318640,295900,328088,339626,312031,344787,332251,337367,348407,284862,347722,338785,337491,304003,347184,336279,342156,320483,342238,334739,301166,329073,334239,317093,316367,316165,342661,313202,356326,353707,307028,307639,296952,346403,351440,343540,342103,299336,361231,322560,350485,331881,319059,367672,332426,283969,326689,295875,302594,304534,327583,289712,346111,353480,391204,334844,339127,318832,295324,312924,311337,355164,362548,345982,336018,334866,290605,329040,323349,308562,326684,359010,318796,329209,339879,340363,355975
285422,291277,281200,263854,287044,265658,326899,272158,288769,279867,291465,305809,280431,312266,295575,266946,281419,282680,295688,282916,300229,283029,284653,305210,281707,292902,300649,274900,279124,280200,286081,309707,309328,285984,277565,282008,296693,270044,315620,329498,295629,275788,302005,267417,321904,259843,305935,256628,276275,278562,269053,277770,260754,277983,298043,276054,299961,280997,308854,303014,246831,289539,300095,286477,263451,304182,299066,291743,263741,279877,272154,283150,281640,287811,285913,295770,257993,309447,271741,324860,313442,294590,282888,282711,305171,308221,296948,309041,261640,313554,270658,292274,299175,276517,300015,288976,238009,287275,276922,272642,255772,301052,260330,317338,312566,336099,291189,273821,272686,256478,280497,267197,310096,294645,298511,300300,291065,259360,285605,268966,270584,290434,313497,269511,291074,291974,295094,328441
297296,318627,302410,306531,300952,314849,354512,293922,312230,294099,318816,309056,312017,317758,332238,288272,314202,300885,317539,312091,335980,298390,314988,324698,303682,345251,323282,321712,305045,312849,323043,338792,332965,329997,294879,322419,333660,329696,326346,374610,307888,302603,337656,270715,355341,301246,316514,282161,301625,322771,316684,342655,282934,299318,327779,303986,335850,323726,334205,315067,258185,319810,335914,329770,287853,325136,324965,354696,313276,304237,339813,303777,306301,329672,292213,300788,304954,319417,292354,349868,344506,311172,314939,276914,351952,355873,331244,325751,316863,366461,304542,315761,322719,312759,323348,331503,270604,308400,302186,301021,298304,305922,292007,349855,336936,350248,314785,319393,306101,300924,319184,291938,336207,332991,316562,325045,331602,303084,316312,327256,305265,300207,340581,303553,316929,307524,333459,367295
312724,343504,319118,314845,315663,314942,373856,310986,330943,296127,323411,330850,335988,357923,348763,310270,316729,320386,314640,338880,367197,343209,318921,352379,290909,342259,359987,309969,329440,313969,321995,364546,338558,326922,318547,339689,335150,357322,352742,380294,336064,336801,351880,304221,362498,291053,323122,302574,323086,307996,318963,334128,286266,332900,341358,334872,348904,332177,336900,351759,285574,338693,360860,346729,303011,353086,340771,338555,323500,314404,330461,311331,331089,339746,298100,335850,325922,342701,297661,362343,340716,322313,313504,318709,366477,342877,325263,352529,321782,379160,322141,348140,336108,322878,346492,346123,281311,315758,319423,320995,303547,334876,291631,342257,344643,395914,338439,347217,319332,295366,324975,299270,352870,334280,349155,350287,340087,294694,341330,330837,297193,319787,370593,312117,329645,329354,341688,360554
308499,317522,316510,309214,294009,292967,350968,301562,334606,304590,308006,307931,322743,324323,334462,296526,324504,318541,321509,307389,348355,316432,304714,341550,304866,336405,326999,304199,331966,316729,326682,330816,363121,329782,326223,332197,325548,317868,342856,370980,322826,311106,350254,289096,341169,280388,309802,308072,302114,313026,300590,323007,284624,322267,321438,313774,345766,327303,333535,333399,279398,323562,331552,315199,299920,323582,329206,363763,296323,317487,325008,296675,302147,319837,305657,295649,300743,326972,297247,336974,340408,305720,295346,288209,343780,349804,323906,335519,299848,366059,296770,327161,312642,318236,348939,330090,279447,309637,312631,308063,298239,330118,279469,338383,336621,375222,324684,335391,316541,291560,313015,316031,337648,354801,320941,348744,327303,287050,320985,292838,308200,325589,348928,302781,312157,329922,314870,359199
271616,271928,290592,279641,281203,262892,320506,297508,306643,269769,300545,303954,288203,333385,317672,286908,305909,284811,305131,304438,315097,293344,275028,305578,272589,302777,299444,269486,307901,290838,310343,314097,317851,289400,293153,299749,300805,288251,331887,349262,287913,303346,300810,282054,311243,269618,280388,286568,294938,296275,293233,279182,276845,297024,301265,287995,324307,289491,297550,302280,257149,314470,320556,307906,271689,322446,308975,299962,297389,287120,275196,296391,302488,316582,277520,305323,283129,288193,276906,317914,320878,260053,270246,294590,309044,311974,290890,288036,274564,322990,269429,317133,286300,282999,323537,299758,250860,281121,294827,288476,267813,307538,253556,311201,316858,352151,307054,292756,282141,269980,310795,278981,330319,313437,316460,291923,307125,273261,300064,296850,273807,296378,310985,295216,293487,291945,318078,320297
302332,314164,303262,295425,295394,285562,350701,283551,296864,290523,299555,313078,310560,323633,312104,291411,298534,291319,318387,305112,339453,303772,300403,320964,265673,320608,326546,294097,321920,305302,314633,320909,312883,306077,292164,311893,300591,316947,327189,347477,305285,305951,318047,279116,346470,290369,313628,289219,313036,308660,304553,312185,282351,302446,313796,310956,323620,302595,304662,328109,254271,318185,306885,303135,301244,305998,320102,324157,292087,297276,319920,305754,301384,310098,301042,292375,317921,307144,279490,325443,316778,300766,289595,295684,330311,333121,313890,309727,291188,336141,303947,317549,290032,297039,327067,313267,269806,288612,269077,309808,275928,292578,260762,329825,341893,353770,313207,309618,298117,295789,308946,311407,334242,347970,327050,317318,312541,291509,298425,299791,282635,300474,316379,283408,291290,317636,331952,355761
300078,297519,281185,295395,297330,281848,330345,288128,295660,283609,282217,292067,288868,300027,321367,288553,293861,273969,278361,298891,312838,294286,302116,316762,277632,300491,299586,279275,325067,295272,308027,317624,311595,287281,292313,300514,330009,299455,310480,333913,296228,300751,316087,259045,329598,285313,295836,275717,291540,282631,281362,282029,277212,291657,318126,286219,312986,288298,296706,315721,265003,312621,320842,292774,258250,309060,307720,316302,286565,280156,302611,268209,286095,295332,269713,296776,287604,304976,286889,325653,316624,275891,264683,285379,311664,321471,316753,312322,272544,303917,298486,320410,286170,292145,327126,301405,256907,284837,291636,288055,278203,303144,283101,294467,306626,339988,294158,307759,279586,266125,296893,275441,328848,331108,306490,297624,304369,278702,304324,288791,278955,286855,326050,281721,309757,307913,299860,314580
303718,313568,308439,313118,321512,316677,350367,311433,323766,299791,310575,309685,329362,333287,336719,309868,328606,325322,335139,317729,336617,317159,309949,343085,305425,335480,325108,330564,307201,324638,317308,339027,347514,344912,335493,339912,341706,325037,338804,358487,320981,316600,340587,293448,364388,305199,303801,310906,303200,312979,324553,340978,293123,331336,339463,329785,337217,324772,339174,333256,278577,335815,339726,307766,292580,347460,319735,360827,320795,314811,331645,317378,312890,335398,307970,314123,291394,336355,308063,361935,358199,325461,303267,301466,353916,357243,332428,351894,323038,354011,302693,340756,318505,332627,356440,350104,266247,316309,318209,304937,309560,332329,291963,362125,340534,365433,330752,332439,316698,319356,340814,317165,357125,336689,344224,339211,348958,311558,319180,323205,297644,324637,367796,324298,327495,322871,344282,374811
298660,304842,299422,307389,311566,304912,354981,307621,294559,300704,308006,324029,316006,326790,327063,282199,311146,294227,318630,299975,329810,285005,326962,341431,277968,315402,313008,309280,313076,294694,302449,331428,330337,323132,296536,335382,325701,329183,340695,360422,317832,314890,331433,281249,345869,291422,303639,294867,300331,311051,300042,325436,291337,312377,318564,309688,331007,296070,314842,336120,275885,321271,339426,326723,265736,326578,322360,335505,303728,303337,326113,293904,303860,329170,292860,314669,294796,316006,287137,345007,319453,292407,279632,298716,332267,344952,314082,335596,302945,329957,303996,339621,305597,313082,326667,333196,264816,304995,313657,318542,295162,300135,279123,324878,331816,356866,310172,330212,313009,288631,314366,282107,343210,339599,326514,326991,311420,292635,328222,319190,292412,305788,350468,295409,303789,303753,328006,339354
288320,290563,290617,291932,291709,290752,322875,268456,311653,281204,291499,282706,278383,296008,292006,274619,289009,285585,298680,295400,298241,286875,272097,317562,276717,305396,302505,280612,279236,282425,298931,321438,313671,307722,284341,289885,301271,297146,319639,325047,280009,284037,304617,275329,337004,285528,288641,275803,283683,283269,266755,280044,238812,293648,297257,290044,305273,275574,301342,310558,258950,303016,312660,283441,253908,295753,292565,307111,271190,275526,298462,281948,292200,293109,276910,274317,274196,296079,284405,303134,314713,279141,283070,263225,312414,320229,313518,298038,281495,318285,259227,306742,295431,284588,313765,312974,249031,273406,295734,285802,267278,309773,270040,309506,309064,331480,283851,298543,284626,266008,287860,266231,310074,307035,296292,294476,297906,272912,279846,287642,270237,281904,321710,256014,287326,291095,293027,315502
316651,303555,294577,305794,324180,308613,363783,305947,316900,305748,309907,318858,307381,333481,340023,301435,301749,296546,311295,312335,320384,312073,314172,339345,308460,348290,312177,299909,331538,314552,339113,334477,335970,318871,305504,317524,337177,325598,344304,380033,313910,315297,347596,290238,358152,312501,324772,307309,300339,295711,304791,318282,289398,303471,330210,308252,330359,320945,328966,316851,273216,336389,333499,311610,289409,331183,327518,365163,306445,314080,321928,297582,319684,326541,304282,317473,293849,325258,299067,340401,349972,285780,307212,309565,352003,344088,344538,335702,307314,341206,310515,334088,318611,317462,339401,338982,282194,325207,296901,305756,297966,335041,277542,343469,357651,373871,320257,302168,275064,293006,326736,306768,355697,352334,336438,331688,330208,300895,323363,306137,305815,320500,337057,303806,326069,313025,342968,363486
320202,304969,301184,286733,312147,304815,340389,286693,312732,284598,305996,312934,314358,313268,343907,270637,297187,298981,305227,285408,351343,311659,274303,304001,287664,329087,325497,290831,316227,305381,305016,314852,326275,321669,307793,326602,326517,284403,321395,360720,311367,295548,324510,280000,348695,292625,306501,296045,286535,327755,294351,314621,250866,302166,325686,309256,327637,289560,323726,343760,257596,312648,329167,293603,276135,326546,321542,325736,298266,301365,314430,295063,324363,328304,282371,297276,289538,322064,279783,332365,320586,306895,302920,289144,329366,330623,305872,324057,302171,358376,291326,310314,312660,301731,323619,320674,270344,304338,292477,280030,279499,313599,282169,344255,331396,358380,320330,304008,301819,296666,321243,291457,334001,329067,300165,320520,326708,286563,306983,289565,317322,318963,336628,292856,320833,310918,315303,352043
333076,320539,344586,316222,326529,313025,357753,306434,361472,314530,319834,310686,321380,336527,351815,280165,330097,320603,317171,329274,359020,332210,329027,330676,327018,345896,333543,328085,341823,343686,324754,347521,378164,334911,325771,315909,332947,356795,353280,376535,314906,320070,329138,300060,356489,321800,337215,302185,310594,309125,313026,337881,288937,342027,337176,318429,337320,338448,351507,348837,299795,345886,354818,304028,297211,341733,338455,349413,305735,336316,327382,315567,319621,338490,317152,326722,316762,325653,311674,363007,359690,305902,320453,306972,355785,371591,348455,377503,328896,375197,299251,333993,329761,334974,352547,340329,287260,310586,319995,319262,317071,348424,302174,358159,347770,386566,338575,345098,325011,308353,321737,316709,359083,362517,339053,338359,322899,313081,318368,347815,327536,310880,379931,297346,321679,336974,350509,369723
317332,315814,320490,316447,317401,314356,366546,327680,334990,323823,317643,331183,310543,344663,340176,313019,332326,309174,308010,336019,358145,327538,311730,353087,297801,335847,336219,323855,318359,320380,326414,342356,354668,346410,317787,337906,345094,341861,346472,370897,319909,347385,349302,289377,375501,319955,320629,312680,321548,341114,323562,340207,285281,297420,340802,338179,352746,328347,342747,350378,282421,333633,358086,341871,302155,342325,340035,332186,314690,322572,330079,315211,321146,325266,305520,322788,321080,333372,296213,360977,340085,308996,306447,322668,355133,332589,332106,343180,332774,366874,324699,339481,311363,336215,344522,342820,282312,312247,310586,332685,307138,331039,293646,355538,346834,386031,330513,328222,313892,295918,325773,304798,355367,362013,327250,352754,328861,308253,345661,324186,311959,321147,352500,310168,330668,317299,329092,361269
289976,306114,304529,288547,303655,290416,330737,283593,306824,281248,302881,303362,307060,325637,322706,270837,295967,306854,317165,287983,329093,304472,295000,327540,296366,311717,338319,287400,312948,299115,323048,318352,312728,303447,299707,298806,323328,321633,324075,355833,311235,295090,301012,260432,353936,273164,298176,292705,294222,298234,312300,307692,285962,311369,319612,283565,323917,303575,305778,314348,263040,316556,325944,310642,273006,328926,303332,339180,302113,308795,322349,288675,295947,326457,290473,312996,294522,313606,284337,333481,319093,300718,302369,278292,331128,324336,331745,318378,296165,343391,296910,319715,308792,297075,328294,329119,248029,290533,293556,292746,274682,301700,288909,343757,332282,358099,313442,315453,301591,290135,315308,296318,343629,326244,334488,297504,319491,297131,308099,306988,290883,286868,339833,290112,308332,312911,329768,342561
318364,299763,311071,292465,308469,299559,342509,291547,311453,272468,308739,279479,303178,329144,315757,274826,319185,302243,309505,307645,330556,315964,279070,303663,279159,312674,311041,292749,324441,298892,301662,317495,336968,307991,290637,312740,295691,303061,338481,340692,314073,301617,316473,272029,356599,290169,299138,297845,300720,281562,301013,304766,261884,290575,323958,300892,305409,293168,313979,326300,272777,293457,315668,297035,296263,290026,313340,313655,286643,297534,314104,301924,306879,307662,268077,306099,295407,309971,283109,320897,312050,278266,305994,290941,323623,334141,304681,324570,291325,324548,293016,305475,303157,308563,314083,327090,243774,288385,305591,280183,264709,305342,281070,330402,312553,349748,302174,308073,293733,292324,299606,282762,331714,304901,315280,318561,317301,285835,327499,286567,292211,303781,349027,291810,307347,314575,312876,348885
317799,311974,321902,313337,324346,309704,354880,303867,320752,296134,336699,313879,308943,322665,326656,294965,306681,310911,311298,305998,328061,311506,310834,344287,297149,342012,333633,305817,324037,308971,329518,339979,339792,311393,319007,327272,314513,322151,358994,370998,313085,309233,331304,309976,357049,311510,310285,314622,323219,307000,298901,321854,291313,321772,328059,306616,338061,325370,343006,338336,266840,344133,335290,315002,292716,333544,317945,356331,302102,317173,331107,311855,320741,333808,300573,305111,281161,321063,288967,340486,335717,297820,301958,308309,345361,358361,334205,345960,308178,360194,301809,323648,348306,309514,338485,342125,277308,310292,303811,299260,288334,307153,301271,341919,343988,370766,338735,314099,296058,299485,319817,303343,338564,334796,338403,315398,317929,295510,325718,308652,315433,320972,337194,314814,328727,311895,335534,358619
284428,284024,295989,292507,308601,320594,333313,297597,309676,301904,302425,285989,306766,307393,333343,280735,291851,283001,307628,303527,336523,300674,311361,322614,280436,307913,311254,293057,325656,299804,282740,291912,325120,295513,296831,309942,317087,287277,315909,339015,293612,287094,314120,271108,343864,279833,306550,288858,282635,309246,298410,295729,270743,276050,318261,315447,303264,327686,309256,313280,272234,308934,340628,294049,276658,310636,304939,348878,301565,293006,317852,285606,303184,301822,288785,299672,278124,298215,267126,313136,326526,289331,284735,293560,318200,330674,302182,321167,306942,345482,283257,326473,295215,288779,334274,313702,272527,286140,303079,302762,281537,294266,292340,330466,332572,331908,306456,314952,292329,292437,295505,293704,320746,330818,316387,311204,307677,291582,310927,282441,305071,307881,329097,283252,323471,284569,321920,343420
345384,338420,329025,331654,314589,326460,378269,323046,350471,297843,324246,336671,324513,345252,358874,324356,359246,313071,331764,329039,344395,324635,326082,363936,337861,340681,332845,331233,333065,320952,340260,362398,359396,340051,327046,349755,350611,355557,347473,373997,317522,344293,345944,292497,369657,318936,334298,310064,296775,315520,327216,335848,302901,337556,356309,329689,342596,332408,335778,333162,283640,345036,357318,332678,313801,357358,350021,345710,307610,327089,335154,343295,322795,326496,328515,324408,319671,326340,304163,381285,356526,312412,311971,308550,362633,374135,335547,364618,314586,367312,320293,343566,323722,339918,357821,344199,288040,306855,317017,319763,312584,346415,305617,359306,342451,374454,339222,347964,328956,308127,351118,322431,371344,349065,337512,337906,337236,318928,332426,350172,317763,335101,368780,316333,332005,333389,322963,396237
322724,305114,326789,332640,324727,316822,360940,326101,319817,311772,321497,314413,330207,346256,336472,314380,328567,312421,317501,326619,365723,330021,351271,349818,312383,347117,352433,317588,327403,320773,322108,361333,366437,340995,321527,312709,339226,342538,341770,375907,319785,334561,341022,303185,368372,320077,338053,317412,313496,337712,318356,336868,287755,325150,339419,336657,332597,330692,340917,341903,280574,345030,346296,334123,310883,339381,333724,346234,325703,335974,351610,327072,320683,334638,309777,336542,315922,322285,309019,358938,344573,304223,311340,309395,355037,359499,330624,363903,334591,356482,302028,337940,315101,352235,354484,345748,272414,331591,317223,324650,312831,334141,287118,356647,359255,383563,340020,329278,303440,316496,311940,327572,359616,355040,351789,360033,330833,316344,333494,328908,321310,336350,362887,308000,331314,324893,358847,391764
313707,301915,302993,299436,297955,291145,338386,287379,309146,278130,304399,299002,299000,307394,315826,278227,302017,279484,300551,311090,331948,291757,302399,314564,290329,349456,306079,298771,320225,301773,306819,317262,336321,309318,279319,301066,326241,313587,335219,374432,310200,299307,329870,272954,344012,302538,322049,275776,282401,315581,286521,316713,266944,299340,311323,300724,312432,308905,313088,313805,255216,319201,317183,318297,287290,321868,332028,320143,292730,315759,323567,296038,310246,317743,280465,297066,309783,322634,291385,317437,313031,292463,301648,298052,336789,341712,319657,320993,277790,346281,289045,312124,291216,311065,324016,305610,278946,288684,292448,301810,266608,307028,269565,327188,338352,340386,308308,320137,287373,302287,313742,300896,327399,337186,315814,325737,310304,294546,292549,297429,285030,308476,329607,275943,293233,305270,314122,334915
296899,297634,296663,279437,312401,283950,328175,286074,306807,275601,284183,282122,290305,311400,310205,283307,299153,295034,293658,298164,313968,304081,283007,331664,274654,327787,310827,284749,313706,310261,301821,306529,331697,320980,294647,292193,319566,320743,313956,346704,305590,295944,314170,268228,324025,280705,302781,288557,297998,308740,300049,304703,267045,295539,312564,290930,325665,312887,320856,321738,267312,296286,310982,301863,281687,312143,318191,322653,272439,286541,300077,293978,298816,315085,281163,304537,304211,309215,277768,323499,307410,290124,266957,286918,311054,325166,304057,325827,287503,315607,295844,320285,291385,302808,321542,317156,252868,298322,295114,298815,284902,325627,265135,328522,308069,355281,310108,315013,293293,296085,309719,273732,334104,320619,301162,324626,292800,281505,306964,313498,288025,298673,340828,294290,297958,317697,305475,327664
311213,323005,315923,310851,325639,293390,348356,295139,314796,285426,295652,322754,316658,326593,340703,302065,297476,299910,315953,315207,333029,337166,296488,346017,291949,329985,328903,308353,333573,312319,313257,338873,312561,323885,320359,335864,344881,332665,337854,375303,341254,316741,329968,274405,370755,306330,326424,297667,306618,323874,299622,331859,270885,326935,323584,329478,322508,310358,319628,333459,268726,330553,336785,323175,286532,330394,336982,324395,298849,300635,324629,320809,336812,340564,281522,319119,323067,324865,298184,332595,326750,297505,301873,294660,336637,343429,327341,325447,310421,341614,305110,337478,292771,306800,352848,336200,256961,327628,311065,318868,294628,334407,291036,351114,346779,353548,307796,333296,285863,300138,326199,293119,359313,326538,306240,344401,324770,304204,320586,300671,294584,315960,345507,288331,310168,319223,340315,359444
350687,361128,332846,312785,329242,340054,370040,323404,344805,332187,330668,335110,353494,345699,362261,325336,345872,350239,346722,337610,375450,364084,338683,351327,338492,362998,360737,354287,343022,361920,361530,368587,382740,353545,345760,342109,360949,333970,348227,404371,357114,327016,352155,300776,401761,329230,332800,340342,340040,335139,328990,374032,310672,344083,373424,354243,372210,348297,365845,359297,288636,353953,362811,326168,324500,362838,346919,391847,337253,358730,358032,327791,338291,350471,330251,336215,337435,346705,345290,384553,374426,344785,349764,335270,381827,384020,357135,365075,338038,391203,329857,354365,326008,353329,379005,366347,284317,326956,326176,327478,324736,359042,310873,370467,371306,393098,346005,344293,339420,321644,358843,347923,369458,363235,346399,374682,366237,314915,345396,335613,335609,347338,379233,333751,339867,363956,362673,423092
317812,311078,346457,299939,308424,306635,354822,287373,326123,280934,320265,310254,311877,334778,323707,294258,313420,316572,337618,325110,351307,316167,316070,335663,313185,335045,335726,298623,320970,311597,322448,340398,361228,326771,322463,324765,341744,312591,334762,349611,318227,297436,319653,290242,356442,303711,325566,309585,310781,319205,313443,320170,277085,325190,331099,331519,329481,320570,332488,329434,282419,321191,352967,320309,287388,338189,324528,332385,308144,303695,327402,313979,310112,339131,317375,312150,314150,334686,316552,350453,326348,310868,306059,300595,352745,340260,307611,328923,323260,352719,293703,335331,310134,319790,344119,322201,271333,303225,317455,309002,284755,333568,288380,337823,340562,346351,331563,346084,319317,296737,332761,293859,358711,333857,329401,326523,313330,298285,301946,318111,298837,331190,353441,289819,324614,323066,345738,358116
308621,317883,307276,292620,305618,309514,355746,286110,319634,291253,307450,298686,321245,335359,337673,300692,325551,308773,316581,312202,333742,310521,320280,336635,313425,355639,320023,300840,327127,316111,331957,330149,349845,331844,297036,304449,323404,325602,348796,370908,315577,301319,331793,280922,366455,287065,311946,298228,296500,318232,309990,311983,281199,306284,328268,321253,335453,323147,321508,315895,284049,325757,341144,313863,289024,338060,347897,342812,300594,306875,324778,323852,320116,316220,290725,311835,310406,328330,296496,332507,341562,292098,291114,304634,353872,344455,330220,335508,322880,349429,311490,323223,305899,317827,324497,316971,267226,303793,314640,303490,304190,315888,296588,345798,332354,346716,308375,296220,307872,306119,301040,295299,342982,345095,308483,340385,319921,290201,317990,308862,295468,299744,335364,295151,310667,317690,320049,352944
327517,331912,334566,293701,328981,317309,380034,328949,344511,304830,336342,332975,329734,341565,330645,300084,319912,315404,353535,334392,354344,340618,315059,336818,304912,353890,345099,307382,349234,318347,329173,339688,351870,330720,335107,347870,337644,330574,349313,388680,339339,321525,331952,299232,373775,300166,327566,323486,326746,318525,326463,321465,289608,332687,354632,317108,341032,335302,343103,335818,296406,347573,364263,334868,290248,331189,353543,343491,315372,310071,347768,310789,327442,349281,331041,332092,331157,344359,306752,357783,353055,292020,320518,322705,350425,365173,328509,343521,317477,370697,319252,330088,332238,326433,340704,335607,280200,316496,328705,329759,303292,337616,292601,359844,358078,386348,351763,328031,317034,299609,347899,311797,368157,352651,351878,334937,363492,294981,334242,322189,325769,330682,351831,319434,332790,326370,340976,380958
308232,290047,281583,301898,290353,310855,330911,295647,317189,277775,300365,289813,289533,321288,304552,283595,294028,291196,297492,291103,325006,291804,301809,321504,308756,331569,303070,295869,307962,303222,307359,319751,340756,313933,295095,294554,316951,301023,321170,334876,303205,304692,306974,266005,337871,299242,301877,290604,276482,284811,288478,306491,262267,304771,324561,297811,303509,307197,295167,316253,251013,319572,325466,301180,280209,322059,297829,305829,298270,310081,307160,311524,291700,306039,296640,272092,289103,320099,282958,333380,325225,287085,285941,281222,324642,327028,308506,311364,297494,341938,296865,301291,292374,307094,323753,313724,266444,292570,295529,294857,284759,314450,286701,322729,312965,331686,312177,322849,297641,291303,304023,278058,330381,328987,296415,297957,306898,287916,306831,295308,281577,304896,329405,276701,310558,302966,317912,339310
312270,295169,283936,279561,287572,285445,333916,278796,308057,276760,290045,294676,312523,309652,320841,281352,299209,289181,296988,274327,333678,308008,296860,333457,268011,305905,323303,304833,307314,289846,306912,314096,323797,301833,295114,295331,308625,315218,328868,349871,297542,312313,314426,266485,328736,295781,320983,287660,289950,295569,273961,293277,278430,316637,300226,285158,308595,292469,307181,330562,268933,312677,310888,316957,269130,314441,315492,315852,282317,291901,314480,290055,299410,312055,289223,288823,282377,315739,290305,312151,329557,270948,277642,287099,322183,339166,318211,324160,282381,314674,284935,294015,283342,290440,333933,315405,259201,290989,285561,277095,293172,302201,275992,332218,319019,344904,306565,301586,299133,273922,289159,284188,330339,314597,293573,314117,308797,262001,286594,305510,289207,291374,323623,284936,297748,311616,314454,336272
320529,333730,334339,316425,314783,325481,371134,308369,334423,302690,326078,343180,342466,344745,343633,329437,334773,319465,325887,325858,353226,335669,341328,352474,302227,349554,339682,326969,331400,317010,345399,349662,346488,341152,332336,339564,345094,353524,355663,377518,330243,337258,349499,296339,366594,312225,325996,306044,325229,333063,325080,339357,301213,320464,354911,323396,362040,326849,352080,353435,290198,344130,361139,336869,314992,354572,350034,369589,332450,331917,325739,323067,328874,335626,323536,350694,314361,345065,300231,369505,375515,320921,324028,332629,355911,367027,328986,337578,335815,360724,312734,353071,318644,335473,349083,338333,287255,335624,328193,337092,302922,337458,304476,360712,370222,391052,346475,336373,295394,335789,342312,316394,376266,350754,340504,348861,329409,323557,345358,333113,319303,328145,356122,320478,331297,322394,361850,382416
305242,311051,307746,316243,302839,304339,354699,316781,319790,292948,304167,311769,330915,305984,317300,301688,311474,304840,319443,309399,328915,322348,306253,336230,297829,332610,312860,311844,330228,325440,323320,329004,328672,321105,306343,322643,312764,318409,341372,369168,327830,324226,344683,282294,362043,315817,308746,307650,318356,303421,309689,296384,275480,313796,326265,323521,322645,331907,320964,319126,263567,313667,344153,323640,289154,307282,308209,326222,290909,306515,326676,305162,303152,326863,303475,307215,301814,342422,294232,326763,328418,287027,304702,298338,333322,344390,322058,320984,295003,345183,301853,323964,321032,312532,333692,318906,278203,307438,315298,306637,292636,317058,278053,332951,336274,361608,318820,316348,299048,297223,315770,281703,339462,342395,336902,331425,318421,286046,323295,286800,296672,324249,343132,291056,317808,324867,326966,368868
321805,300558,303571,294998,312680,302116,339393,293748,301413,288384,299343,289124,303032,316144,313057,285344,315755,282547,300389,302372,324706,311194,300480,329623,293484,335460,314115,293836,305864,293590,319379,319888,323923,318176,307021,305184,320715,297808,317546,345763,318037,290097,331454,275190,362916,303349,311705,288579,302229,296102,292151,299746,262024,289409,316506,295473,311850,313611,318405,313619,264153,301809,309148,306604,274535,324169,305461,329022,292164,317554,321577,309629,311018,300803,289486,304480,289584,327224,276843,339188,305108,299535,312509,291197,324503,335167,314569,336879,302455,330295,309237,304440,321910,313610,331067,312660,273625,303201,289945,307585,264807,316758,282584,332995,316223,344821,333511,303627,288385,300780,310263,282525,321897,328895,317422,316413,301981,288805,300812,307513,299092,311975,329384,296500,302589,320568,304164,354178
298632,289622,276786,289862,295975,298020,344736,273743,316965,289133,287237,302288,293901,317464,327279,270832,285216,299261,302433,300413,327487,313983,297144,332072,290691,325176,306049,300507,312450,301864,297254,311215,327109,331116,297441,292472,315680,304196,306766,339602,312158,306756,324472,272751,342548,285238,322224,286535,267595,288933,272555,324529,267097,302328,288949,315220,291370,291366,302870,322207,258056,310536,323707,287734,281702,315638,322339,330622,292269,309176,313953,288837,301746,299750,308254,293808,290284,309640,285053,329484,316056,291924,289691,279256,339895,326188,304537,322570,295614,341255,281561,318031,277454,300601,319978,318627,251910,295489,296726,285583,291930,309878,267438,335235,319385,331203,292258,303569,299609,284130,309677,298442,317898,324112,304498,314797,309051,291064,308346,294671,287635,300633,324270,280096,306551,302148,319796,350681
282217,280337,273411,267181,257550,262776,313374,271857,288983,254825,293082,280422,277550,297099,310476,267940,280733,277275,280894,267812,302761,280433,274974,322438,273596,300320,302357,285710,293902,284122,300099,298665,312554,297112,298710,288279,300092,292890,316128,334317,273677,302357,298428,271276,314439,278792,292905,277519,260960,277512,277082,284984,260935,291673,286991,291360,294578,271842,282683,292425,239423,282063,305234,298978,272448,286738,302356,297274,276216,285430,292569,287203,262900,302980,266593,285247,286081,292102,271438,298703,285602,268285,271476,260255,326898,302870,282072,304202,268976,328022,272703,290215,278303,282175,301407,302526,257496,285168,278733,276713,259540,291083,254879,308319,311953,324106,287262,294597,272865,264525,299567,282295,319708,306572,295505,303820,307640,269021,291202,280036,276880,288477,296934,276349,283634,289627,296083,332411
281167,283046,308860,278284,277522,289251,330157,290437,295270,271976,296333,289056,285353,290001,311548,273793,292937,297511,300102,292753,313524,303401,298537,319752,259668,308912,296566,283024,282315,297592,301640,315412,310036,299577,279489,283164,305135,286027,307702,331171,275966,288549,308068,251783,334547,271187,306985,267026,277906,289068,282351,302506,265141,293337,320222,299284,307929,278003,303084,299444,254729,298256,304619,292110,267863,299887,299100,316697,280822,288738,290763,289827,291575,300423,259931,298733,277541,275702,277304,317453,314598,267272,277273,279968,304571,319380,289979,313220,271743,307574,261149,316248,292244,309572,298683,294771,243342,265125,295447,281688,257986,289011,262329,314588,313623,339904,283969,283177,285197,278698,308420,286985,329840,317082,306587,313078,290199,289655,295026,290888,307073,299900,335211,288280,291879,308766,320713,337901
274471,324351,282868,289675,301451,295730,333344,298598,299294,289603,294968,284569,294764,302828,309179,285395,289099,291328,308212,304244,320365,288110,295230,316949,272003,316792,314919,306120,300106,299650,301831,313291,309604,310691,279684,303954,308712,299131,334658,334807,290891,291213,315433,279804,331640,280704,298608,275889,296943,294131,310981,317247,261999,289686,329945,292831,319842,289486,315222,322176,256319,309278,318517,306534,276751,307176,303689,322322,292216,297806,307917,290555,300401,294998,285562,299232,294081,313813,278455,335156,312872,300710,287622,268563,325047,306379,300675,313801,296081,338712,284704,307239,309907,284132,335895,303738,242617,275153,296389,306579,270332,304326,273740,336230,334431,337446,307680,305206,291589,269338,295688,291186,319736,335294,322181,295858,311539,288195,310572,291551,282104,291589,320497,294098,296058,316110,324495,329843
270196,279191,302754,281869,282445,270709,338795,294221,302477,285068,289572,299363,296917,304161,300148,287266,285643,298256,294672,297947,325609,300459,305130,302997,264417,322193,308861,282849,318057,298538,292007,295669,318066,293961,294499,305470,313883,294059,319604,345573,292206,298598,318147,261072,332646,274954,314613,282101,298937,297544,280928,318117,267637,284210,313205,322033,306686,303626,321464,304575,247878,292758,317031,300773,270084,313116,302862,313654,295749,284261,302986,289688,289953,312071,301788,297831,282267,333160,277555,322823,311495,289340,275409,282134,318305,334525,281130,325772,285124,322341,280073,316433,306955,295580,318374,315452,253037,300484,277263,295058,283752,297907,261489,317973,330110,331566,302999,308629,272854,279025,300083,297121,322132,313967,309386,318360,292782,287574,294279,292519,288146,304675,320579,281166,310673,298867,304494,347199
287434,287019,296293,279734,294526,290083,322409,293144,300982,280208,289342,295030,279044,326867,304950,263406,305034,289235,298158,303080,308401,301428,288164,321691,284689,293755,313200,285456,301378,293638,311630,319182,325964,299045,283896,291586,312720,300223,313994,334912,282709,292107,308173,271170,328283,267904,291898,290987,288090,286662,298425,283901,256770,299572,321490,275661,308617,297103,298803,294886,261814,299540,309302,305252,266129,311630,316289,316969,308851,286960,309324,282674,292692,299618,293884,285184,293818,282402,268026,326810,308997,293811,264120,282804,304251,315837,310403,313644,286333,329448,283230,305819,293136,301561,323565,320293,263061,281209,281412,298386,278066,315616,273326,311274,318817,334302,301148,308013,302507,271927,306469,290752,339510,321116,306847,290697,309002,271585,307124,314597,293726,289580,335603,276537,293942,294892,290133,334826
321428,311414,278537,301872,305400,305101,350453,311629,317242,265629,309934,306248,291752,314719,321022,276646,299014,299851,311171,306086,337646,316887,295102,321933,299642,336827,313425,305357,299057,301299,313280,324585,327643,325242,304057,304552,312218,318379,318592,346824,296125,299768,320686,267337,357024,293974,305496,276800,299307,305693,290602,295658,275272,324634,312476,301902,333322,299549,323764,319830,264240,327298,329211,311627,281004,314139,331227,317422,295019,311024,321379,312006,308087,314416,279147,306421,299357,319896,305129,353177,323574,282679,278104,287418,330712,330548,309431,317937,283647,347095,294896,284114,297658,327274,324329,314511,255957,288174,285737,282733,273267,340794,272290,330746,319992,361177,306630,292969,327222,280012,325069,303772,325949,352178,321719,318556,316528,295868,309736,305083,304529,315454,338029,275916,317385,325627,335915,344914
