624215,619948,677949,622532,616279,580486,686455,590327,612868,617598,612968,625421,642751,644275,629465,626217,621021,618228,607277,618123,627004,610571,624535,613792,622987,624565,609827,621014,597086,661902,608825,611058,680239,629796,627701,650074,642543,667567,643403,678973,599622,604886,642766,588253,669843,626134,653685,655171,616623,616962,578203,652659,576637,669916,615924,632695,623263,620595,615544,645823,574636,645808,627566,644600,632450,682554,627924,643235,612757,599790,614012,581340,623599,631289,611391,640554,608447,645152,606632,663481,668766,594705,606895,605221,630153,657304,612306,608565,624492,641839,602767,609220,611160,637923,646659,647353,577967,604209,633397,649888,620479,636829,573642,632435,708530,672657,637380,664751,598458,627569,642986,629651,667888,635239,657120,597055,636822,631188,671191,612028,619831,629742,618970,605595,596008,589169,609155,667019,661968,614986,567016,621324,612542,613455,610425,656300,626639,587260,609616,671334,634486,607588,680033,659561,635872,657313,625033,645898,647635,620262,643876,667772,621235,590756,659575,579118,595424,628696,601310,621236,609622,600383,672641,621938,629515,633439,659335,685584,640618,640840,644556,643876,652940,626442,616301,578137,616243,620562,615560,628959,629542,629341,651365,568239,674848,662485,625145,625855,564515,592301,649658,612948,647523,627569,583048,641840,594743,653981,588560,628115,664723,609723,616452,593906,626266,625506,646403,596748,663119,614344,620583,598438,594395,630796,651065,607375,622887,592668,589136,612410,599437,594511,638606,645084,652321,634953,636766,610766,612235,673155,606244,605107,632746,627882,612254,620402,634933,596632,650337,640857,639731,631641,610366,633011,651612,675459,639036,604612,583234,689987,618427,600538,614899,666497,616002,648477
633093,659124,678806,611636,621012,612186,689685,597146,637821,619026,623521,634378,660090,660326,655647,619408,654253,629943,645677,612629,664331,625406,612569,641478,615378,637661,627974,620170,614289,652589,625422,613288,669419,622200,652260,646086,636498,633186,628792,681995,613529,645265,666666,576148,658150,617743,661540,633364,626546,604781,581006,654919,622874,653833,641009,608039,660387,619165,671836,663427,581850,648806,648911,647498,610503,695761,636935,679132,628239,627325,639383,576899,652322,667619,599936,654081,599280,673012,622069,668479,661504,603178,607602,594645,687037,653453,639360,645309,642916,666401,612167,629596,642151,660435,693188,627322,559277,621322,618621,635807,595325,646432,597942,672119,701867,673152,652398,666665,620264,621908,629837,603934,666424,614307,697936,603421,674705,602060,687151,604385,653599,630803,631813,626865,632374,640344,612159,692470,661822,635810,588955,606913,669049,637244,599682,653829,644759,609642,650390,672220,636962,640505,642275,644550,607861,684812,624224,657289,689949,632879,643032,666993,635349,638791,639340,599441,587426,664713,646004,622524,626322,623787,691367,620916,641082,645443,619387,699512,631324,623097,681840,661085,662358,664061,607633,611150,610002,623765,643938,624878,626078,635050,674686,583040,660296,668800,640891,654849,574544,610425,644268,631600,669932,660028,604445,645108,583613,638564,594475,644055,654063,590897,607566,609128,633460,638971,662450,602184,692118,611676,620718,613699,606645,650385,651219,653622,639011,582142,625435,627802,591406,620054,646312,678614,686200,642112,640439,635558,610304,662036,638510,615925,657586,633832,650479,647876,652126,610396,630598,656191,636041,641350,653965,638784,617471,672721,616440,631370,618323,684910,654132,617574,638958,667999,626614,657128
640523,664780,699246,676209,654986,632801,740926,639804,657090,655506,664940,652031,694487,702018,688598,651991,669222,634665,649685,641086,690613,642470,648654,690123,671547,655026,647135,651660,630120,688896,647368,662622,717611,669493,661130,681327,665649,666202,684946,716785,659778,663637,688839,614943,726465,663155,681290,663683,643191,676391,653970,699425,626183,673721,673552,653334,704046,667873,683481,686808,586328,674090,686027,699412,661845,722063,648911,720373,672229,638172,672558,613687,691927,681040,645189,701507,642516,695354,640797,694811,673891,674111,649825,635544,706693,712513,654424,673206,692559,699907,658877,653340,667949,681708,691539,676807,584581,666826,660077,667641,613748,701507,634429,660504,737458,714812,644711,703871,680104,685109,696384,650083,706013,679697,714137,640598,682689,664668,716315,651241,682759,677495,691647,633472,675518,644224,669766,764757,691282,687686,630960,633826,704522,643885,658495,674835,682517,635534,660401,719967,661286,688059,676092,702709,661138,732476,657058,683024,712243,645910,685950,694125,640822,610625,674195,615955,602540,677267,647027,661413,683928,659852,695300,662300,689920,696499,672045,740149,664000,696143,727336,705047,666990,659816,631489,646544,684605,660506,684678,652455,651524,666874,690301,635831,726609,693222,653155,694903,616363,645160,687955,670334,702405,712730,656091,679002,637736,686157,618549,693406,699785,653569,651195,641073,663795,650126,713645,632834,711698,683431,652254,669974,620083,692756,699327,677248,660045,651644,637640,678507,635759,668040,680208,694751,717697,656766,689465,696244,648267,714572,667942,623163,665191,675218,685660,683398,659644,623931,678109,681042,669799,684265,680080,668571,643179,708686,654149,673170,636784,726782,677895,617381,672137,721447,675597,699836
580527,600207,623889,612537,584552,611257,646703,573905,583266,545526,608093,595969,594039,617776,634165,597591,586213,608914,617058,582684,595354,574717,603855,633343,596143,594561,586428,595640,568062,612939,572463,599136,659389,631773,606930,599621,608113,612443,589246,644452,581274,593903,617518,565868,635725,616801,624344,611850,609662,601921,581612,630384,553563,611264,586681,590642,602203,607006,580884,628031,570108,608195,618077,628737,569530,635090,595790,646712,596182,592725,587670,564583,610825,634475,547002,621628,592507,619724,597710,624830,652555,570316,596500,564236,633210,640134,579780,597793,603577,638776,598360,592989,606891,589203,626296,582984,549774,599346,629191,591899,555633,619022,553140,603885,647331,627839,593129,606122,570494,595599,621451,572838,628473,621759,643330,575445,618727,592106,641333,578664,643022,577390,616751,590843,608982,587391,600688,644959,637263,577040,573503,577144,618968,596925,602937,623705,614300,554324,619266,641341,593335,600365,616048,639983,578164,626281,591410,619824,634673,593499,619196,614947,619026,578086,618151,557854,570727,612326,566548,595762,602200,600433,648451,592357,593070,605018,616881,651307,597004,600810,643765,639076,610009,624680,578024,586596,622939,580563,611208,594180,600903,606384,598720,561079,637070,622828,602777,594650,551741,580733,615240,585435,628442,623164,536455,597417,596427,605841,588319,607784,632072,582724,574531,586328,599107,601088,603308,594232,669524,568738,627086,586936,547306,604321,624011,614579,595190,553859,581754,611819,586625,571022,592906,643100,647792,611496,605954,603663,568816,638698,609600,562656,602072,590775,614521,616447,600592,574798,637164,638289,629912,609265,611240,622186,583680,626755,584027,573965,567902,645899,612027,588844,600769,633287,605168,641264
647371,652068,687787,658357,657095,658024,735512,656704,639846,630094,655142,663505,683159,706394,694641,653925,674668,650241,654437,645732,707929,651934,651158,694430,666595,676176,637560,681241,629597,677818,672056,665771,726250,695450,680859,670486,676909,701562,663333,712812,652703,665832,710422,589671,716939,677821,698396,651936,644751,662498,640426,675339,647676,672129,667199,633470,677587,670889,645931,689086,596967,648248,656556,665780,636426,720715,675825,695251,653481,668286,681278,619987,687493,675462,624505,673092,657572,700703,668365,721738,711909,647503,611203,644156,701791,703434,667621,695114,647189,679421,680123,652848,653837,675311,699506,675067,606934,656734,652909,655350,636686,678166,648809,697422,727795,729853,670214,675595,675112,643593,701347,633601,705595,661980,690450,637544,677058,649457,696923,642114,690554,661687,673019,674495,675051,652002,660064,736808,698006,666530,615471,650045,701308,666971,646439,658997,708212,649258,699673,730200,656792,651310,694130,684388,623334,698455,650469,668071,702690,666566,677169,674460,642588,663033,675832,630118,633269,690168,638727,676700,667496,655667,703833,659633,683803,699343,696098,714791,692238,649727,714670,719992,671096,691645,641449,643972,677061,658634,677054,678294,674062,694276,690371,618127,688372,700438,659375,673615,593818,648288,668977,654339,724452,713784,637337,688681,665818,682019,601854,692793,684849,643416,647905,652193,664713,679837,688421,643673,712787,657921,678223,659573,639646,644781,689509,696754,641582,600651,638675,668809,646349,657631,672103,693192,707990,692895,668383,678836,642709,708894,670819,665844,668384,660211,686115,689770,676233,634294,695442,682892,671423,713130,681455,661694,664505,723292,640684,635247,622514,701853,665019,656533,663043,702959,674150,694726
595984,597565,638187,586048,576904,589338,616671,576041,591417,589508,615979,621188,615213,623706,632665,602720,624133,601690,631122,575584,644143,587158,592681,620771,596877,584821,612184,582152,579035,635107,582543,596613,635373,621463,602350,611429,613553,642955,583786,662723,566428,611181,623181,551317,638219,603418,620821,603368,603757,619009,562346,627473,582534,604164,602427,565569,620996,599922,626302,627846,571751,625139,620368,623354,569272,661778,595487,629495,598933,606560,597032,589002,636172,623746,571646,617307,549209,606387,579616,642598,638561,592222,582968,593725,618028,643009,607524,606425,610457,605650,601478,606639,602162,624053,640178,610306,540129,605108,617550,597485,561873,616431,575971,599915,639801,656680,615855,639687,588402,619791,622071,568491,647951,600397,640658,613478,627959,559940,639932,578104,626202,589975,617831,599199,594332,598484,628926,674954,668855,608668,570896,578036,643025,604332,604345,603042,623777,560094,625295,659424,568704,592496,634207,640243,566248,642946,600639,610678,635836,604665,604950,654201,617845,593321,602975,567445,569193,605902,587311,609301,619766,572986,660053,596281,614870,599889,601560,644126,607707,607737,647991,620995,615798,611423,606575,594012,627835,579687,593721,588494,582742,616833,600300,556760,636860,633570,607666,589457,549017,559595,603241,619945,634843,631429,586801,629985,582345,632596,579020,621629,603278,582920,569641,577787,626568,605193,604397,593985,657052,623843,625109,566402,583552,608244,634177,615684,592565,564884,564808,588500,608503,587578,604766,622673,635396,580714,615605,605516,583233,661596,619860,561928,631638,618465,619855,598761,603266,586226,639502,622886,592893,607444,637483,597735,599602,639065,578225,585445,577612,628849,622761,580677,611515,632497,628282,622830
647254,632170,667160,640579,615041,608887,694163,628763,608373,623525,631102,618131,633592,664414,636194,632616,632331,606073,624679,624063,668895,618390,618766,648983,617189,620312,620449,639922,595876,633899,621998,611407,652807,648069,639987,667827,653585,642735,641350,667408,627504,646626,656933,585277,693462,646131,632090,645462,625838,629899,613643,635403,613154,613516,613566,606970,616797,615296,600935,637281,584580,621034,622771,661428,627248,678593,610138,652165,599262,611311,644530,580510,662488,656227,596852,674059,604573,651419,613551,642620,616616,604150,621742,598180,654036,662116,636540,619369,636620,619437,665066,637328,629696,671495,641481,636053,576326,641334,623798,638842,550965,631560,603470,645142,685203,675759,627977,678596,611583,638149,662829,606554,663337,615728,681597,589878,670780,613848,651797,599460,640069,626583,626894,600186,630913,619308,632083,667690,672619,640930,580370,616144,639379,613252,624194,624666,652972,584206,640483,678663,658207,631378,659288,641899,621263,662346,626052,653340,676832,596413,641836,647896,614559,621327,641621,567577,589720,653845,620301,656490,647603,602048,667701,617774,648156,632347,649571,683585,636143,638744,661538,668828,629238,640333,627627,590869,637161,611641,666892,620778,629730,644159,675119,598619,663655,638933,631621,649020,582056,590491,627852,631475,652870,669052,587585,663298,613500,657382,574050,631930,665603,582226,593605,619224,633296,625113,645965,605300,681902,623101,616664,628961,632042,635517,681710,645700,623868,587917,631064,641707,612061,626230,636828,672676,658153,627663,641348,657772,617617,653848,639955,615520,635747,614654,634158,652709,645061,591566,647760,648248,655951,664545,660430,631236,597533,660087,600053,609166,587563,665174,630328,617821,624919,667668,631893,650301
638392,644985,681054,656655,646825,642206,712407,643671,662763,634016,647609,635551,671078,688572,680946,635351,662060,638876,656721,617820,702220,603662,643913,683822,647161,662542,653351,647267,664352,667780,652015,638696,720319,659100,629532,684653,666183,670741,650590,717016,648144,672556,668678,585242,696403,649263,668040,656170,652879,632093,623631,699955,639119,649859,659468,641556,654577,670162,641122,660127,593075,681375,637937,679648,624236,704760,647381,695023,652435,655372,657189,625018,682964,690019,624561,660671,629898,693203,639511,667030,675542,644727,645943,629897,703393,708522,661630,661501,666354,667983,686041,672768,644080,686694,707738,679139,573806,671284,650647,655606,635076,660799,625268,674161,718605,701790,666447,708193,677329,664240,660225,605167,690196,641838,670457,626298,697174,641812,696251,630459,668879,646042,665117,631816,658722,652353,661990,705973,702423,663579,613221,650802,691540,647263,647344,651472,674181,643546,690461,706510,652048,643913,675975,661074,628558,685822,673147,662896,688527,633378,655633,667772,656245,632182,665650,620137,615589,647396,635681,668423,663070,634803,701935,663835,649352,664383,655041,709894,669551,644669,705649,690112,654704,685766,642937,647962,662353,622285,668604,657996,670384,671339,678886,604761,675006,708356,669590,656170,603995,636907,655159,683280,683722,705162,642786,692705,627348,671117,617712,658179,672979,650720,641144,644415,668777,668910,685590,641787,695603,662178,656600,659890,637865,667529,675901,697102,615017,604425,656091,657816,630347,652126,679074,690082,710316,675056,657458,675228,629116,674617,663039,624917,674248,649086,673845,674727,659397,630135,700468,687198,663832,651388,677393,657201,630384,701703,632741,656978,641044,677842,686654,645142,653947,697722,694536,656482
599496,581112,623571,585993,578780,592218,658731,561851,558012,577840,568591,592503,611982,622248,626325,581361,607581,586964,586597,560028,610582,574381,594454,585103,555630,578757,624027,593552,569122,614674,596377,554586,637093,594851,607016,594252,605698,599061,584664,647461,571825,596803,635955,528281,632910,607018,617193,603835,575938,579126,551266,616377,567672,586740,585277,575661,590616,599261,582543,609739,561000,614313,596616,593039,575768,640548,591177,603003,609793,576130,606765,551168,583600,604921,538432,610448,557402,604905,578978,626349,602171,556873,571882,560282,584499,625665,596568,615847,612871,610035,592081,593941,567626,621640,623715,600844,574658,585589,577221,600422,549106,591040,558263,626548,643124,634000,599087,605679,594854,592735,607009,564758,624459,602985,618423,576114,637545,556697,630351,566675,593659,590243,579150,600297,584732,569732,568557,647147,651643,589241,564166,551273,611941,609359,574169,636802,620748,557645,621559,638279,574282,578909,604931,610188,559129,631439,585803,599285,626998,591550,585917,637372,582135,581557,626907,555898,561506,621901,577120,587761,604147,582305,653487,575030,598578,596187,624541,625806,602318,583136,631357,615258,607891,616874,572011,587907,573355,589084,599015,579256,594758,576683,598426,543841,641895,625635,603482,603206,516341,570199,599679,593368,618126,618299,561963,624774,569658,627586,566904,610851,604326,545371,559371,571928,568869,579126,603515,582142,659078,616584,593122,587159,569930,566941,620425,601565,579517,542689,562497,589023,554919,590321,587579,603010,611535,611172,594508,593244,551469,620685,573935,571382,582521,598917,589638,610537,609796,548690,608609,608797,580253,616098,607020,605005,572212,648412,562659,567036,540801,633796,598001,583742,576063,638832,617255,620250
628201,614043,653140,641820,599578,615641,667666,585545,616814,636131,607467,642027,639245,641114,659340,617589,617743,611119,629164,608185,649931,616908,634891,636589,643992,628410,634398,634178,604053,652299,625001,607329,663389,622228,626733,641254,644419,654450,620676,682512,628747,630002,655733,572114,685328,635257,664875,636164,633759,622190,599433,657055,603985,640797,626571,627820,616703,651840,597754,639996,582657,628950,637594,660317,604565,684618,625684,660992,624234,637159,631146,587701,633897,656301,584605,678404,609199,643970,609316,665763,646590,596980,625704,606873,646826,687288,619360,618306,627621,638108,641382,631219,621220,636142,653223,638579,552885,616959,644453,635650,598085,634102,600517,629627,669399,677106,656117,645275,631815,640673,659387,585374,680019,652090,665243,611666,635129,618736,678629,604639,639016,601063,630641,608135,627243,613693,641553,692213,675543,617632,609008,594840,632466,621213,611568,635799,647053,591582,660022,692458,647966,633568,649065,667296,616930,653207,613696,644670,645679,616048,646043,640900,619079,616191,636202,574978,581934,644972,584210,635956,645376,598401,651204,602282,642503,629656,652056,673960,630363,637966,665665,660492,618578,648093,619945,603051,611182,618753,663235,617383,609811,647625,631475,590595,675283,669338,618712,633487,564436,615656,634719,617134,649843,691951,573974,640562,612014,666756,601037,643802,655323,610066,583476,578576,611164,621927,634372,627360,680373,630659,650404,613134,608753,629235,667639,640092,590059,585174,620545,635359,612208,612528,636499,657947,677909,624307,661284,664066,587744,673784,628466,602084,630449,628739,613868,637402,618338,569853,661448,671677,628033,674572,626701,642459,614420,641222,617504,609138,589026,657788,653119,617869,636232,669734,615680,666564
649453,675955,699739,651821,651147,634253,711519,633957,646333,652420,664074,664155,640155,680307,649962,676427,668016,637051,637393,645491,699169,637313,644154,689641,646475,667505,644919,652773,643414,691080,638842,641280,696680,675829,633534,658642,693979,684209,663732,695265,637758,692279,684345,589454,681480,659314,695295,635727,640828,653341,639564,702857,632732,667458,642364,637950,674928,631935,663938,684930,614059,663696,653605,694926,635508,710779,650287,713557,661537,657947,674890,587321,688531,695073,627662,683938,628987,675787,650548,693606,684148,620996,668790,646946,691323,661004,647742,669569,656738,665433,655183,664910,665071,687557,672796,647871,587690,670072,654425,672717,613741,659764,599762,697134,732601,675222,650050,686466,617302,652293,678455,652773,697682,677132,701152,622364,675238,628151,685710,661030,703432,635995,636704,647732,676131,655019,665071,711306,688674,679613,616874,625535,690997,653792,636211,664681,697030,621971,672937,690650,671955,665764,655926,702440,621896,680233,657490,671987,705778,627740,689033,688468,654259,629114,647529,632356,615869,668155,652848,670869,670452,670225,698338,653472,665727,648918,667919,717416,653983,674260,711027,687208,651616,681878,646268,642646,660046,642238,659019,640839,647307,666781,681865,625596,699942,674849,667337,679101,603726,636808,658972,667438,700407,689139,656896,678272,641092,665933,634341,688055,681061,641497,632344,649655,683270,660209,658176,627281,711061,649505,669812,647327,631092,665101,687145,688166,640171,635071,647877,648376,654116,640818,652903,681665,695827,658469,662621,651593,652457,712446,649451,629829,662204,651706,689477,666033,660378,659364,666112,680050,676154,659341,669525,660493,637865,701567,648459,650817,622679,696457,699076,652423,660996,703267,668788,721738
651287,648047,694039,636363,658609,621848,686538,609565,627828,647430,654451,647174,673348,679575,690924,660265,655233,643065,659185,628449,664241,623726,633044,675371,658285,655957,649345,639335,609773,692404,655594,626040,710581,662564,648958,647515,660916,650130,630947,725795,654077,657788,687316,604265,699409,660113,703978,655534,637257,659527,613608,679233,618955,642974,643049,636030,642525,668063,653825,680821,599069,639858,650933,654569,636691,725955,653119,702228,647827,646900,654107,575812,670250,681010,610394,661033,614785,676244,617840,670802,702646,674025,645328,627436,687464,701522,626041,654710,669927,672736,644666,643165,667268,658800,685962,659335,600114,638388,658522,666151,641389,668546,611582,652200,720802,708463,666562,693562,649957,643852,685387,618399,680198,645976,663591,618866,674570,627310,682647,639381,686670,650953,635685,651004,689266,650211,663272,720604,682814,640673,616603,638522,673930,624116,661738,675248,666918,619860,649271,681708,642088,629690,665647,678027,639098,668889,670022,656888,692818,663521,665640,687291,671259,639259,651261,610562,607174,662647,641879,686531,683377,634955,663609,671848,659837,645619,683921,718991,653965,651230,703364,698490,648821,665223,631194,619445,680334,629019,668016,654440,651123,676849,693004,606298,680660,676473,638774,676826,590410,630705,664274,647435,682211,688906,639706,678669,660254,680055,627428,661490,675103,612544,639658,631091,646386,649468,684374,623114,707843,633664,651027,635281,612319,648043,694278,681907,645105,608959,640821,664644,625814,632526,679789,689524,701595,678330,633822,672021,652948,704780,668723,621605,669713,636566,659681,681864,661617,615198,695398,675593,670240,674055,665641,677649,653984,694409,661372,628215,628767,704770,683834,644821,652444,686420,680133,668426
635533,636588,663825,617130,628658,614849,686236,598716,628943,605814,628116,627874,611740,674096,644803,610333,622808,615436,620042,592405,680921,609669,638734,651348,627861,631114,611967,605904,617230,644748,611748,615503,693563,668196,641115,637979,635538,683432,631317,681793,614664,623192,648203,549841,686634,637562,658011,627767,591275,615839,609188,675371,590828,630736,637887,633253,640123,623749,615880,658811,572873,646989,617846,645401,605864,685062,647022,643237,600318,630166,635734,583891,636478,672277,601518,673170,614523,644987,616952,654269,647741,598837,633563,608373,647046,661061,627408,644750,648724,625983,641583,640287,632955,630905,654785,636633,575179,631188,642708,621852,590766,652306,578773,656002,686369,657791,645403,642541,630027,627227,644919,606494,665664,616012,641727,615634,647939,618207,690698,624777,648928,606402,628702,616856,616268,609411,628925,671215,673847,643700,582108,617665,657352,607440,614709,611262,634995,598937,657070,656157,624179,638212,658340,654015,598626,666225,600007,632534,672585,598066,625859,649810,615900,607706,646689,579981,572472,645262,611330,623204,632393,612780,675304,614599,650825,650541,626335,659416,658935,622320,674399,665199,651751,638932,604627,593028,633678,617724,630796,611029,636998,638914,641358,566052,672767,647785,612803,632112,564624,587685,637050,630985,652860,675958,600842,640217,617991,632438,588631,622683,663289,610158,596078,592861,629614,630139,643975,598211,683774,607722,645371,617260,604110,629651,642872,637709,606964,588510,608128,614956,602301,626618,632317,664130,687478,639470,612962,624623,615906,678010,628722,591338,601280,626990,641738,621045,625121,581856,640018,639831,616348,639786,630054,625718,610592,688037,614567,613513,602375,686496,663236,619674,614030,658168,625231,681657
634505,625338,641886,609876,609143,584458,669100,612626,619104,580230,630671,607737,640484,638240,632374,585646,623989,597982,631100,618239,647887,601116,607808,624493,611379,609159,623263,614157,594882,623704,594250,622682,680924,635162,609418,646976,648702,623488,624630,661697,611301,651662,643903,577891,677811,635227,642380,606752,595587,570114,591803,652449,587598,610488,610228,589998,622014,626688,613431,624309,595808,634060,626439,650472,609933,669913,622192,636619,611396,634628,640633,575293,642193,647245,602316,631306,613577,634513,616719,657846,649198,598221,602847,587891,648354,666607,596897,639034,599925,649107,637918,616578,606454,640447,646820,613401,582843,611837,607333,640494,587396,640567,584528,629028,671468,661122,617442,664842,616495,621469,628686,608963,644437,616923,663589,591933,659935,581110,632117,611907,635451,591239,630274,598908,610649,610273,615133,666562,666539,617888,558849,611460,651479,609133,611408,628170,640094,566139,632409,646562,621155,638206,633304,672650,595553,670142,635700,627934,655029,593645,612223,658048,627511,586566,605541,588142,591076,621731,616673,613607,623581,622686,692392,618530,635677,630913,634527,665119,627448,638477,641643,626350,603205,617354,600920,610207,612111,630748,664448,616662,631708,643053,625942,592611,647124,667418,618410,628417,563223,605987,641310,645652,656797,659574,595589,628334,604829,651774,592656,653154,624783,586867,606630,606610,633325,596130,625941,605206,668487,610268,637613,624143,583391,628187,650708,634769,599604,596682,597194,639926,610118,591615,624030,677540,661668,652610,646469,626197,605977,652777,614797,585163,611963,605193,615167,624808,622114,590951,657675,627427,627559,644510,632543,635371,597780,640077,588905,594442,569519,639123,640261,606886,609858,660275,648556,645295
600134,616117,646634,628605,571978,608671,664999,585647,635941,598954,594654,599988,632896,641094,611199,605749,647360,601493,607358,611770,650923,606283,597381,636584,602249,628726,593038,601622,577752,652170,615145,598139,675199,631812,611281,638505,631395,639450,598198,669239,590872,606752,652293,567184,650842,610527,663039,620073,600853,610853,616549,630715,576073,624471,615021,594747,611664,625412,597106,628989,572476,625105,634348,655796,630818,687897,615953,640435,614772,629291,616127,575412,657665,641288,602136,625565,623118,632714,605890,662035,674420,609143,612542,600171,661920,660837,607253,624584,639995,670742,610782,597887,587195,634637,662944,616723,596657,620187,615708,624262,592002,626689,594158,617553,662608,652144,602777,671695,646236,661509,664255,621371,661459,631060,657540,575085,652805,602918,676763,591658,648650,599506,633144,589924,599589,624219,615955,692681,644628,627705,556385,604194,624179,614102,623114,612687,608915,579608,636380,682933,628676,603504,626628,670305,579507,626394,600027,639024,663782,604343,634404,652754,624749,608986,646453,569089,590855,640743,629402,658967,624619,615303,664227,600407,622621,642010,641126,705932,631178,628670,660000,649277,641450,623225,593787,618658,622722,612736,653302,623568,644631,639940,636476,586283,663813,645109,604223,624112,573030,579500,644634,617157,655922,657120,577726,630442,599067,642982,599000,662073,645263,592557,585612,609306,605468,609857,648541,589907,670761,636787,644271,619054,576705,623046,649042,645793,601717,593657,582726,631702,602536,601954,632928,662062,663660,610228,610092,642140,601142,666299,611682,612076,591542,598525,623178,624260,621544,582628,660114,652987,632095,642056,632831,614157,582658,652182,616331,596032,593409,636790,620755,582855,647344,656231,635914,641632
638730,655491,675260,652101,618886,619489,692217,603111,624244,619845,631588,647724,658481,651095,653260,644350,647339,602084,642388,639839,661421,624692,608004,660793,640189,641390,610724,629595,613759,649212,658904,647327,678870,639248,644625,646509,664949,674383,647921,689065,659040,647694,651447,582237,688432,636022,652550,654602,623052,613012,595183,676521,595101,652709,664549,638996,647911,632057,643237,656978,569653,623005,657333,649737,607414,704799,637855,674331,598038,639260,635218,609147,648537,656403,630756,667839,641925,669924,654708,680056,682312,629443,633637,609641,651176,684209,638926,653397,664758,656928,646091,631043,639534,634431,649984,656057,554059,652160,644643,662764,608904,665636,606526,676926,697544,684202,621872,665866,615733,649702,671958,608079,699440,656629,669535,581559,677789,634637,696180,642662,657534,631343,637138,621789,627030,620715,631597,719648,712293,656883,565063,621063,674006,632862,616360,647458,678791,620877,663173,687597,648653,625646,664417,664366,597216,673702,634240,668615,662642,605878,640625,661003,627676,591136,657335,578279,628019,653389,623119,663691,653140,607469,676617,652831,634507,640683,645015,699857,659032,641589,697509,676340,666289,668942,583210,628406,629804,639062,671105,646457,644320,645492,663511,582430,669948,668096,640007,649252,585965,621528,660108,625907,677350,650423,607480,657419,601381,659478,606681,648355,665994,612576,623428,640835,638124,643764,662261,613346,700920,646628,620431,623171,583639,637444,673652,680381,614239,610149,607095,652302,598773,638737,634822,663588,689575,648552,626946,635880,625486,669154,642859,625689,648170,623418,629141,675847,618060,615216,659373,638113,648418,658524,637472,666016,636725,679446,631329,631456,589119,674191,673019,641291,646867,660502,663434,684516
618595,604681,659876,623327,601550,585994,637221,572576,612595,604809,605653,597483,620625,636577,633787,611668,636218,614325,626624,588425,661434,603212,589086,631763,609010,586908,635065,621251,567883,646405,616319,606872,658124,610607,611318,605702,618441,607696,600342,651287,557948,633915,627648,585941,658154,617524,635803,617371,613003,608512,580608,613808,580224,632051,600517,602147,615475,607547,614129,649808,560496,599676,626523,660122,608659,638743,583304,645707,632302,622364,620218,569506,623690,633879,578396,643830,584993,638441,600492,644389,622900,592251,612647,601078,641515,654392,605000,623723,624516,629161,588236,616117,603865,634964,657593,615858,555527,612995,625057,635269,560631,625132,583440,641233,654512,632037,616529,661789,622284,639076,651528,592129,662477,601564,649543,575158,632985,614747,673446,595492,626665,615777,628611,602412,623286,600064,593815,680998,658606,639611,575188,603326,626075,597449,594152,634520,615949,566949,621058,667725,602615,630193,630816,660061,617299,676215,612952,633800,667633,595071,641304,653945,602381,605026,629264,548689,563866,628956,609230,630486,616474,585883,640169,595964,611499,659889,624845,688132,612464,623476,666186,634994,652099,638577,585315,584280,631294,586003,636498,577399,596575,621910,645133,587349,667040,651954,593495,631755,583315,598817,606266,639837,642986,674330,564607,624934,581187,626215,573665,638340,644780,595412,597917,603364,604693,632517,638869,594694,669955,620943,599730,602748,588481,611888,622993,651402,612699,562780,604252,619075,627627,597039,611700,638433,652169,624933,617650,635716,601774,657307,625159,579620,648109,621639,606889,633562,606815,555653,630841,649131,629606,630724,635208,639794,599179,628595,613974,617263,592059,656365,635147,583879,648123,696389,615251,651232
599898,619552,619225,612503,560069,586704,653585,569059,596696,614122,586680,618727,609965,650740,654591,598656,631279,606789,594071,584240,650596,587838,606754,634693,613563,614632,599911,627894,594966,633854,606347,589619,657456,643926,615120,623473,643431,640826,611419,661068,610540,639805,634422,552545,652431,646904,641997,622935,590615,610935,576331,651472,576284,633616,615026,602712,639474,605035,598793,642285,552310,627604,627807,649830,586099,671070,593059,666289,601638,645597,628618,575653,626765,634957,578647,645761,592636,629068,603371,649225,646884,589828,586714,617281,651272,645372,635968,622221,634967,619651,613083,593444,606618,641605,637201,631247,556432,603433,610913,620384,588880,645729,551830,617860,670699,687068,613408,647025,615095,617987,639073,589467,637509,636110,627617,588010,626488,598574,648697,593609,638227,606949,600530,605017,609051,627044,615481,666716,651773,613666,582102,610768,670156,612905,606497,603330,639825,582848,633403,670279,609289,622009,628576,637883,613126,630864,608517,612796,644174,616700,620882,607894,602505,580202,634697,578251,553959,603282,590228,630091,618712,603173,688442,596860,629913,615731,627248,690787,618889,612756,682783,655808,611946,609296,603553,625857,617282,597770,617735,610767,593286,646421,632230,581903,633316,656035,625456,610474,556027,590966,644156,640649,638316,635526,593618,622222,577770,624619,607304,634639,620596,584067,597737,594680,594253,601586,643709,578968,683699,616166,628195,576563,583257,603953,638856,645802,600017,554626,598412,592396,597743,605526,624440,640197,661463,624580,618925,628479,551788,662683,630278,575131,622403,608974,625735,635504,620518,585471,652292,636161,600311,645357,614043,632277,591632,663426,590852,594155,582683,656298,609215,596205,614106,650806,617494,631356
589020,631174,618008,625545,605489,577836,637254,556117,605722,588985,601565,610861,586025,623449,640477,604615,614807,585225,601220,563212,631733,559866,572548,616531,589566,628901,593892,593140,576339,625029,601249,590956,673765,652254,600055,608575,620558,622033,581653,650230,581848,599925,639201,537704,626820,598950,625300,584654,566927,600790,573546,657485,572263,618989,621197,566574,618135,604303,594153,636402,531562,591041,618053,607124,589275,655520,598699,654461,599649,616809,570025,556646,619624,608606,586425,630234,561947,604529,583557,616755,622448,615909,616588,581702,646075,656005,612415,619804,626698,644443,589997,592226,604648,623004,629358,591625,565338,614735,596930,611417,567623,624415,564347,636134,667788,630109,605583,636982,604077,616033,634448,595886,628888,610551,602047,581351,622440,614693,651488,582391,635265,607631,596011,573505,590126,587935,608039,646819,672189,604567,570720,567633,627823,619265,600884,612745,632233,553938,611512,648335,591938,611752,627400,603007,572316,647187,589266,612385,664024,590160,604558,628426,577825,581067,619043,561700,547792,609744,594255,611874,615095,586349,672961,598202,630918,604878,600846,645705,593619,605669,646348,645537,617706,635567,590123,596849,626934,576228,632400,581847,610806,595462,623893,561074,657832,638477,583084,616238,552661,601244,590903,588958,641323,630470,562932,618979,581557,604419,586017,594122,623760,608366,586445,583166,602637,615593,622408,551697,673439,604911,584927,592021,562761,597963,626608,633681,598464,569220,572323,620364,585682,595117,637437,639198,662014,610499,590630,601663,581287,628059,615066,591265,619274,620021,586631,630774,599423,567169,637405,633415,582772,615237,628283,611811,565928,635461,591801,566329,591206,629064,599335,593528,591481,635092,617076,645967
618542,630797,633078,620091,611203,582296,672710,575007,612769,581551,611474,622114,619711,639013,654336,630606,632312,615785,630505,611309,652868,610158,595055,623588,606831,630374,590666,623708,620560,673421,602291,620864,676591,639769,580353,625800,625846,669601,630155,670100,629248,625849,630479,570944,657631,632640,657622,645128,602413,619167,599482,677017,576812,633976,616150,618412,625611,616850,627009,634319,557162,619202,626713,636232,610170,634217,630714,639614,622184,623377,629637,585099,631065,659475,590053,650522,625182,650257,603816,629401,677727,588376,606978,599633,657599,690174,601943,627474,640047,658873,618206,613865,608941,634543,635670,660187,571339,622046,634040,631741,609780,619927,584043,639014,666991,648040,627592,654156,628683,630787,648028,602212,660549,617111,664676,592895,652349,597560,655570,611198,651666,621145,625472,584817,604689,630696,612416,678166,692403,622784,571370,633144,629427,627093,599823,635220,625730,585785,627195,674293,606125,623227,646459,656407,608935,677732,601947,635272,666314,601532,627282,646386,613961,611744,629423,578643,596488,643373,598924,616810,645819,609131,670348,611367,636489,643873,642453,680173,616601,629270,686015,652116,645242,630744,619593,626968,603385,591450,630191,607897,637655,637015,624544,576681,672082,642549,625722,629072,564090,615156,652255,640404,663921,670071,576375,652109,616840,621205,591535,614360,668825,600809,603227,613345,624666,634461,655736,606034,667431,616035,617950,620625,565222,626207,625308,644182,579155,578837,619686,640893,605041,630732,628414,650250,664118,648658,623214,634221,585632,644064,611107,594855,628870,591206,615363,657255,620355,572117,642629,649066,620349,639741,613924,634848,612959,643338,623350,616125,588814,652265,632494,613501,617777,667200,619193,648697
590375,617536,623545,610044,585154,588836,676009,578396,630134,599579,587315,620392,630810,651623,643545,613432,630189,612511,588360,611000,665584,601209,617483,641663,629757,648870,614649,593795,604821,644314,617771,604654,658502,649121,625443,614847,611785,642759,607624,674842,619926,606555,649207,567217,664264,591611,631656,609435,614952,618237,605540,620614,604770,620558,603973,594399,617509,628319,612564,614471,574407,617682,620695,622893,618976,664596,623783,677510,609612,616668,623637,552763,647499,625752,596421,668694,601520,621667,606794,633476,654273,595718,620393,588697,655261,657785,620310,630610,634652,643220,627664,635697,609763,627038,634236,613967,571001,638500,615477,616595,600207,636707,587701,641169,691738,661458,608662,642683,602279,631060,631869,594826,664974,625824,620023,573645,632750,599304,649871,610951,643514,599574,588770,588161,626667,610647,621836,683785,669811,611040,555165,590585,626327,620630,626928,633465,625928,590093,629105,648558,629111,634652,625005,648790,590573,661039,609453,638222,654289,600391,609719,609929,593756,594530,639871,573187,570504,626491,600046,610965,638929,601616,663947,632112,618449,637798,610211,673271,611999,631792,667858,655871,622118,661307,602581,621415,639734,604610,646038,595054,636897,627106,643426,580978,674931,631734,579319,629511,557101,610948,636335,619123,641984,664754,582724,637782,596213,622761,586373,654985,638731,612954,589671,615799,620489,612535,635988,606227,675457,611440,621697,607004,573740,625323,644318,647103,610665,566234,593218,619139,608273,602452,625380,636595,677926,618206,634116,624326,622169,645708,611388,599901,613850,625834,638229,640646,614010,568220,652565,660074,622113,619743,623897,615858,600781,643472,584613,583789,595094,659566,622710,592020,635084,676327,633384,662432
590538,599598,612350,615704,563924,578039,635596,558442,596970,569225,588908,607634,607948,626040,601409,573479,611812,588550,572681,582018,625273,579152,600314,608155,589217,591447,575000,605879,575848,596533,568016,586109,626545,603400,598063,602718,613447,641712,607081,629285,586912,607375,636787,533439,637868,587992,605357,584541,571653,565194,586065,638480,576788,586598,588839,583555,605960,627621,617417,625165,535872,603353,598231,606672,554027,655411,578570,641184,574299,599524,609490,530753,597923,627394,570174,620074,563213,627935,602579,653129,621319,578993,580704,565227,621642,634792,619441,629785,604488,599038,591386,573240,592368,610932,618957,583817,539399,604303,564620,582002,556221,630102,562523,626596,635896,637016,594092,613540,580385,605558,625775,581044,602990,591328,608904,563729,621401,586829,629990,613056,635458,591964,613210,587412,591288,597043,563880,662329,656974,595214,532184,584546,610602,594121,602345,597142,601707,564658,631122,626192,602574,597375,606401,629280,560445,646341,585087,615908,632387,564165,593561,627681,596993,591228,576392,571399,570189,602943,598531,601124,616802,572915,632787,595069,603346,625099,608215,649179,578700,618883,645998,633444,609476,619714,578044,547549,584416,583240,603718,569909,606285,598791,617838,560052,641400,626405,578391,606103,553447,573535,580225,611062,629316,650929,590977,601204,580438,598338,564846,622172,628162,580107,575709,599244,608879,592049,613064,575295,661315,592087,607648,568719,549954,592212,633066,617171,586459,558706,589569,590296,598955,574977,596186,637643,653233,607814,598956,593138,575538,627793,602943,577448,569970,596313,609312,620248,588920,574492,612628,639610,600345,602334,597627,603844,601912,636230,572271,590835,555942,608182,619177,582725,605805,641290,604105,643162
659647,673749,686274,682908,635186,637542,706073,642012,636511,620727,629961,643569,670872,692045,674344,650838,675674,618964,618963,640648,701468,610838,634030,666178,660265,667260,651816,643738,656173,684011,666369,649314,706895,660875,642533,671707,661789,694842,657081,709751,641664,660007,684821,610497,676067,662573,696290,662624,636212,617860,644548,719686,629062,654272,670496,617825,654467,663450,655238,672098,599703,663747,644557,700166,639842,718591,658806,698873,646071,643334,649825,607199,683644,695109,632512,676761,663545,689149,639104,676323,692153,618977,658779,628304,695867,701674,657583,700281,683805,684422,673981,652488,640622,663347,687268,645468,599893,672307,645339,651287,628167,678922,632519,684047,717097,707625,660166,671224,659246,653960,686418,626839,697333,658123,686266,635821,674539,638553,710205,632781,698412,641235,638510,632726,642190,652478,666463,727880,697065,650785,616283,645767,686156,685179,655584,660858,683555,623608,659651,698498,635965,688068,677281,657446,602974,711483,636063,680010,701923,656612,654629,669618,652568,632771,652586,623240,617135,664517,660693,673672,651710,647718,712141,639299,673726,657473,670271,735044,636889,648639,701377,678535,665783,694001,623378,640388,632389,630503,684703,646513,642811,680936,672552,616144,675122,685838,650925,666349,599022,652952,668217,664643,696272,698846,642398,647618,640171,655757,607408,661936,680055,622836,641055,612737,668298,663713,674248,634064,693614,663059,679722,635821,609991,641951,683335,693366,608614,594205,641735,636130,628925,632867,647923,677379,712278,663421,666118,653567,638031,667493,654798,650598,649646,642443,679245,674794,671061,625970,685319,701122,660723,683642,633827,661301,634315,679028,659317,645738,639025,701835,665579,651550,656770,694055,669184,682396
625079,638922,661499,652894,624451,603152,692153,609330,627060,633950,614219,623922,653349,681445,658537,632224,653687,628848,608661,610150,661265,621401,618888,678001,639017,642461,625231,655328,611366,639141,639821,644883,672995,636470,626255,630276,651421,670854,665681,691052,614532,628691,660428,599661,670322,623651,641107,648708,636842,627809,629460,655475,623112,659765,643330,598455,644152,602257,625897,641131,583810,623638,628339,650081,626836,679001,630639,669468,627479,636163,638730,604519,679445,636134,604404,631787,619876,668037,624418,651215,673919,629671,629129,631298,661377,651392,638384,650647,664616,671891,665525,624411,655459,643647,652593,643936,573236,640330,645982,638145,619897,639819,594651,644462,700275,673176,650952,664293,625644,628909,635633,615628,671529,639612,643664,605512,645882,595778,665223,622489,679414,607541,634728,630173,642015,632658,638901,684461,682794,655573,587444,608141,671202,637689,630878,645722,652689,609866,649944,687920,650750,611639,634786,640543,581569,643582,644123,651211,672932,610306,646102,657189,629798,605788,635447,573850,591855,651514,617537,671065,647081,622100,669959,624232,638392,627997,637735,692926,638394,634792,681226,667818,620413,681194,609952,635446,650083,630349,629987,651505,656834,656131,661718,595804,673890,670584,631412,617290,574220,618564,657093,626033,687924,673992,593780,641811,645762,631369,590484,663399,660441,616113,611533,595840,644653,647777,675685,610444,667230,637674,642412,620034,608429,631812,671784,673512,607386,595346,606165,635540,636011,607640,638747,665049,681256,641163,645385,655010,607768,678235,656444,629355,652974,651335,627589,636077,652969,604298,661618,670432,617549,636682,627258,636904,641765,673417,638459,630505,599873,658348,652837,621242,636465,665958,648222,658953
584657,588151,633767,572606,576865,584446,631651,565125,598847,591484,572762,596696,620500,600365,641699,591358,613818,582164,606696,559821,615553,573105,559119,600264,601902,604177,581223,578132,565382,603901,580385,561935,650000,605390,595324,601067,570397,594904,584791,679444,586166,583300,619377,558250,643848,598823,636670,596303,561113,581363,521037,615629,547172,605894,578504,571836,575417,608113,592258,583794,547875,584937,580599,597972,573582,615369,600083,618614,572771,587194,600184,532777,592487,624771,559873,637317,567046,593513,579172,616385,611357,583466,625795,560178,615592,638347,583190,637795,595141,599549,587674,597847,602909,608509,617956,578194,545108,588314,601761,588388,551182,606982,561991,602691,645174,638368,606201,625636,584690,611166,645381,583450,633602,626821,630863,557830,620125,600249,606168,589006,607492,584397,586923,603179,578798,573213,596108,662505,652635,572204,524696,561895,594646,595007,599216,600793,639488,570536,589994,627493,575488,581568,628553,614558,599381,623558,607790,599997,650182,578900,611589,607967,571466,570175,614577,561371,552945,594691,572617,597773,605598,575734,624882,604005,608181,600757,608245,632249,595877,584457,619513,619188,591792,597464,603242,578371,617706,584170,600702,603212,566282,589564,607317,527870,654693,611425,604126,595647,525989,571290,607754,585957,624192,633019,541649,607610,559224,639558,564610,573822,607666,570907,560870,593291,598259,604515,628712,564269,635697,595771,579009,595781,559315,604811,604282,583730,579488,561395,568651,591400,572346,573499,615446,608251,625083,611769,599610,580255,577128,623322,577038,566373,577792,596336,612542,614689,589157,548898,613473,604418,584110,596618,603038,579740,577108,647860,576420,580978,537766,630918,601659,588359,590920,624169,603873,620339
619067,622301,632433,602712,589700,596681,684995,576609,586534,594614,593376,616978,632246,648136,616883,629676,622380,604252,596137,601827,629220,578391,618073,639985,624532,621596,633064,598992,564390,636939,620275,590826,667252,623243,612199,617364,643051,606869,614731,669471,624579,614533,649906,579923,662416,625711,668643,622645,599518,576801,588045,621499,584734,634859,611328,585374,614931,615127,584280,637325,566170,642353,625115,642388,595831,680885,595519,642355,600386,600294,624422,564391,629787,649133,573576,648921,576323,632985,598826,656776,648144,562284,629287,570956,639848,644262,636984,630237,601464,598506,611549,571054,599174,614626,641365,594583,572405,615788,594439,615951,596062,624109,582035,615587,674102,659659,617135,628538,611929,615781,647959,587268,626881,623835,646627,593958,638603,592429,671874,594300,619185,621617,600700,602294,618883,614393,597347,689045,650369,612450,585710,606946,627181,596154,592551,638975,656582,577420,633600,654973,627570,634062,633396,631171,600774,625428,629031,632743,679472,604578,612016,660209,614162,599875,634420,587359,575644,620840,618668,600520,641243,593433,680336,620442,634827,608012,609576,673648,623946,624854,650977,651260,613641,624999,602460,592315,593255,627433,628491,616577,637682,621292,638781,596930,661604,619046,601776,621592,528671,584111,636972,610129,647286,661656,596982,619872,559779,643174,567308,647527,634106,562918,592741,591222,604304,609161,641592,566603,673052,626790,613546,595734,581144,615063,645344,618402,602250,569464,600339,620019,588024,610670,615561,633904,644747,622038,654860,628746,593859,654741,601958,573190,614676,613754,602816,606637,609918,578934,642853,625388,636905,652631,603119,613322,593534,635339,600674,596455,585860,646585,606843,601628,613591,656497,622575,646837
623095,641292,680420,667074,594285,626108,685441,618330,616821,579708,636909,619816,622381,645987,645469,630543,641120,616053,623399,638523,659428,604381,631099,639501,645150,647945,641254,613280,606308,655815,617346,616145,672728,651611,636393,652484,658652,637819,629753,690691,615586,637029,639990,606187,691780,659557,660722,648747,617740,638596,612869,656460,597817,648110,636496,620024,641685,650565,608404,677146,585098,653543,649988,652861,605050,695491,648290,649903,625401,625409,647708,580474,650685,663911,611395,672140,593423,639116,632983,679570,650163,614491,621132,581532,654252,676678,650463,633027,647701,638679,628678,651990,611614,642124,679360,626987,565449,628945,612115,647295,583289,663203,603219,669488,695228,689998,654920,676863,633247,636662,662991,635978,670837,628528,660362,590388,631574,616719,658807,631653,638986,610266,627885,612001,634297,620080,652198,704012,656375,625988,602720,616405,636320,626790,614095,651227,619896,596233,653816,687659,627656,630451,652765,637194,621906,672508,644796,634165,670962,608466,646880,624277,613692,596596,631050,609217,606325,638770,603853,639744,650981,615124,655901,668804,625427,650015,643421,706524,626818,629363,684846,660633,647835,672631,624928,614743,625734,622606,640558,637893,614779,657274,658728,563435,659913,673544,621474,646196,610935,619076,653417,635649,649512,663738,611143,672224,628450,671747,599874,661121,644163,600692,585854,576691,603484,644092,652444,607236,661204,613335,651415,654921,611612,625666,673154,661096,624435,585100,618176,652474,616372,616909,626526,667614,683375,637710,643772,654931,622256,655204,621317,618265,661114,651092,641480,632192,652657,596283,656675,642824,633121,636219,627522,630921,600144,672553,639558,632312,596394,683129,635045,640213,629840,688298,638621,668821
604019,650115,654075,605156,619789,592355,669769,575375,612079,604277,591644,603517,632655,624447,641200,616171,614722,623551,598346,587451,642372,603567,613109,657397,611042,623213,630892,609516,585159,652701,615370,617207,671056,612754,626859,589641,620396,637680,621527,664014,614961,607495,635256,589218,676338,590836,643380,607790,600185,565011,609749,632164,596913,616699,625773,603422,628453,639334,612192,627940,557677,613217,615746,616211,607841,659871,628487,660687,614615,595141,612598,572997,620221,656708,576332,652552,606877,655072,594345,644627,649784,607935,636434,590876,668350,659210,626378,637048,622808,653540,621721,591836,606701,638740,641615,614060,560245,629760,588527,622451,598354,651307,587006,638539,676138,664263,636019,654425,616463,622620,659868,612172,650291,640390,653393,580906,628332,606006,620149,619918,641580,588548,640974,600869,612527,608482,598699,666448,665721,621528,572673,597145,640549,611995,635306,640647,628921,570691,629868,667851,619438,613169,628294,664736,591498,640307,627440,635309,665706,604182,628525,646137,609077,601922,639396,578315,570020,621929,590229,637469,634112,594523,662272,623291,610315,621941,613933,689815,607217,631122,649006,636569,619676,647141,607776,603407,616856,606696,656602,602093,627375,619567,649117,585886,683640,635596,597298,613474,543065,614847,620305,605657,671302,651715,584352,625764,575206,643372,591471,668442,613573,573977,604408,596455,630111,628627,656100,601563,690823,632554,614729,601630,605784,617354,668883,652106,595356,574626,615117,619391,616830,609848,616305,642658,666070,610124,647518,644122,631923,634944,624612,614012,619640,608269,629534,656676,626582,572610,638701,652199,635679,636596,614357,650798,604657,636720,602041,596020,581178,639261,640597,606721,634092,655232,616624,658141
581849,588963,649730,597347,600218,556493,662900,577469,585066,581631,570102,596284,618987,632461,624851,604324,588174,595301,587048,573448,618374,589488,593097,619932,575562,616681,584565,590354,560794,654854,598952,582608,639988,612968,605994,599934,588935,601003,601904,651154,588517,604320,635568,547485,632062,598188,619350,600648,595472,623503,583949,636731,583781,593132,617136,581726,616821,590683,609076,616600,553470,592687,620462,617574,604295,656732,605533,638640,582420,612582,601529,560119,624219,622921,559271,632039,566217,636227,585484,645255,640139,598702,588031,570596,619168,648171,580925,612874,616117,605651,586281,607746,602993,618974,632437,598572,525294,596365,636395,604440,559902,580581,561335,628904,678027,654989,624436,629779,590362,607071,617926,580811,648143,604725,637966,576420,608995,601090,646551,577610,622282,570442,605266,605645,611216,594776,583701,661193,637723,600200,548416,573686,602314,592913,596263,634435,618880,542398,630894,642063,591461,618098,626947,624416,585210,639512,603645,625195,628316,614910,597951,622809,599358,571812,607770,580554,555198,623958,607650,616616,609606,591831,613962,582256,605724,580902,587923,652005,607264,621877,648282,626213,640308,612407,592949,564565,607198,582643,619576,600660,591360,601177,619447,553228,630994,637783,583122,577708,557247,561606,598374,611467,607471,647322,571841,619638,589850,615252,557656,619892,619391,566227,601970,579045,618270,606646,631945,571522,647051,594682,606401,605490,566391,609967,647343,631283,573165,568809,594001,613647,563483,596179,609618,633454,632997,605441,618452,639741,575052,636313,610887,543997,616999,606804,614815,605377,626337,566515,609166,636612,602665,606307,621268,596908,586461,640111,599315,605567,581245,645925,607376,595326,623614,654088,613586,631729
615516,603504,636001,606320,598533,597468,637531,581951,589169,611299,602375,577915,617315,629615,612050,582757,600893,575153,588506,587417,641599,579263,578381,588226,596194,594854,586457,613088,578285,628585,609801,587792,654408,609145,609506,608801,649938,607563,610571,656286,578386,594155,640578,562147,648552,615622,612042,610755,592228,566498,580894,657640,574151,599918,618912,567804,596264,603331,597339,595040,544433,601127,583160,593916,579816,633555,596738,652032,593346,587183,598360,562372,652022,621541,585074,621203,578340,619554,599275,619028,633937,575928,575835,613207,645962,648789,591101,605654,614267,643155,618555,600823,592766,610637,609966,614567,563684,599630,609666,602448,559912,611242,570691,631075,667451,655931,614144,640231,591782,611950,630042,581436,621020,607178,617411,578373,638070,579288,650516,586814,613226,601457,610046,615318,586068,565399,607388,647331,637287,591449,556237,589485,624804,586391,608134,619222,614106,570513,610945,647542,603393,588246,630003,586054,581018,629972,591539,601827,646532,610755,604575,616121,620174,584180,589613,564893,560952,581390,578802,601936,619237,589706,636675,600940,599411,594153,627655,655901,617467,626407,638136,649358,635572,610096,586417,596336,619214,595262,598632,600835,591684,598915,620429,559766,618209,639536,598248,618964,551433,576696,600346,629835,658091,634539,575952,606328,612738,650745,570965,597040,617852,569518,582811,567088,590970,606255,614571,576054,637713,615698,606034,577113,587639,603067,622802,632531,565627,582843,574245,593482,592876,573160,600498,622986,655496,630280,620471,623169,600871,638617,623167,573665,612697,604983,605026,613694,610229,570026,643778,630412,619473,598651,619881,627160,585879,632111,581169,594608,588028,649293,616092,588817,595220,642295,616917,627980
575944,624449,640224,635728,589835,593427,656314,611812,578231,603910,611205,624102,641994,633134,614133,608223,633610,593355,592597,603624,655086,585873,595194,628313,610600,624310,589230,602990,580696,613178,610022,599670,666562,626459,603436,620099,621902,625795,630592,685101,586763,615151,650052,569588,661355,620765,627974,627283,596749,599662,603694,641113,573099,637247,598614,566136,666877,616323,611827,644111,548729,620896,598109,644693,588956,676030,599908,642497,607339,610266,608131,567065,644332,641728,592711,618831,605281,648538,590660,630593,636023,582184,606464,625079,641366,662089,635751,634344,598362,648580,627741,608997,619637,637595,659765,604617,554738,614495,589166,610211,564276,650184,583745,633663,693941,671707,600755,645239,609333,615283,623294,580768,663531,628370,628466,601019,633455,601329,656096,618163,657154,607247,617996,583340,597601,613360,628392,678500,656657,622368,571793,598285,640206,626217,620028,620369,635468,576406,639756,659002,609774,598838,626996,641689,586937,677746,591049,627489,650209,593781,622688,639580,620303,590019,616689,583933,572261,649223,587800,620834,606161,596510,654932,616819,616716,622286,619196,681948,596372,610711,639217,664329,622213,625386,589784,589644,619143,608382,609182,597224,604104,621276,628202,581656,642845,645925,587410,615765,544438,600166,621775,635609,670950,634971,598797,609294,594400,637922,556999,628882,655020,618391,594526,594837,611447,610219,656397,607251,643486,636139,619728,576963,575155,625146,627413,658925,584966,558641,598902,615059,570372,605213,619098,640415,675717,616980,631382,609931,599841,667207,627827,598803,644019,596768,650324,647718,607315,591547,624997,657631,594582,619199,615272,626867,583454,648489,598165,608143,582551,655780,640400,599530,620635,616943,621225,599916
561422,584110,604166,615561,583285,554754,642828,579284,584225,575500,577855,582320,585298,601552,608978,552936,618998,572031,591913,590094,606271,564022,588947,604357,590309,615970,581163,582744,562290,596307,581660,563130,637701,603405,582507,603109,586524,594648,599293,620573,565997,587070,618728,533843,626549,591775,590146,597628,594859,593981,550984,642649,565443,603874,597662,560061,616525,583270,569432,627277,548971,578840,612382,590557,576092,660362,573340,630220,578951,605607,572083,564952,616758,587640,553242,607923,546119,596326,575304,644365,607751,555880,572803,569060,602165,619528,581304,570488,615840,601081,572361,553256,586784,590229,611666,600450,533618,587618,592118,579478,556848,624636,563797,616737,645158,629692,598361,620253,589691,601994,585035,555954,624682,593703,614812,558280,586696,571639,640750,571488,630831,577090,576112,583591,599485,571872,593011,646400,609725,599771,540684,564002,618646,584647,576126,597958,603370,554140,632471,633827,603933,555553,598581,605166,556803,630895,571119,620032,615476,572556,596800,610645,587366,573360,600620,561349,529090,609132,549302,619563,618402,584605,654910,591377,586583,592374,602119,643663,617014,595560,634639,609891,587915,609782,569006,602284,598264,594552,606946,582914,583582,607198,601037,531005,637220,599529,593138,615604,548378,574050,607040,597232,601955,592079,541018,607807,563511,609103,542672,593011,616269,571757,554847,565812,597069,586429,621597,565020,637074,608016,597393,570039,552784,562412,652097,622009,559341,558773,572419,581924,573336,577620,594555,604058,619721,585924,579215,600754,540412,619308,580499,553423,587005,580468,588990,633964,602334,562610,601121,626321,579567,593579,598309,569734,545325,625397,579261,570893,577708,616336,616564,569003,612307,639852,624934,609004
644854,640526,650684,633607,627050,620368,700779,613658,607892,592133,634730,620218,648252,663963,657888,630897,663410,654598,652674,610529,677657,618570,604417,652523,638936,658264,623973,610984,591675,666946,636861,610708,715632,672550,628463,625077,669528,678722,636979,692658,645855,630146,671839,566791,688003,625200,667977,641396,615317,633763,595573,663659,608135,679124,630357,602652,623501,657355,644422,652619,591644,618849,640637,666939,608108,702608,631078,665946,628935,642462,629361,587161,649307,674089,601774,642482,598002,694194,634984,678555,693797,608316,614438,580434,665775,672438,630855,650995,641481,679138,653959,616875,625116,658178,681910,644536,590256,645236,640908,642487,636582,656427,586950,667671,680896,652917,642844,662001,649379,649855,654341,640274,667309,631325,664885,620935,649731,621808,686744,599443,655985,621808,647324,649555,601844,623366,642247,717771,673878,632940,596114,604231,658980,646369,614201,663390,656991,585606,677048,684671,641247,600441,630303,650953,623581,679199,654832,632004,676094,626156,639435,677892,664811,635985,653339,608104,620854,666067,620894,634786,647701,606034,678364,675559,636595,637961,665092,712874,656086,610828,668056,676068,660618,640189,631066,601387,610949,624843,643010,619377,655711,665556,648078,590929,687592,661339,636237,641279,585323,630577,642493,634355,664729,661772,589560,681629,643498,665138,593120,659913,682148,609868,608748,588543,622827,636601,663145,648249,695999,658243,618675,636252,614667,623508,671043,672605,597233,591397,612222,629786,599010,620049,635335,658110,696840,662251,644291,656074,617848,682994,642443,625863,653196,613657,632700,653758,657034,580583,645268,649498,625847,673198,644967,641466,603037,651311,629640,627254,605839,670167,640410,628707,630782,673819,620589,643879
641726,629538,641074,641898,618793,613311,677917,630418,630827,616779,643129,607799,617646,631358,655200,617288,653029,615676,610588,631544,660621,597282,605927,651089,638590,648886,605304,621264,602113,658588,629434,620360,675489,635889,632202,646465,633774,632930,625640,674816,604176,635916,652219,574099,649889,616998,645483,618093,623908,615717,614508,645499,604481,635631,655221,611066,635242,635922,651954,647133,573649,624481,637565,676286,621735,679952,619871,665963,610690,637892,643116,601180,649903,685928,602895,648308,589872,661645,628720,656718,660746,592906,629801,601078,665148,671471,640354,642767,652866,644707,639923,626874,645113,655423,671249,648846,583352,663299,660251,623240,602328,659224,591684,631490,704144,669130,651835,660711,636759,611095,631128,603007,680057,650216,692854,575792,636391,615554,675197,634970,683667,632892,639157,627316,650099,618742,599858,666504,648492,633856,608061,609470,640412,640413,606075,612339,643109,569724,645800,685453,626994,632991,627142,656714,606903,655454,628469,663729,674338,632296,623999,668003,624478,599958,635052,602663,609698,624262,631996,637382,636985,607297,685257,627389,653007,622832,657645,706427,630107,648626,682807,686868,630079,627873,590330,632939,616773,609677,633467,630562,638109,630249,639945,597156,646070,669114,649053,637962,592754,622430,657640,638196,662416,652007,586613,664661,608629,641822,615381,645494,658644,608933,604140,627816,648739,608441,666653,604079,661764,632892,645181,626141,575789,629588,645247,662144,613960,591358,616341,640258,602148,634915,628742,666241,667341,661062,645885,633115,621335,659375,640255,606688,617397,604225,617838,630514,647320,598008,630989,682299,645962,637346,623739,631547,605008,641802,618681,620966,614268,684301,625797,611381,626635,689748,643311,660866
631960,619591,639311,623670,617928,603784,682792,605033,599327,603529,603984,636940,618840,658746,636179,632747,621680,595585,594199,592793,670319,575921,588413,645124,634039,624388,615114,615751,604230,640928,602177,603911,657941,630176,614140,625265,626266,652227,612594,681725,594385,634036,637503,570652,644549,617603,629876,607702,626152,620565,617189,616009,572114,643314,620078,621618,631639,614254,611617,631604,565442,659813,630014,644856,622126,670572,610095,663350,625776,595603,635280,591398,633711,647085,558049,651469,583859,635514,605656,631506,650168,610617,603017,604525,664296,646648,620106,623506,641540,668285,627474,611138,614466,641102,640147,634170,557136,624673,640479,623813,591222,631662,596071,629712,668928,648725,636935,651017,628817,616168,637800,584580,651811,640554,671640,601620,644909,611861,664116,602671,652933,609418,643599,604281,606796,606042,601779,678537,627541,621219,583946,620949,648727,596132,620344,635817,622310,585071,595594,683055,619939,612959,656265,662585,598030,653206,623211,637304,668301,618877,612416,629472,615463,608128,618845,568903,561478,610565,619193,631467,629309,604490,671204,607329,632337,632820,652480,689465,618949,622501,670054,636891,632108,639665,596013,607093,618930,603857,667374,628377,604130,633358,653259,582146,663419,643652,621669,640379,575069,589760,640572,620743,646198,681627,602959,601737,602016,656133,585174,650248,626785,604128,626836,578118,604335,606300,670983,579462,662448,626332,617768,631353,578606,618841,660051,672382,594176,599243,593738,639171,576699,601661,629044,658009,644598,619799,644907,640430,609372,652233,627345,604000,638249,621642,642339,632771,625526,568423,667538,655212,648274,606751,631473,634303,593804,655530,606203,600311,587425,662722,632829,611665,627063,675369,626271,626005
626916,612667,670334,647930,601664,575522,686980,589824,598613,586740,621134,635300,624569,658736,636210,630619,617691,588666,607761,591953,637473,620938,603833,663895,608668,607656,598738,609980,609701,637128,603852,612860,670752,614118,615506,615746,630973,625079,635431,681361,635275,640150,663294,567873,678720,620497,630709,655803,620048,621928,576573,657168,578950,626083,597780,595553,643933,614583,587104,632038,567045,620858,624651,657191,603579,677057,609676,654436,623684,625113,640435,550066,624743,633409,595801,651033,580425,643245,614753,639901,633537,578141,629895,610166,653254,624943,626595,595318,594587,628240,629457,621490,621817,627871,648810,626287,558734,647726,607394,618461,588388,612625,569109,623273,681620,681027,652533,640053,618609,607606,645005,599749,643552,615375,643414,581507,628935,578897,653904,600116,645219,614058,616416,590639,618761,602972,591900,672132,665687,615350,580016,600317,634510,610698,615484,652652,613510,586141,617806,669147,633984,614411,624858,623455,595340,643168,618442,608501,632735,591418,644090,659905,622206,585574,643827,592016,560217,637075,569135,620769,625616,607942,657348,618612,637840,613302,623564,684387,613611,641450,682437,667156,635261,624673,623230,593560,656227,596686,599385,614510,613131,621955,628179,570711,674435,645951,610607,611554,557339,592145,612820,621806,653245,663671,589573,627423,593358,625045,591088,637937,641453,579763,589761,593942,611923,631852,637025,589086,664955,628699,624754,604247,589248,633355,645054,652563,579013,577516,637026,629812,604387,613177,635229,625127,650720,626158,627946,639472,600767,642051,622651,601939,625561,629274,626290,633824,642473,596825,646383,636761,620650,642539,617012,622828,602312,663596,584548,613376,575694,645316,629768,609585,636609,661627,615417,647792
632115,623863,661585,650160,609968,627649,678801,599497,627816,606448,657271,628504,649748,658063,639953,605141,623079,605205,647016,622860,650760,601141,624557,664196,616833,661145,636280,632835,575455,641582,636229,632268,663056,660522,639800,662810,674298,628133,619804,711304,628019,631895,655067,588264,704695,633617,651331,627455,614080,635431,587938,652299,576444,639990,647091,610571,633070,622771,598157,636577,582446,631505,643436,631155,595290,686757,606980,679235,617372,633808,617182,586022,645229,637051,568920,670143,589222,647766,597058,664230,650957,610615,638813,621756,646410,660894,614302,634111,624153,677888,623372,657114,637710,632191,649353,623304,580575,619588,638202,650165,598585,628892,577272,648058,703973,671634,614300,666584,613096,652834,644949,613364,660105,631893,666590,598725,674764,606313,663629,633027,640470,616645,585526,619459,613445,635675,613584,695122,663953,644334,590637,599640,654061,625305,612669,636931,636100,584573,646855,654637,628932,622951,635783,648162,603248,649399,633270,628268,658567,626557,608224,670199,625753,600192,607927,574025,576079,648296,626250,651915,646972,624569,671744,662533,634787,631718,643443,689033,612170,658805,663140,659881,639608,614796,638063,613747,651530,633840,643350,622359,635255,636666,640949,568819,667686,668435,637528,657799,573812,621512,644804,658473,660130,662739,597925,638332,619106,644862,585407,614558,638388,614960,591917,594451,640178,614268,649885,572815,688660,608413,655423,617785,600964,651532,644435,636282,600618,612667,608819,641978,605429,601462,646951,663966,677345,642686,637056,639453,610849,663974,604464,603036,623928,630226,604084,629028,629757,580025,652476,635318,627760,615760,648757,628723,592955,660864,632440,621161,597509,672963,639716,644695,616956,664833,630900,630288
654100,669813,712422,663588,646050,666055,694985,616606,635165,645559,681579,637995,668919,706459,677830,653043,649376,629033,667429,631682,721157,617135,642850,671970,662263,647206,607035,672720,654944,678425,650999,656409,737729,658214,671487,685451,668751,648564,641345,716800,642458,651955,674585,602905,701087,668522,701869,651617,649676,660581,633322,710602,651623,673545,675559,651024,672512,658023,657940,685829,605459,659102,662482,673588,646015,702863,667432,708770,653057,658475,650673,624929,671242,694042,620748,692275,627331,690958,662757,711693,707042,631591,670430,635928,681024,705524,661464,703847,669672,683450,639347,665298,654832,663727,702415,661430,587341,632632,667239,648154,627344,677896,656446,699417,740063,685513,663432,702741,682313,667431,678500,627920,699904,661282,681276,633036,683583,656447,714319,647686,693172,666655,651168,635821,686621,653014,660747,742861,688596,660082,634843,616245,694173,651370,641261,635610,676784,641971,683397,741405,648021,650541,681920,668606,634885,675762,648372,687581,707653,653808,652750,677880,654755,654361,662214,616964,613948,671914,651289,686731,649309,631302,725684,650849,655285,694187,677767,714381,686885,667263,715078,711650,653668,665672,644234,652903,664969,627837,658013,668683,659289,666754,686531,620031,684587,689873,656320,681618,610847,632910,668692,661007,710212,712366,623614,650061,620074,687393,629370,655034,695241,612902,627797,648616,652839,676320,692270,652731,697510,679012,645464,663025,612828,665120,681235,693234,616569,616824,657122,661896,651221,645774,663367,686421,726085,673936,682010,660000,626017,705856,662745,640535,669802,660719,660851,694601,664013,613071,676846,694583,677650,680753,680715,668651,631037,675870,619216,654676,633664,693907,650899,668839,658208,692888,676298,684059
586546,595526,608457,596723,600777,569090,636537,559970,571517,585414,568954,557459,604932,609534,596809,579690,592486,574861,579324,567811,609281,577226,576499,597147,602387,586196,565538,591026,593883,626614,579785,593710,628241,572788,606473,615621,597700,597726,576210,627622,581138,599572,593025,540410,635095,605859,600181,577734,597752,570214,589096,627611,592878,593688,611272,559367,593676,629913,587094,607904,524640,592705,575534,586605,585997,631515,585519,650819,571604,583851,601683,569396,601218,601058,565053,607475,577027,589555,579995,629978,626946,569936,578091,574954,631656,629744,577112,617431,609977,608217,610186,588858,591064,613106,627138,607336,561692,612210,609530,622964,580300,602292,558042,626220,653121,631375,621499,623627,588135,615168,614766,574269,614458,590935,626258,568969,603183,583580,595642,591216,625389,591465,573289,576281,580823,596461,574757,618673,636463,589606,565349,602598,625323,592184,572961,606836,612658,567998,606267,655369,615091,593686,600545,599816,579961,642674,608312,598578,627296,583471,588324,613974,600648,566220,586385,551838,546680,625911,571644,615753,600055,584028,640750,594895,607861,622132,575941,661992,576483,597253,622346,613239,595143,615955,563681,572719,593595,574073,616833,594334,595155,604057,642959,580180,585834,632831,593823,611441,549792,583886,601085,617576,615304,624785,575105,592877,579602,606176,583025,586411,608280,551112,571079,569500,608237,607828,637016,558071,635561,601764,581275,579174,541632,621420,612541,616484,574769,568018,588660,637342,560477,560869,585779,613144,637531,592783,600731,611929,551554,577830,594249,578922,558994,587888,604203,593609,607119,554184,615650,603347,603875,595023,589045,600186,576982,608382,583142,585465,558172,607464,595117,583629,591631,619500,610133,588366
607764,602896,661455,629741,613355,567376,658793,602434,606454,580192,600631,607092,620908,666212,614645,600098,633662,624240,608068,608298,643692,588717,632639,651541,626625,599584,615034,601349,567578,657922,629213,614015,683283,646240,626724,630791,651262,635312,622237,648362,590437,615112,667178,569904,654904,621140,640119,641165,624731,577649,600255,663888,577472,630049,626212,600107,620768,632001,592149,623792,580506,614873,616817,618610,589419,686953,599822,662368,620427,618979,626497,565199,657377,623062,571223,629547,565464,621735,612813,646539,662074,597211,609202,601753,646260,666916,621480,643369,649328,632038,592942,602264,614087,616132,667233,619429,559819,612503,626530,625257,585117,636015,608931,617611,673459,679551,621604,666608,642542,618899,629783,598815,682334,643612,647848,599463,639716,576133,674433,593321,646857,614661,613426,606234,615779,624552,601625,709452,663766,616032,566989,601485,639525,617095,608940,637788,618740,577648,657020,676776,608320,618720,651874,653789,572893,670995,618864,632750,649694,637247,608406,627681,644172,607481,625266,578915,602690,647827,617903,643703,643938,609375,678014,589281,604292,638386,648895,685485,628694,629993,691450,652372,637348,642855,601099,623826,636814,609189,623872,605870,612775,609090,634825,595906,642871,643425,609748,637969,584564,596497,630854,621043,665595,663701,572800,628671,613563,613179,604189,649895,636135,564447,595976,596886,609983,612907,662434,605377,676962,627017,630318,645759,570317,609183,656178,677591,562296,594776,604531,612299,615666,603730,610675,655565,681806,632918,642398,662348,597200,659352,607414,583097,633392,597736,637276,635696,617844,593604,661766,675882,627629,627023,639464,626849,615088,648659,620785,600533,613201,652544,634535,604391,598030,683865,630665,638186
602243,612872,636259,600615,562933,575154,637788,570136,611007,574871,593026,581883,617431,632184,612531,568933,609456,584027,602291,590425,634624,594004,588699,632486,594620,616541,581742,611232,573424,625878,621540,594257,655831,602324,620741,634050,599170,611498,610720,655322,615902,623029,622477,575668,618845,586455,638086,622548,594414,580489,577490,635768,571620,614218,592403,613375,606266,622292,588550,629090,546657,596475,600193,627561,583703,649242,600182,648593,589428,581575,591130,557075,598146,635574,600982,611886,599325,629546,603349,643698,642642,599535,581728,601698,624822,632852,586970,630217,621389,621161,604615,597821,608303,594455,618643,595413,557844,605293,612842,593408,569172,592464,550442,626845,658822,650088,592770,638013,604383,629446,634604,584895,654753,601671,642824,568197,635863,596265,643947,605671,625045,571917,601070,603204,605402,593380,615111,659436,646447,606293,529118,601385,606318,615730,595928,615111,602289,561206,632569,657755,589410,589702,607886,634224,573769,640774,591437,628209,630416,577596,617990,594614,611381,580710,615713,575296,566924,629759,607094,604008,620514,591338,628312,599787,603840,622949,607119,649737,618798,620014,663277,662497,610720,615390,578288,577678,616469,587264,613446,602454,594935,593564,626299,568171,650499,634851,582714,650615,545602,569008,603762,613462,647502,656965,591004,597525,579958,630978,587087,613228,613329,589537,580751,561994,615077,602735,642382,552339,647287,607740,619400,595439,556816,590495,635936,629769,601208,583624,567681,578326,565754,599568,616798,637279,667103,611350,595175,609425,582649,612739,589462,565746,619443,616332,638182,620126,583146,574273,641134,635375,608309,624340,610236,597488,596262,639653,593635,586341,567864,649642,597166,590455,598968,656758,615403,619667
644124,622598,658322,645834,634335,626048,720031,602869,621178,628214,654324,660148,652879,698978,662733,646901,662679,634243,652590,638873,693210,626665,626396,641926,652598,646071,632711,653760,645753,675615,624728,624949,708636,643979,647387,701081,651002,680224,642206,717475,632308,653428,679897,600416,692263,678307,681758,663520,630179,658030,608917,668075,625017,662305,634402,624888,642580,630661,668383,689371,630039,656491,661713,691801,628405,704885,642307,667906,652265,631179,662573,602293,648568,704475,626762,685512,612082,663172,616547,677523,667276,651714,636437,620955,700574,685224,646029,650420,632412,687051,659208,643333,662523,669959,669169,660245,599575,660436,631763,664089,610109,656273,602049,668331,686937,691055,682703,680408,655984,647126,665356,618707,695550,657695,687913,625692,677994,629484,686596,643315,665483,634816,628751,657598,653873,647645,649535,700155,704447,644120,592682,655208,648838,642043,630121,664771,666762,635358,650450,711524,650919,660305,660387,675491,626375,683225,651611,671057,685123,648986,662841,665714,622144,647596,650339,610695,619765,657061,633422,659853,646461,648257,700827,655002,639661,642838,658000,699059,641253,655255,693698,664780,656367,680126,659947,619836,631013,619205,643781,641899,619393,659543,666587,606730,685711,669691,653259,668243,591981,631191,666818,660911,668301,692158,632367,651241,621654,696784,595738,663741,666421,626754,618254,609989,666523,644255,682830,621085,698749,653506,651627,654002,624653,612706,687093,689661,600735,608769,654216,655782,618425,652032,656267,672101,671768,667531,650074,644115,614982,695074,660624,624703,665633,656793,667981,660476,660235,632624,690366,692013,628536,651449,663573,660609,595994,673091,627359,653412,592349,685594,681316,653240,663435,706248,649653,678783
606201,622948,648942,647610,599950,581543,665457,591770,612131,616500,634786,626539,627115,638153,657427,611673,638462,582703,630924,609476,663816,590735,620884,639946,627736,627176,627611,646521,602719,632302,604492,615108,675281,668154,614282,630447,640757,636006,631161,677397,614199,626533,645015,577865,694473,628309,644458,609325,636863,614577,597911,665742,598047,633815,633221,612298,648116,627848,623995,638279,553616,625909,613389,625881,592164,665501,622552,663169,605222,652094,639169,587943,630800,630244,592259,673627,605139,671425,634219,673168,641519,614455,624808,614652,636646,658932,618512,604574,625496,652329,653958,630865,617784,635695,630564,591553,559422,644449,648164,626330,590136,646537,583375,652758,655109,668897,645225,666509,623285,641178,648427,598034,644774,628048,636010,595587,636505,636409,669470,607456,630382,607079,623894,596519,607012,620157,616671,669344,686968,646093,576799,631280,645761,622214,624852,653217,655525,583144,630523,667469,636651,633360,638757,666076,614467,673863,637251,641261,671169,623235,619374,645281,611610,577677,649419,567689,565363,636187,619628,655368,638216,599137,689152,598481,651614,636552,634623,679640,639592,632376,660666,640465,631880,637553,586500,605553,653654,613027,646116,622880,611804,632498,624920,572151,660968,668665,632697,637087,585825,581484,637163,629622,654958,649826,602720,643590,609040,654838,587651,661461,657874,595143,597619,623478,634945,597588,656983,591143,692200,630886,633154,603710,579543,603954,653765,681488,611062,583575,604710,633700,614722,640461,630517,665805,667222,644454,639150,662668,590045,667935,616189,627665,635353,619309,623120,629590,629248,609242,654531,622189,646475,635090,637974,651027,611108,631179,615722,611694,590234,639805,647982,616939,638958,695203,655675,692547
618081,622767,673158,629403,612157,597708,677248,581568,613378,617923,613046,605534,619436,658116,616242,606706,635538,611003,615779,612052,669766,618568,624177,647478,622241,636640,631858,582434,580074,651259,614229,615482,646284,612264,632259,628479,636874,624847,627985,662055,623140,624647,661294,564685,657369,618955,637608,631194,631190,617046,573847,636650,602060,605051,614854,601960,636943,638250,601115,646001,581401,609282,658657,655509,601985,675861,616218,653852,610066,579022,616100,565757,647194,631282,585900,650317,611177,635946,607032,649584,645192,590456,618991,609508,657864,649544,607082,652719,624263,642702,602213,621307,640743,649116,657465,639559,571867,640287,627446,630695,578881,620358,577324,644322,696757,661677,638526,661473,614840,624974,624377,615286,682064,623016,656981,596535,663272,585302,668163,603456,630813,635133,615581,604372,631130,620367,636223,687651,659201,613806,564233,587600,644201,619580,606343,639746,626430,597257,654335,643058,647583,619108,659937,631879,583381,652002,611020,631249,659223,622456,638164,654139,636694,626149,630743,597738,602098,627948,616584,643257,628153,598025,649972,615875,631423,641679,627280,676061,613685,617478,661362,653941,638704,630219,610056,575227,624135,609925,616943,609819,609614,632759,665504,598080,651569,648468,618907,645152,583400,613039,630428,641819,646116,648688,579793,651115,582321,631115,575283,641491,645785,604077,583973,615414,622993,636112,650108,584564,676106,607583,625649,621628,592088,619908,661859,652172,600406,596995,623230,626972,601542,610766,651000,649644,667963,626834,644573,653559,620931,661774,618854,604859,652141,608521,623988,634270,642398,590402,641070,642171,620575,648580,643871,636883,596784,674256,598249,610077,592137,666312,630200,601225,629091,667557,600719,637516
578151,581299,609467,590239,563399,581002,639965,531886,567665,539932,540754,572336,600987,623226,622902,566339,593083,585184,599017,551273,601730,569042,567208,603674,611493,593830,556107,588661,576667,627903,617718,566970,625201,583296,573555,593805,573950,601839,577126,645279,581173,596335,627275,554668,609703,607780,611041,595886,550393,557302,546864,589054,564000,615820,590151,579883,558967,599734,589590,586065,533770,600284,595012,592107,585801,635716,577903,621529,596428,563864,579292,553673,597477,636467,559807,608364,572315,621758,571419,607320,633892,559172,607276,512676,630618,626420,569928,610797,590254,607280,568631,567836,576246,586494,608240,594407,534886,580564,583453,587990,547692,600392,530942,587231,640088,601515,594238,593111,600452,579110,642600,558130,634749,573283,618221,554529,608018,565021,643143,572649,612715,581580,595612,571269,585068,587541,594013,664046,631625,579716,531763,568455,596667,607715,591523,586230,610103,576176,596067,605491,566480,594594,611919,623243,572650,622039,573369,605503,629476,548702,612456,622926,578491,586070,621227,565873,561666,614113,598890,603549,594475,556343,616519,595681,593637,601917,587275,651160,582588,592436,632544,619934,614619,632359,566968,569206,571021,584363,610917,555278,572594,601962,600564,535502,634237,615854,553515,587497,526034,574742,597075,574675,621302,636394,536394,595333,565443,616906,562471,609325,594179,563561,553920,577181,572687,610618,624456,544538,638314,598310,563638,570311,554484,578478,603149,612893,580965,537479,575224,598109,552244,578181,583282,592085,609045,606441,570480,585442,571755,598243,574257,546913,578430,554849,603925,616440,586231,531416,630954,590359,601378,603656,592167,581181,570982,610787,538699,582062,564751,595803,588061,571064,588357,657466,582489,605258
601356,592594,653801,622437,611948,594091,648586,628462,615821,557104,592715,587345,619607,631418,623694,579085,595301,571349,576141,587310,619594,575716,606228,624045,612192,611151,583007,582746,590115,613768,606473,596465,634680,606574,608341,612463,614344,609586,611313,676552,584869,619342,650984,510517,621519,627296,617084,641660,570755,585197,566094,622531,562836,630009,611169,567741,598703,582173,597804,623341,577535,617647,610679,632725,598561,666466,621354,624086,586045,584432,604764,565887,630536,620112,557785,609168,586243,617459,581199,629361,646637,566714,599400,580335,611173,641447,611500,614514,620789,592628,614285,590952,587723,620366,644383,640013,544469,600385,622083,608319,561481,644377,577015,613549,669781,654834,608335,648578,609113,624890,608593,562112,662136,638502,651268,572647,609628,592946,641338,601579,627145,601941,598360,584543,612534,591896,601072,654180,639286,607331,558794,587819,627455,593783,608245,598784,613446,584903,615900,670031,593382,601765,618746,616351,579251,638804,584496,627234,615855,593879,605871,627675,601669,578985,588613,556268,569224,614900,576789,623758,622749,587213,640895,589819,611756,606570,607394,657097,627039,608753,673530,631944,621355,622047,571583,584683,595685,586359,602512,591618,599933,608256,607436,540533,637079,641355,591492,591321,536468,579431,598795,632481,621517,631636,573437,598163,605765,630636,574828,632084,650294,567809,560674,583404,615812,591856,623915,570103,610540,602103,600535,615379,557368,593420,627528,622338,532868,582569,590693,596567,589097,582172,621499,617697,632927,626441,595988,632870,601552,660137,603978,559202,598433,594797,608140,599881,598714,583953,633617,603655,612840,616640,599052,602486,556387,672453,595396,585133,590930,604582,610473,579784,610383,635544,617346,609066
617709,624941,659140,644405,611148,631023,683305,616672,622393,623609,617134,632267,620338,672004,643434,618486,638376,631748,610603,622823,684494,612802,602846,667739,625316,638517,617564,637329,605831,666147,630292,620704,655396,646761,635872,647749,657126,642451,609895,685502,639204,636648,667147,596452,663246,643640,649000,642900,609112,618801,602855,685126,593598,650841,664642,619191,654341,628941,616813,649941,575334,638606,647383,658680,596576,664849,619767,688658,637790,620066,628503,578026,657692,654564,615073,679060,607588,656406,630109,646113,681666,594337,620447,597961,652357,676547,605891,657039,674472,645866,632242,645305,613390,659577,663317,627205,572651,635357,658909,631542,581259,658187,584330,653167,722205,673822,640559,663025,625562,646828,656666,617636,665809,621052,666856,600135,672481,621462,696063,618156,648442,629262,643501,601031,634055,634336,629841,719742,666813,638637,584770,621487,671162,632920,637900,653447,647700,590176,650219,676151,658891,640262,667338,664079,611834,669621,632122,655650,661239,605153,652522,640740,620814,635139,648846,615839,587658,660174,630406,647263,625253,643035,665790,629149,624883,668117,629870,680022,621331,643787,696522,689147,644581,660925,615770,643233,627058,610722,657141,630534,629167,633549,662744,580622,670891,648110,640695,661881,592088,622448,643453,629698,681158,659853,584323,657394,630808,630061,616989,628954,647697,631557,622428,601551,629299,672702,677322,600043,673596,632726,632509,641729,589024,621912,646508,660523,621006,603142,625080,663914,598532,617030,605271,675261,682298,632908,657506,646618,596138,688168,650857,608101,645712,642939,655863,665138,634504,589099,679362,652844,597188,634115,661558,637273,610811,665606,637676,630086,593799,648639,639620,624414,635346,677914,633083,625233
603626,642592,641266,623187,612607,598607,678091,604211,613250,615619,618000,641519,622787,653458,635194,631785,654048,623086,625565,626314,660576,607306,631810,655024,631412,631854,614398,610324,590050,653269,621865,633262,682974,673887,610556,636401,632982,656617,621471,674877,602659,630130,649934,562282,665411,620117,649506,624511,619939,618747,612574,647603,601767,652619,637782,594497,633947,623346,625586,648102,575860,634724,637287,651946,608558,670334,644556,648022,618701,613141,640625,592475,648569,668231,634320,653199,629008,650006,637136,657150,659795,604347,618484,613695,661625,682765,641231,650824,618766,638790,630906,628135,614518,666661,659799,641145,567759,641712,636248,627838,607273,689055,597295,661632,693201,670288,650168,694845,619131,632111,667256,603098,693318,654036,645753,580106,629963,601545,666155,607626,645573,625452,648148,620263,625026,613353,600235,680928,685284,616663,575642,605272,650018,631368,608449,621943,673839,577814,669614,659347,617245,604444,650044,652938,615866,658351,622746,630453,655660,620119,616702,673965,617004,624363,617036,597779,612031,639294,624034,648480,629669,593566,663871,617431,639388,639638,659965,710559,645662,628732,676349,675788,657717,636232,613239,622844,651419,631998,648395,629745,627554,631331,631932,572560,667898,650525,636291,635668,563884,612299,642832,644615,692093,629475,579248,645419,602251,647267,582657,659583,659255,605694,592956,627091,634354,630276,654479,601855,686569,636540,644015,605001,580126,618847,653818,674050,592005,588636,615209,615022,599721,618378,622045,650750,683321,633923,635941,643806,614360,671892,612519,607468,625780,608460,614058,669064,641498,582105,624936,662077,638382,659353,633706,634858,624433,691745,634977,599653,615722,657568,638081,645375,619733,675504,668334,666493
671703,656330,674704,651411,642150,608210,690722,627802,621946,622579,639812,625389,644852,664960,668020,645613,626238,637886,616361,643707,674830,622332,619714,655015,614528,654632,643834,660704,617823,690202,642757,647240,673750,655010,611484,663903,662013,668634,669489,694709,636092,631753,670872,604288,694656,658851,665128,639425,633727,639127,633069,666900,619619,659228,661783,635975,655489,636925,632901,678046,602972,650352,628865,672021,654938,714634,642237,683338,618165,637788,659545,616650,685047,654911,624135,667707,628526,651015,632125,675425,682547,620841,637403,628479,664347,674251,632509,642744,653852,674150,657049,636466,649673,693288,672744,657701,591863,649061,620008,645779,598139,662652,613710,699486,716396,693598,643886,656063,634350,657337,650464,649105,685163,648202,697193,619671,661686,624207,673247,610051,655802,636125,646009,632792,637380,642877,654784,718841,671962,654975,591486,615829,674830,633040,629808,666712,675260,626284,640584,701145,649308,659924,640332,675906,613065,676346,638786,655807,691996,643121,658813,648961,612400,620016,644102,598146,601785,680498,646507,665024,634437,641284,699493,618372,621953,659746,662169,702758,650123,647728,711560,673136,654990,668784,607979,661074,620204,628706,673493,629387,640163,660658,652880,590638,674773,671354,637590,637710,591274,657162,652481,653390,690270,683981,609923,670034,647218,655271,601008,670962,655768,620275,649761,627547,663500,627083,678002,631916,704557,663975,663037,625356,615932,624835,675950,654599,606679,614377,621263,652245,633495,655321,616868,682266,678022,639765,632039,659312,615620,675883,649851,643163,655897,640395,631782,627269,656702,611585,642704,665124,634725,658632,657223,658313,649282,688062,656310,620712,605797,687729,659431,644084,647796,684476,635097,664247
572704,597725,609707,593796,580365,548643,665551,553306,575397,578468,570266,600601,587244,605622,599523,597860,587272,580431,579925,600485,613566,561153,560289,593808,573271,580373,557586,561170,560911,615701,567984,595360,640630,602064,566948,600365,604619,594332,599306,614689,610337,589555,613697,533292,628299,577791,621617,580908,573424,577932,579227,588627,555325,580197,610577,587573,585123,579269,583173,591257,538073,619711,603063,628274,591556,640820,602790,601066,552920,564535,579689,563951,601865,603729,546751,613800,561491,619579,567984,625553,620752,570884,565044,577851,619834,618333,598200,598159,587504,574603,597278,590769,595457,588881,605043,593803,534958,583570,597675,595588,552224,598376,523404,604478,649660,645481,582943,632458,591460,593794,612926,559374,629027,604552,620441,571470,605982,566646,605558,553170,587946,592277,609157,569485,590087,576829,581777,634583,622361,589223,563212,571165,613632,576674,555086,589432,625040,555728,595796,630304,593450,577933,616952,623628,565042,599380,608902,606820,630253,591916,594905,611053,570114,564346,602211,539194,544826,606286,566414,597962,583019,569022,625762,588513,596186,597713,616640,647455,596633,603233,638902,630348,585375,606598,565025,575899,580908,595174,611457,594859,579558,596703,620293,552175,612529,592760,590375,592967,530688,582408,612654,602254,600851,622677,556055,610335,555539,629050,532622,626671,600655,558653,599870,589917,579446,564912,609112,565361,636877,606315,600994,583990,537435,581923,648126,599345,586973,558633,564769,591603,579805,590499,593499,605042,644942,611647,610987,588108,560303,617401,591618,581303,577795,565743,579978,602446,587879,554657,616972,597205,624430,635852,598612,585615,574796,618157,555107,586544,546378,596885,574391,572552,608310,614791,590439,599272
631064,663064,681390,635044,627396,597774,694495,575021,627069,617520,628806,642147,644973,654162,652274,625008,676496,659365,607762,617159,682844,615249,606946,664486,659419,626140,623968,627528,618298,653111,630120,622596,697614,671254,632982,642850,630692,657409,639892,707516,628252,633575,660791,583512,680076,625851,650316,637873,606492,632637,609796,660784,604219,680012,634051,631665,637773,634020,615490,651301,571894,640296,632188,685464,618666,687961,634610,655021,612203,625281,628247,593727,649082,673002,602497,656407,611211,653506,630419,645918,683932,614098,640128,594126,657139,704106,637538,675304,653749,635432,652497,611407,660684,638520,676159,648496,564583,638015,632992,653861,634340,648816,609065,655823,673732,643999,656768,664485,637911,665934,651188,626105,696758,646449,651780,632691,652492,632632,695585,600380,672904,631886,637570,649969,613568,657432,629596,710196,657421,635071,608868,602233,670449,633428,622137,646353,642192,604653,650030,691269,645443,616778,654504,651110,632358,679799,633408,642906,669192,597141,626218,659669,641954,629144,641908,586817,588336,655202,645883,655569,632495,617668,675734,638201,643847,642431,643650,691500,648336,642099,697924,663919,644878,665622,585684,617420,642733,618828,642689,619429,609450,649035,654654,590762,672933,659544,624066,646892,588811,624578,650442,647276,670983,698796,600340,638181,628319,646946,599775,647551,689383,604827,613591,597490,621229,641999,659106,644904,689880,671121,631743,634759,597416,621847,683292,658590,615495,623767,610886,646148,602533,642120,615140,645776,694779,671263,633304,659173,635894,687079,655493,629466,640764,633217,625014,648570,647436,578080,647391,681537,629926,672797,607313,638468,619977,680731,615314,603587,612965,683966,636885,619168,643579,674348,644251,640736
563263,616359,630748,589447,618945,582953,642179,565655,569063,574841,590179,598226,613646,619160,625475,595466,612926,592194,573038,591007,633411,575623,592038,614826,600487,617181,572605,602245,570558,638011,603941,594114,643091,603509,589170,611220,602922,615437,590220,667281,616667,612563,645309,540351,647552,577964,618952,597268,584679,557455,589869,646924,575799,616059,591838,601379,607192,610820,592747,593655,555864,618870,617804,601998,603027,628602,611229,636916,589737,563392,590103,543233,612699,624866,574850,614692,590040,634824,589617,614535,648332,576602,598602,573912,619915,651183,571704,607790,610351,643821,610672,610299,567532,603646,626985,604920,544275,604543,610340,604187,566010,612224,564483,611898,645406,657639,638703,629479,600213,617756,622637,586310,633276,598366,612198,595704,623178,591749,647867,573360,634351,595951,590274,595345,587605,588102,597387,693335,637756,588918,557966,615549,623139,578139,602660,630975,604967,567176,588384,648613,604362,610113,638344,617790,573820,647587,602076,625681,647006,589980,605761,609474,597871,574599,591295,555089,571514,622519,579799,608807,623924,576118,643389,588993,588416,595213,623328,669290,611873,633908,628408,597337,621896,617817,560736,553110,589087,595754,612627,577472,607615,592317,627808,557943,626045,614282,577942,605333,532419,584882,646981,611179,622158,636838,580845,591157,569905,625744,572108,610141,616620,582902,580697,585683,614892,610734,633281,576135,655467,617463,595717,579893,555981,590055,640281,636006,567872,566288,575121,630770,578645,592879,606491,604661,641422,610199,587810,604634,570338,634281,590582,580220,609395,570192,622546,624446,613345,581916,625026,630623,607158,599082,611571,607695,570689,647079,599895,589568,604423,660009,608861,594688,564788,629069,610853,619041
646080,625707,653494,663078,657219,607973,699307,620962,658304,630549,647846,622842,638433,682261,668130,629043,651764,657939,645512,625591,691543,627848,637985,673350,646410,658137,621655,638143,651969,663452,650130,624133,697711,648150,662201,681526,672135,675851,650673,694516,630815,669095,672437,603003,692840,645872,677197,649771,657626,634908,639500,676253,631370,663342,662839,642371,658097,632157,663264,673070,607177,649153,646070,662215,647125,711208,677780,692268,639879,655935,673920,620285,661003,673784,623219,687456,630843,674452,640094,693751,699200,625186,658062,626125,662970,687152,648197,651234,661652,658682,661775,655682,649465,670047,690465,664432,598044,639752,680838,668314,623215,657852,597337,676772,735900,698050,668062,697818,625659,665455,653592,623102,683522,623610,691364,620100,660372,616191,715660,639938,670537,624595,652559,615494,627783,635863,645075,685372,702784,651148,607406,630228,673793,640402,647148,649939,663585,587607,678057,703929,639242,630058,652278,675121,626562,670446,661114,674704,685317,614671,648364,696644,648384,627256,673727,604945,607709,648663,652377,672109,648633,619308,696077,615641,651084,661691,650519,720083,643962,656662,682244,682833,675984,641530,636414,615600,658584,620768,672878,648222,629166,684807,670029,611950,705577,698925,643236,654854,608529,640374,666333,647349,666187,684443,616628,650866,616330,687430,596461,671656,667466,634573,635947,625141,652696,641166,656755,617003,715576,634297,662215,615113,634618,670953,671127,702702,629101,602618,644186,647767,618019,638216,617641,685292,712071,651187,675744,684009,618306,697369,638791,592054,653675,628485,641097,664678,648839,586522,659699,660743,627431,666912,657448,663577,588764,673962,613520,657077,622113,690442,677682,644896,670101,692706,648801,689440
637835,648829,666502,637697,606831,611845,687530,614937,605365,594475,612963,608126,658582,642664,664156,626876,634843,611915,627363,629484,653284,588216,641557,652119,615044,642668,649482,632369,582697,671886,642849,632489,674767,656653,619116,651871,653404,675362,643292,687592,632771,640305,675366,575174,707826,633698,646500,631403,629449,629319,628876,644551,608824,626019,633891,639744,649694,629510,627220,661091,575228,632232,654586,663351,616517,682225,625164,643228,630248,626440,648144,584043,641712,662610,589514,671021,610296,664919,636508,683296,653801,613144,593827,616722,663216,677279,616467,660525,644969,646752,627203,644050,626744,664335,674911,635668,563254,643146,600038,628975,592430,635062,594967,662529,690625,659458,644217,665683,634944,653101,663334,596422,687144,641248,635989,615416,651896,611994,664170,620789,651277,610033,657124,617456,643682,639998,620329,716149,669996,640043,582927,616529,667552,618579,624298,667353,647124,605748,645787,696574,639917,639508,675866,670934,611925,656497,624292,636406,675953,627871,621816,663549,634114,608398,634158,593853,580660,671733,595013,656250,636291,615017,679148,642518,632454,667042,644424,692504,647165,620561,690006,666969,636388,664416,597052,611577,655719,619914,655506,644462,615595,654749,644993,614215,683709,637981,628729,656281,581009,607147,650194,635794,653490,660960,609765,653858,622508,647856,618337,668907,647027,621189,613266,591586,638997,645936,660023,606380,679411,643137,644038,634611,591795,641002,669705,657761,599180,590596,633905,655005,616130,625010,625157,633332,702180,628251,648637,653587,621629,667217,657656,594730,633608,614056,639660,645871,622717,592531,658341,641726,662006,640379,634624,644868,631564,663458,607362,603568,600604,683461,641422,633017,642371,665433,628215,693616
625120,650976,642943,627832,602322,626033,667858,600489,641719,617787,625749,647293,637864,638379,653877,629331,631676,633246,635037,610909,668453,604813,607298,658828,638052,672415,623027,654760,604338,645247,645368,620212,673666,654810,635087,633143,654005,658993,620385,685708,600519,650376,679417,574036,696198,637943,657882,627494,618861,609497,614912,659825,616447,649443,649451,631167,639678,635065,616103,670805,564455,635383,628775,622447,624002,665378,639417,680478,613151,637801,660169,566147,679110,663196,602595,650503,609786,639298,641187,667140,659492,603790,622512,609048,684531,680786,629596,640766,655016,645724,650454,639284,617701,640239,664093,636996,601017,632056,635320,656335,586430,646307,607499,685611,678727,680803,668025,680283,614726,649959,665245,600586,667348,638040,658996,618925,654127,622321,675640,628776,660652,635985,634467,625484,624508,644800,655408,679599,690287,617954,573327,626039,662812,644064,635563,659815,635004,598142,654239,719194,619018,618728,667814,629924,610250,663609,627102,653119,695464,625300,640411,614413,635021,634072,626723,619616,610663,644862,628876,643151,648393,633523,688747,622115,660146,648042,638257,692741,639794,648914,690599,671930,644330,658149,603295,636279,639020,619816,653508,626827,664632,634086,641323,585813,670569,650361,628197,644415,585337,617596,649772,647201,708919,651316,589109,653477,614475,650553,617540,640833,664678,629731,605746,604337,650190,660727,651194,598743,666773,631790,630636,632185,581214,634907,678481,657893,607561,626507,596246,630687,642291,613283,630221,675004,700631,642579,638815,644544,625630,638616,655877,628410,650519,633771,626696,651240,647456,613302,659267,652393,636322,642069,648831,639642,606196,681172,621118,614045,635631,672877,644532,644530,616511,675829,649180,654357
688983,686441,722404,668068,664203,651585,729666,648728,662172,638564,673383,684052,691428,680537,714537,647861,668606,683800,665219,666046,717240,663220,655577,686592,658149,676625,695644,666196,655688,696529,669161,678411,736380,696500,673836,686297,695787,690962,685891,732569,662348,684909,714425,613270,734063,676046,695554,680014,653897,660827,656144,717393,643260,671574,673823,661468,683964,696115,691838,701514,614657,689416,716272,699379,663419,733502,707201,708896,665895,671659,679203,630067,675270,715768,649379,692305,662345,688814,625145,711426,699932,632036,657205,654653,733820,726017,659460,705889,691645,701663,679379,646795,683082,706242,700649,679779,606669,690322,652628,666651,644859,712385,648063,701896,749727,724553,702509,698468,650969,683474,700499,654638,719277,692858,701383,659419,698504,644534,707992,658752,691985,680552,701071,670097,664686,666519,673920,759382,723828,679835,620093,646409,710341,673720,667871,703984,721313,655237,688333,715262,669245,693138,719289,724322,631652,746286,648653,686860,730618,661290,683716,701730,674207,669641,685389,649957,621567,714117,640102,672708,671565,672133,732994,670978,688343,707201,688681,727850,679468,665988,734712,720239,673795,706466,674882,626574,690453,671610,714465,662728,635224,669886,697868,623611,711210,681778,648304,666425,613134,653856,673439,678928,680246,713900,648614,698319,658160,702163,636155,703388,677024,639056,647423,656132,693917,686135,715407,673765,741632,660776,688411,658902,650865,688050,702781,703017,639078,608672,653427,683161,657794,642585,683924,713863,717180,701390,668038,672673,671670,698795,671200,658809,671621,677311,667722,698499,666644,638606,666696,698296,706517,724774,663155,675118,680932,721882,654801,646425,649872,718966,700769,676567,688950,739337,661566,723334
577400,593027,618853,625377,594183,588674,633904,583736,580042,553854,608955,587710,593828,605354,611222,574100,605861,578623,591489,602627,624064,569793,589430,606803,611855,601984,596808,598524,573207,599042,589704,593642,662397,599912,588027,601466,615006,618041,587648,653835,588906,584788,653823,550242,651546,614465,616651,619359,595066,570553,577736,625612,542556,618254,628708,584483,606761,618739,594582,599509,537151,631893,590305,615091,590051,659085,593182,613317,576473,576312,616830,559375,613251,623885,558893,606905,573742,618922,592529,626304,630133,554715,618525,588725,613721,651952,603253,609117,626324,620201,604352,570197,589072,604476,645356,598086,558411,604682,578214,600336,572835,623842,565571,637816,655163,635072,605584,638238,594385,600388,601845,589372,624295,604553,633838,580537,649865,587597,636063,595230,613275,594941,584851,589942,590084,587141,617847,665444,647792,587946,551812,576009,632362,599457,579987,605399,612992,595387,617690,660648,597152,576934,598957,613782,577319,616584,590963,606943,642527,585768,617109,625153,579349,556946,592628,577562,574184,611735,587439,599300,601600,581572,668359,591060,599173,630421,620759,643273,601682,613010,631504,617407,584304,623188,580188,610740,582400,591169,615832,587415,597202,596860,602034,558877,629655,598452,585162,606916,541067,567174,619800,620654,627426,646752,584134,593585,575050,621237,575795,595254,640823,585150,562464,572615,598678,567993,630457,576624,627015,579979,585194,576135,561965,571635,604572,607705,575527,561733,579988,626042,575931,595701,582931,639185,658178,600448,587383,617778,577390,634157,602751,584210,617430,577749,598657,594715,603314,566885,614565,601342,614687,621222,578059,597683,591764,643262,588990,578765,592035,638257,611685,613419,579203,628852,627699,611422
646656,647941,668855,663722,614809,636805,685861,621983,624419,610967,653275,665673,646554,669112,661890,644269,658090,634195,641292,645986,676010,608541,650334,664916,652297,658008,650944,666767,639992,690287,662278,650301,714971,654247,649145,629118,672518,682483,658613,724216,616321,665004,670600,604638,702938,651576,684213,665802,652613,632042,628728,675342,619734,646559,655326,617568,644759,644037,631966,674287,614514,664258,671025,681353,621596,702802,647170,659858,661947,650707,649056,618767,663261,721476,621556,698714,616100,678954,627918,696503,669281,624075,633750,653249,689583,682754,649798,658406,651415,692066,655485,644421,635793,635904,677842,660217,578037,649876,656187,657016,615567,670084,629258,669255,728619,680555,650146,646934,638641,657668,681742,622402,704093,657299,680651,648160,668663,646709,716466,624785,682577,638370,626675,649580,645570,636411,663495,718436,682597,653917,607672,646963,683124,636798,633167,659003,662349,610426,662304,725383,646701,664172,674249,689472,626203,676867,623357,676220,682379,627192,656765,691271,665021,645853,653605,638141,614293,645979,614527,668661,648196,634466,697212,655615,637203,651036,678307,706694,671428,626395,703988,697341,659437,651570,642685,632913,644674,621723,660451,645325,675866,651956,662400,601390,663721,667354,649986,667960,590387,620495,681268,672535,664672,675882,594321,650711,640069,687003,598778,649970,665974,622867,629586,611933,638082,672669,679176,636233,700274,672250,644780,637452,617411,628301,677050,677792,597684,628171,661372,656536,651738,631348,662603,686948,680497,668969,666399,670584,636252,681618,644314,622289,657131,631507,649465,661167,672873,622650,669831,683943,654592,647119,645096,629564,637490,681049,629310,626038,626668,702768,661816,659001,659416,686705,629675,666413
593910,609427,634636,590937,565352,573357,646502,567261,585839,581484,598244,596734,611554,625840,592947,595131,615819,607673,589082,620854,653025,563319,598122,609587,604757,605686,592885,595623,598395,612076,599009,576318,639906,631475,600825,635764,594457,614294,598596,674742,595443,610758,608430,543155,660744,597466,622164,593447,568168,585589,542803,635493,581479,600090,608160,608575,594922,580056,595414,608601,552831,597756,608835,611013,599236,653625,606877,625241,605219,603495,592175,550470,602369,620224,585695,655903,578490,623824,569797,644245,615936,562683,593682,570508,632602,669686,585685,619530,607462,585717,584913,615229,599973,592821,622481,616305,544135,586108,618973,600609,556835,609561,560076,627694,665822,646608,614798,641601,598763,612277,620216,590310,646234,590876,616743,588686,619586,592455,646199,557339,595697,616845,592629,587076,595755,591697,619599,673945,630740,607964,544683,572678,616375,604903,598252,615884,620248,560981,600713,653901,618386,614826,627327,618530,576392,627975,594797,591251,630184,596506,589456,626189,560035,598736,604652,548112,557624,623548,591949,631143,615026,575487,640748,611033,605698,607824,602228,660370,605083,588772,650855,623667,625807,629243,594290,579355,606316,596091,603467,610207,573470,624950,613375,549136,618951,620014,561712,593463,539846,588777,607223,595963,634347,625203,578355,627367,587267,610265,555565,618241,628183,554556,575544,571673,600091,617460,640734,581238,653541,611070,591636,587471,553563,581096,639876,628888,588464,607085,579400,613984,578005,595199,599376,623810,627081,622053,599396,628380,610593,634036,595769,590307,600666,593680,579415,608961,602098,566100,601594,622706,600935,604577,584384,598420,587996,647792,604610,583943,578350,623126,611543,593636,606487,626002,600202,610776
607244,645248,634911,625104,624028,610992,651542,582211,601735,598699,644095,597365,646608,642138,640593,607653,629437,590409,620796,613319,674617,609202,598675,658989,613088,628102,610828,621855,607821,648052,613115,614015,648997,638626,618074,630575,628003,628215,614071,669924,584828,616743,626968,579782,644301,613533,659117,613568,582627,600337,604302,664179,572398,640262,612081,590910,618639,592458,635139,632922,583962,621964,627165,656232,624773,678629,628259,673520,620448,598075,616340,587537,645858,631823,597953,638245,600652,628853,594938,658600,668714,604649,635853,591203,658013,640484,602940,654449,608113,640530,603842,637339,630414,619425,659897,614943,564107,634002,642999,628604,601839,638238,606934,652098,693593,652670,631962,681000,611814,617060,626310,592701,646778,627267,646382,581260,637793,587132,651884,634055,619453,621473,606673,604364,615473,594192,602781,670800,640792,634332,592823,618711,633037,617009,602245,605594,629709,570713,633476,657657,641929,603219,627017,646700,604968,646254,618616,629744,655023,625317,632830,646162,602190,607153,624022,581212,581230,633953,625495,652976,605915,606999,681222,602653,621599,629867,636511,691824,606254,616473,677813,656486,609603,646001,621774,606481,623489,607190,621132,612540,597803,619298,644045,569300,630097,653845,629651,620010,532632,594195,646237,612641,661198,642557,590589,614608,578537,652787,570271,603862,639341,606677,586562,595807,632027,622411,644368,593759,674095,579892,633568,593395,604379,632072,608397,628776,590763,575254,601255,639549,597482,595807,595807,644924,646593,619853,642538,635833,610080,673141,610999,576165,639534,627254,620071,618878,615618,568741,638108,644635,630984,657448,648426,629626,595032,663546,619482,615213,589462,650846,617933,580041,615391,646163,652034,640432
651362,677409,682977,703945,660437,650480,725786,674487,639513,659232,660071,663589,676321,687005,680816,683774,671049,659176,633410,658049,721402,635473,646737,702528,673236,683412,666421,650803,644478,699343,654906,668619,724820,666991,649956,692469,694373,701856,661469,728824,673120,670354,692500,606411,711002,681338,702164,671779,656110,657872,628721,706571,651302,691001,658678,636076,683768,669860,675765,691922,615241,684375,653805,678000,654219,733785,661935,731038,637389,657036,664616,620688,680160,676352,638634,708693,662522,717747,657564,665042,714940,660357,648134,651733,694283,704098,660917,686127,689242,702504,685037,680371,655713,703933,679789,669554,623351,663581,677140,690124,628635,666607,635485,697277,727532,693737,683349,716992,660529,682603,661907,625255,690934,648058,688753,663319,649104,665301,704835,662955,668159,668256,663505,655390,638492,680125,674753,726940,706033,686482,618861,636829,712838,656222,653825,696095,719959,636255,668405,729196,686728,669045,686534,686016,659674,711918,667049,691260,706304,663943,674878,672703,657914,636950,649366,615255,634526,684019,650013,695579,665485,643688,726147,656869,681122,699876,688484,732000,691220,658723,724040,682392,657405,680054,641880,681271,693565,654348,692051,678683,659496,712364,678243,629020,703315,690395,683227,690512,603997,655371,689407,675905,705951,704161,617950,670448,653209,677692,620363,688540,699519,651904,647673,639516,683537,643949,712641,619981,719236,674305,672720,666706,622506,650270,695206,718763,620296,630827,639071,662532,638317,677321,674806,695548,698349,674313,657022,667414,669348,702370,677645,656985,697937,665430,690000,711553,693981,646058,701080,658156,667674,671401,695567,701585,650805,718227,663595,641577,642872,701936,689057,681161,657372,718511,665425,694767
637496,671054,673822,625045,640712,630606,711530,595709,629194,622190,646317,611608,638418,668145,649087,629022,655412,653338,635588,633775,683943,658001,622189,679258,629621,649611,641275,637818,625446,668362,654090,626912,708216,645100,651547,626964,650680,632843,615869,678964,619680,626747,683316,579972,697157,639819,674324,650965,609759,610765,623281,690490,610042,656318,677495,631210,652999,621352,656798,652034,573036,656682,635361,677001,627054,685506,635310,680643,639577,627821,654745,598743,666769,671426,627151,652695,634111,662864,653451,682014,690591,614128,668727,628874,691230,684451,652703,663116,646064,645789,638268,647633,629950,676211,678895,631492,567891,645325,633482,650305,618741,678827,595167,681703,728772,674867,646155,680013,623788,612397,658020,633786,671373,652243,670605,621323,669742,611074,679786,637374,663304,659752,645786,622095,649282,635650,637754,702565,664970,630896,628479,622861,684896,639962,631891,656486,653478,620999,678120,689366,655026,644186,636981,645719,642636,666628,627619,636828,684541,623134,665346,677460,646741,628051,648139,626635,614917,653135,615994,649652,634671,647606,685859,651778,650769,636876,652752,726055,645198,644534,700125,684084,650349,691918,633352,624405,652097,643413,653989,631749,631332,660003,677855,605297,681336,672597,643747,657228,604843,633415,662906,662796,677567,684641,604681,676403,638038,669915,601436,665698,672469,621151,625685,619145,632635,652992,671968,623949,690074,620585,661086,639616,613447,651804,655105,680583,626406,608168,626943,658405,614801,641256,614253,661815,704507,637902,664352,686704,619336,690360,642009,606593,658679,639909,626701,653990,659874,592042,641361,681729,654254,648477,646205,637727,622643,676203,619344,649878,634370,683099,644619,628379,643891,677337,665869,655296
611111,617682,657635,609797,610998,619008,644110,618588,614542,606988,603730,598788,621637,615663,627026,599308,622644,609881,597633,613850,656026,621596,600801,655144,589026,628999,584792,596549,607718,625779,613693,614553,660150,641941,635006,630559,632838,606634,599929,682558,606342,624419,637631,568784,665858,620094,643750,625560,605585,606818,597688,643756,565795,646354,620157,593477,626184,597492,606269,637900,565732,625095,616149,645105,578197,679617,598286,658512,629475,613825,595285,588831,615581,663759,583185,627983,596083,644855,585367,644943,648392,593256,591910,582428,645116,659514,594053,611645,620210,645657,604367,621600,607175,643953,656546,599046,555824,617874,640961,620192,572492,638158,565015,623048,652987,655344,608679,636019,619389,634593,653236,606298,652776,605942,654869,608134,645230,600890,651643,588106,641902,613260,607134,632132,622543,617646,632462,679063,654669,630772,574211,591209,652594,614219,597733,605485,605957,556893,650838,687301,635173,612941,631953,625564,588352,649558,605489,642580,630703,592779,625730,653417,614675,607990,589835,575470,577121,649502,618646,627564,604013,608698,640255,600069,613030,630355,634058,675011,640248,632504,662374,661215,626081,624232,616918,613190,623287,592990,613178,599122,584733,623684,607957,577092,641700,640744,606895,632193,565829,591770,636467,634027,647048,628228,604569,616912,592126,630767,589883,635988,639836,588469,580593,585042,624458,604319,653412,589271,676047,625120,605426,625218,601928,601074,633212,644806,612918,584264,599624,606395,579825,611968,633295,622955,642159,645515,607405,649287,585416,648530,643673,593382,638147,601149,612896,625080,613921,569800,633016,604904,619361,635580,644206,631629,588558,649332,607670,599944,574818,649903,624505,610214,631708,620119,609075,629651
613450,626967,691402,652066,631025,591547,690524,601933,621684,610477,610613,594723,629816,664357,626851,608205,655144,641224,609587,638964,646767,607844,640219,633982,619044,630701,630050,630308,583442,661567,653111,624268,694519,639870,612791,656161,666737,643241,638128,667116,616528,628389,659730,593238,654694,661815,646363,640083,642687,603895,603524,690172,606519,661838,637409,604508,636711,618309,597710,658982,580061,645714,618130,668729,594379,724373,607037,656560,625823,635394,635608,600372,660803,641565,625426,648681,597812,654516,649992,661994,660091,608819,625856,611329,649092,707792,635577,644685,631514,644506,614420,627008,630624,650061,663111,665230,594705,647000,604048,630900,594633,659318,601883,656467,702235,675135,660756,660679,623671,611256,639359,619965,678034,631084,656724,600543,642834,589048,664005,614825,645970,632466,642915,609079,628544,625922,654948,686753,660803,645637,595708,619247,657967,642262,626475,652777,640685,608162,668282,656327,632489,647650,631043,666588,595756,678730,621899,636645,665340,597804,671908,661121,629149,607332,639391,608029,598056,651044,611531,662691,626408,615131,686564,611025,643926,651075,624650,707605,631920,656725,677188,661567,633285,654970,593948,614869,640262,623577,656569,642481,627696,654361,662339,600689,653918,677293,621847,635027,570202,638199,640662,644012,676104,665160,616391,651715,617731,634972,615232,654319,673973,607972,614475,614848,626237,647044,664887,596392,688556,650071,648236,622513,592754,625088,666140,677383,620708,600760,611779,637985,592389,629672,644259,655893,689381,630593,659538,658934,623666,683929,617895,600725,637312,610295,650704,665315,644973,583262,647515,661795,647028,638528,627333,645557,642886,670467,625588,632387,581556,665653,660246,626867,641600,692346,657119,646916
589783,593984,623495,595465,588181,570703,630049,557929,569374,582317,583793,574083,593978,583454,614454,582645,592568,575429,573357,598476,621530,584712,571501,588517,572672,578622,579459,592595,556196,613440,600933,581808,630072,589681,590645,588051,599078,583645,571618,604393,577226,582198,614913,567394,614139,595002,631520,587874,604853,560201,569765,583876,561837,599588,576023,571393,597355,584822,570801,601191,525426,590445,576385,627927,577180,630241,592325,617188,568590,580060,601242,546682,608739,635844,587669,604641,572166,607571,610089,626090,619300,580660,577467,562882,633132,628452,562269,610560,588583,597318,587044,574541,597543,606260,598942,582052,537745,635216,555429,592747,560291,609570,546750,609654,642618,618933,618655,606497,579867,614882,620807,558334,637356,600704,631109,552913,585286,566899,604225,577195,616977,572904,583854,580909,592813,581713,587299,662766,596358,599725,555417,565946,609031,602565,593260,602972,614390,550335,609519,620442,591421,577486,585899,615781,550045,620997,571586,611708,634129,547197,627690,626831,563724,572549,593509,575711,567226,620629,576634,583175,597324,549634,618171,566978,614040,611264,596652,633693,585787,596068,640866,602497,571365,616286,542758,561250,582626,571323,602948,591936,587082,581566,599908,546245,608470,616936,584192,577399,537173,559485,627452,563397,621452,607447,535161,596050,558120,606902,574716,594768,605440,591360,571222,559272,597274,595862,577649,566755,645163,586288,597219,590078,554019,612290,628829,602741,567790,556176,560175,596061,575471,592597,582825,608823,635037,591102,618542,588791,563150,624880,588507,591843,590739,574738,589937,619995,595412,545954,610179,580446,589132,603619,607759,600291,570027,595329,562834,564155,542329,625367,609166,586990,579567,619845,600465,619091
647547,666791,697592,666622,648615,633557,720480,631223,637820,628738,644250,646131,656054,709896,665989,660393,668322,632789,649320,631741,677562,660480,628488,684002,643197,676341,620386,646816,647713,700216,654204,635922,718742,672840,628889,642813,653862,683122,644954,707186,659340,647568,696987,605476,682266,649804,679618,660705,646480,642796,611607,698278,600180,673432,649942,653635,660514,652360,657162,684296,605305,665571,649906,652871,656515,700579,650369,677558,639465,658297,675363,603483,665776,692809,627643,710905,624638,680596,661623,693961,673066,635414,631429,624175,678538,699457,640746,641359,673554,672683,668853,660837,673217,670419,665190,646698,607093,653874,664261,680682,611018,653154,625506,673003,712758,690860,655097,680693,657967,660232,684752,634233,691278,646281,692904,615436,667339,647225,734310,660768,686881,644256,645307,640933,653157,659893,648510,689702,679103,662298,603349,624245,671918,660303,647423,677140,676444,623882,652965,699134,647933,649543,670501,688866,623466,701806,623911,691824,702492,640129,669636,680907,635900,623963,670227,639973,598060,647019,647203,660310,673434,650608,721455,646648,661649,672858,671904,709092,647617,647133,707154,673095,682336,664479,646724,636281,674595,633885,670544,621186,662780,666746,676923,580500,678618,683808,650991,673445,588727,630656,668346,671210,679907,701266,635695,678230,625295,687026,618962,668071,683839,630666,621387,636016,655443,651822,684295,637049,719436,648034,671425,640212,635322,642133,668989,673561,651618,628277,627226,668319,637732,676034,649715,665627,693161,639350,628264,683964,639363,677698,638572,636776,675260,639905,696652,632105,688460,608014,652211,699816,652009,669841,635481,662679,615185,703027,656061,634569,637803,693945,674509,661092,654164,708069,660223,675897
629041,660681,680609,642480,652265,622620,703367,641483,628792,610989,654357,633405,621183,663112,666258,622181,652068,648335,652711,613301,685332,604270,618968,677826,648703,627018,644613,627047,619188,683610,627939,621198,685989,654616,651989,638184,653748,674382,630366,690442,630778,640879,660220,594809,687985,656358,662167,657631,639380,644887,636512,688620,627075,642220,654709,622795,646519,652066,620869,668181,592621,633121,650874,629376,606916,686302,639074,674286,631832,606430,652779,608085,660286,667398,618090,670044,623637,664228,642722,676471,681422,600897,638942,601414,663203,704389,645228,653473,659137,677151,657170,631123,631032,656952,689290,637029,564237,619484,648587,633734,631420,669398,609999,700333,703994,700707,650602,690603,657973,643323,659434,626512,677090,641811,692176,609042,677241,606060,700727,622145,679391,605481,641444,641343,636207,645620,631964,702701,690163,640219,598100,593708,656617,631704,609107,664015,649693,594236,656916,711416,639659,653157,666849,677845,617915,695531,629098,658424,684321,618444,651935,683928,643256,650882,648765,608945,627351,651391,620824,629523,646897,617850,696519,649313,650888,674747,645406,704791,643718,647488,691552,672336,643102,677396,607635,637544,661080,628248,639996,655724,639850,659845,649585,603709,669619,668844,653515,680702,584714,613777,668661,634430,668404,659702,573720,666891,626660,651380,617832,657219,668529,617562,600557,620646,637496,644202,694743,634268,699696,645568,625168,614680,581163,617790,692396,680713,639681,585660,647694,677659,620925,660713,631947,650186,695539,628803,642715,649907,608074,687667,650304,658982,698355,632734,653760,677898,646959,594081,672800,676674,633526,625437,662557,653634,628648,655258,611359,619762,596077,686889,670926,648653,644172,703391,643717,671075
626399,624606,652508,626000,612528,601807,697969,598308,629313,632404,630452,625422,645800,645669,680467,619769,648776,629926,649698,592606,667779,622845,607744,672334,632260,646217,622540,651539,613962,663069,635293,608832,673174,650146,652693,633862,635280,667792,640556,699825,647889,648822,630332,611787,703490,621654,637068,652232,640325,617640,605689,678567,604861,601173,654008,619322,635893,661898,632219,673406,575260,626232,644442,627446,612212,674321,624958,689887,637095,634231,651847,581505,657521,660834,593253,662518,600395,668554,624316,665154,649712,649942,620830,636946,694043,670871,618812,621734,651290,669774,633520,647609,650526,625777,655056,667268,581767,621149,654656,637024,605361,649239,592597,666893,698427,671782,666870,652833,645645,670236,681032,595144,655383,599389,672121,609616,677368,613302,689262,612612,700283,617647,663195,605918,632840,630953,648231,716704,673615,640110,583505,608576,686032,615858,617866,644418,650760,607814,650297,662929,631081,605381,653160,661356,606869,639229,645729,645644,666832,630448,644109,652553,607972,607778,655378,618066,597369,634473,616507,674631,666644,610768,667330,632511,653185,649757,652005,701142,621688,636353,689988,660814,646124,643419,603765,612349,625008,598236,656589,617159,642480,633418,652084,590053,668369,682029,630632,676776,598307,626014,658415,638705,673179,682680,594604,654791,608737,674336,627047,633499,635756,613948,614435,607593,636735,635150,653686,609448,706257,635103,650696,625334,593020,652030,655295,650529,622519,617213,642253,619682,620017,640871,629211,674144,703549,660219,633100,662047,598076,637943,650980,620510,635262,621280,643147,638958,637614,593753,672234,661001,628459,645476,660176,658681,588318,671535,624895,639391,605846,674312,665087,621891,636481,674762,644713,643992
618127,619589,667016,612995,597568,590563,660884,584938,622113,600598,611410,623115,605489,661657,612126,598416,616955,609647,615578,618436,656417,615068,587844,593040,609282,606166,630361,608200,605564,612779,611035,615318,665160,629436,624038,626000,629709,620909,620365,647922,622823,616336,635933,588502,661241,621119,639867,617281,601666,573351,594335,636835,579816,611347,614187,584743,602601,611254,617654,628180,560620,643667,616188,635636,584293,665591,623332,635420,619754,609090,616945,557380,624215,652827,612470,655122,583939,626954,580340,645689,633401,579546,600915,599241,640926,639941,626171,653820,631482,619779,628510,590865,614130,644688,638761,600199,571252,621368,604164,602321,555560,654841,580904,651952,654878,646638,618554,647818,591451,620139,640698,597563,647030,592849,646000,573509,653037,606686,657610,575061,628493,607569,629363,596667,628608,615494,629814,657083,654147,614259,587290,582148,654296,631255,606801,632673,633742,576575,621029,650936,637572,601230,638224,622903,599489,665240,589006,631129,662504,595425,637491,648514,602935,596846,631280,578317,572776,628848,611256,608812,587939,618422,652265,606566,612362,611472,628606,672367,615965,623230,668769,638766,617921,644247,607328,577633,586363,610585,630852,611649,613875,598085,651263,561469,626653,630821,598956,642067,570838,593557,614149,629314,644269,654502,583883,632456,594254,639928,559991,634037,621826,570310,601325,588977,617359,629729,664830,603314,680585,602399,613145,596000,593843,587457,644361,626995,625214,588231,590070,597014,596826,595523,607510,657318,669966,622220,636189,627852,600370,643423,594303,587206,609350,617300,603818,612521,641231,567882,627176,640587,614658,656959,618193,608640,601744,643821,617315,620385,563244,642839,615615,593790,617648,639390,639495,612074
648510,641327,667120,650189,634420,633117,703245,613990,613994,628269,611105,628980,630697,655845,667208,639374,674477,636836,609569,635914,666260,627269,638642,661917,613755,662617,611914,657764,601295,669691,646726,619354,681748,660761,621745,661611,665593,666811,626782,700511,630383,665386,682021,589978,686526,668309,675057,663265,650312,636817,628140,700060,613386,637321,633544,638039,644784,634001,630336,667274,582931,625123,648068,662847,625863,711368,615122,690542,639605,640071,650024,613548,670391,677633,624903,665945,605485,653844,642389,666861,663394,632124,635042,640997,675844,707436,638021,680041,659761,654805,647093,668232,640711,643021,686054,655815,593084,664231,632110,659510,618139,651279,620451,680809,703910,697250,641351,670351,626069,677954,677935,619106,699965,633405,672855,612248,663231,640697,692008,634724,691169,655160,638408,651145,639864,649090,668279,719015,675781,639840,591400,615942,678626,658030,638059,666615,655175,611774,663460,692149,627821,646668,663946,656655,624793,692571,624347,653277,685682,607081,640983,678291,644133,641301,659213,604744,597020,674613,641749,652737,657759,630480,695381,632159,642141,674762,652751,721624,634379,647755,692295,705605,643566,669666,629183,647123,655000,637732,661525,649609,636731,656631,642888,612528,662935,649135,645289,668616,593009,619295,641736,668256,680263,672801,606017,662933,623041,667183,617419,670638,680361,626264,604035,630120,651477,643419,660790,640363,681212,666096,655346,648677,585800,644795,664544,669224,644017,636810,635916,655764,628037,633191,638461,662271,708379,665595,642992,658148,619252,661451,661860,624879,654937,655816,672311,663519,646922,605873,670050,673320,629471,673872,656303,649567,648225,696914,630865,640291,603224,673646,644590,622791,640648,686329,654126,658888
677380,639140,699383,666654,640427,642033,725096,643834,649806,647513,647874,644907,686727,679330,678398,644819,654375,625001,662203,663982,683002,650994,649941,687329,660014,674169,639278,657621,637067,663721,659096,658127,688542,677836,671512,685005,692585,664156,657026,741490,670826,678479,684532,595849,714762,689171,695958,678767,648761,653431,606725,683225,624770,683042,653664,650571,663674,646414,642915,677141,610145,679563,671718,698098,658204,732857,667864,709050,655635,646525,693684,598545,670963,690744,625885,696510,619233,673242,654887,724751,709192,635446,664693,609476,697409,709965,679074,690946,645092,675653,637283,669704,622907,667487,687520,661246,594548,680548,662049,664083,626679,647421,633969,670433,727994,682049,653981,699688,658129,668444,674544,632821,703554,652481,673040,635367,677507,657909,685854,665437,676165,662972,655172,632136,655641,645413,644066,747470,681959,663826,611682,642160,687292,652141,652219,661070,675684,636781,684389,711286,674133,673717,692573,688663,658291,694265,677020,679438,682044,664260,656478,695882,658523,628045,663593,631651,611943,671625,634154,686635,671157,635589,750340,668592,669837,689885,655175,714195,671396,702342,685295,699376,685259,667458,669875,643459,670689,675684,681112,658086,650191,697653,671985,621623,685063,667127,645520,674652,606443,619495,685283,678946,683179,705765,638026,661218,645210,698015,611743,662303,688364,613822,623408,620590,658286,663466,682073,631452,722488,661759,657853,653968,615503,664275,683632,681344,652195,639414,680869,682669,645090,638151,684968,688682,714989,668094,678719,676411,649662,694968,658721,634928,662089,649023,668348,667294,645596,618991,686209,660988,689751,669794,695894,684807,634965,710241,644521,634677,626157,705040,665020,631338,648676,715913,663384,690235
633737,648708,699943,655028,634101,631086,700741,633216,623866,616144,634135,642147,666312,686871,647361,638621,630202,640866,641243,600138,657594,629392,633948,653640,646073,675784,634643,640420,588547,671204,644098,628980,682202,665887,628275,668005,662412,656760,640598,701461,674162,659005,704312,586773,688716,677119,661249,647944,638391,615243,622904,683077,612408,650314,640471,627360,639712,637446,614107,657309,601590,659090,649884,656283,628838,698157,639009,663892,651444,652844,658152,587114,680300,665086,589815,675997,625085,680857,624838,678704,677255,604115,639280,625386,676793,706721,670659,654262,645485,651561,658699,631924,646956,693225,669148,659391,600951,658414,645218,649081,609995,668978,596727,664317,714330,686667,652633,673607,631411,668135,666694,625919,680919,632254,689223,611873,700607,636339,683067,617607,673309,632797,620318,627624,659719,641305,640114,710348,695859,630959,588119,626228,641053,649371,651015,661359,647674,605797,632833,714422,638607,619686,661306,655742,626010,662802,652869,659348,707789,632509,667554,675000,650140,636716,641937,615262,592069,658143,631259,667087,659822,633698,671311,653887,628990,649769,678992,689396,650122,643388,665942,692521,657109,655580,650935,627179,648847,646197,656697,631327,660697,648991,666245,602237,683653,688431,647968,669523,573781,622994,654136,663842,679625,675006,620500,678306,617646,678052,589366,652779,657082,622987,618454,612668,646612,651989,669561,616654,712126,652832,649721,632385,627479,625344,689801,678947,640086,584499,620966,661462,613590,643691,655124,686175,692999,653848,648547,654173,620629,683120,653260,616305,649709,629544,679200,662960,638629,601874,661475,665254,629876,664826,660402,659178,619950,704967,638515,644323,599287,670885,676467,627460,649825,686330,650093,636072
585734,601377,607676,598396,572226,547940,646494,585757,579483,570617,559352,584758,611569,611340,618560,587826,600116,592484,576848,573514,633920,572113,563461,643822,606935,615808,588077,589239,558737,617416,608314,590174,633695,608010,592692,594260,604887,617334,593939,627029,599660,610503,630736,539205,631202,605059,600873,581854,570157,565936,534087,643392,550071,588293,584169,568790,581632,581764,581579,618798,537147,571517,593444,593078,591122,620588,589204,650130,564437,592239,603864,525013,608654,605335,572758,629702,571649,619678,595475,619155,592719,569793,577701,546165,635001,625200,581255,613270,620652,599161,607739,602779,573275,633027,614631,610001,530668,602481,605546,588066,558380,616026,562003,605071,652864,626063,597021,625043,593763,586753,605538,558878,608756,590978,611585,569443,589622,581162,624962,575795,602415,600533,578185,565594,575946,603685,578882,658901,623989,614442,550237,570936,618041,590784,554804,611317,643749,574381,599422,639230,606223,599343,627953,608111,591199,636417,585280,606127,624374,584953,597894,588955,582743,581448,587233,553801,563800,593286,582213,612055,615621,588100,625473,603816,587618,619437,620142,664495,612471,577488,636159,615455,573876,610616,590061,597803,610081,579288,598113,590896,594652,601553,618825,528889,619611,617389,593499,597704,548670,586738,606389,600755,627769,634231,561450,618552,568106,599379,559511,589132,619868,552354,591044,568302,609275,593326,637874,563253,632337,601439,598400,598942,551252,570731,630752,618318,572262,579923,588448,601845,557505,582928,584265,613638,627314,597190,586240,597851,597331,619504,588841,578941,606764,575805,592140,591827,609596,565150,613903,615454,575021,599568,606578,612611,549442,634075,595107,570817,548047,607474,592633,589215,581900,619357,590948,597197
640538,636078,649794,666466,617358,619187,692925,634158,642020,605928,626924,659948,667174,659435,665173,643332,677458,651656,642391,618652,675627,630381,630907,670357,644316,632539,642923,651256,616206,667749,637721,620872,694858,670545,657905,649017,638715,654154,634541,691308,633468,663348,678258,572196,711322,656858,658558,631167,634116,606856,620160,670483,600083,650936,660955,639729,663810,639738,647838,690375,574181,627059,656016,664877,622968,691667,635940,700001,634459,634567,638904,596664,637086,671768,599591,664666,609149,681905,623032,672101,677925,602103,627432,613978,689014,682719,650565,646424,669830,651991,659720,646392,637228,653321,683903,648185,563170,634827,654702,666988,617520,665820,601501,674788,711095,679710,639941,689016,634211,652009,647945,599418,678801,635044,668441,636591,648502,629114,690554,608580,661348,626749,637323,656111,652104,657967,621420,719236,682716,633647,596279,613818,668874,618931,619049,638118,654859,605291,656030,702306,651250,662203,667512,676555,624024,694058,655361,646928,669091,630847,651705,653937,641887,629956,640372,609565,606971,672875,625532,654080,641174,635080,671884,649298,639092,642476,652481,721882,653008,640478,693161,669672,658772,667846,623686,624154,636435,622883,650015,626437,648814,665590,678349,605813,665933,669537,663595,669961,584383,637489,658836,663848,669531,669417,608052,647234,618475,676115,607406,651040,674702,610361,628043,594135,636450,634240,662165,643781,694401,638782,646257,613983,595496,642219,672118,649021,629127,609348,641837,645058,643677,606242,626574,657776,669946,665274,647584,667304,622639,686995,658112,607276,658025,617912,664174,669390,670862,614088,660893,682666,618609,655860,649499,644377,629007,674335,644287,632628,652789,701033,668769,637701,621033,685382,639855,680715
577998,610839,626482,604074,581742,564611,629556,587431,574343,592138,615551,566848,619837,608737,633452,593727,608772,565424,607473,546528,621342,591816,581507,631997,607936,608586,587421,601523,585571,608136,580402,588615,636893,596399,601740,610203,599045,605835,593014,661903,595081,618138,610176,561231,647029,582408,608204,588606,597852,599830,565042,632400,545909,595885,596504,568878,592286,583169,593985,623971,541922,606729,599115,593558,571525,650170,613398,644325,577802,590698,606175,584249,621202,604271,579327,623323,571266,622181,588918,603970,626737,580855,578103,577438,620629,631258,585193,590967,586555,630138,613615,577164,609417,620947,641581,588565,554475,617206,613698,573039,543416,628486,586366,624573,652927,641077,631818,640269,573439,610082,598127,563125,633063,590164,658947,580473,627479,584905,631233,564509,649637,592720,615708,601190,572877,592406,587384,643030,621661,615751,540029,581837,626554,589476,593210,615971,606274,562678,614774,662657,582561,590240,610429,615862,582242,644317,575329,622412,660902,577835,607863,603780,604595,575898,596932,569019,546449,605240,604622,621403,616529,596806,647273,580300,600320,624168,603476,673296,588260,612167,627741,610872,596424,615860,570038,582036,597969,576755,633753,576828,578637,595419,631087,558585,653283,631416,579487,591086,561705,555489,603739,599972,623823,638502,564448,600135,540489,611416,564400,597837,612075,571858,583088,577250,585308,589556,636276,573630,658154,607392,586877,590630,561911,629103,632936,629142,585858,553687,575078,606778,578243,571701,598134,644194,625387,608000,587397,603105,567606,602249,592016,595715,587736,609529,602748,593539,597966,562884,591414,630432,618553,616166,596625,590599,583957,660580,603358,564659,568347,643402,607640,602669,613614,634327,606861,607002
633167,649366,663838,653112,610918,611625,707181,608208,643488,653247,654929,644898,664537,681219,670522,643528,665425,661256,641456,638652,688152,620909,633210,671668,666311,659960,637388,657645,619853,663099,646846,662277,731284,688822,631178,656536,674353,684169,645262,694945,641596,666548,680165,600313,694980,651998,675849,656948,644962,624331,619850,697643,611137,667003,649894,648991,673961,647744,658203,671445,598135,649124,657158,691505,633259,714438,645729,682856,641877,655408,660283,606006,668475,687295,659913,694821,613126,657516,666538,684375,688195,642403,637448,640854,695435,701379,662967,662864,677991,677347,648863,652747,652097,669635,666552,662083,569247,666644,660175,671873,623989,642631,599438,686912,685822,674102,643103,710431,655817,676498,668344,638004,677692,628569,674785,616906,652408,637037,695017,646894,661991,653254,658452,660771,637145,626577,670242,702840,711481,652061,595987,657353,677748,650852,649476,670005,657493,625458,667351,714442,641614,633156,678328,670834,655286,692480,649763,663370,688429,649893,679567,666836,654419,617269,656635,606324,632551,662061,633091,638509,645215,630347,695484,641307,663786,646837,686238,707879,658162,659245,707831,689956,676320,657561,627604,627056,666333,632529,669397,654096,659990,654679,636437,610402,679873,666121,657355,662049,602191,636260,668328,665535,698890,689776,647290,657466,626804,693775,630526,676226,686273,649499,626625,615566,637218,651820,687279,628401,714911,660667,665000,624142,583391,642471,673936,695584,626527,636531,613285,674151,640503,657398,653556,673605,704157,659410,659290,690160,623310,674355,665652,619289,675964,650306,645904,665521,673214,642790,669564,686960,659171,658243,652420,688037,647378,695377,651510,645467,619355,704022,680838,635166,654631,723063,671725,692843
635085,646790,633701,626979,614675,605754,658075,606991,608095,591816,646352,624297,632990,650018,637995,617050,633773,615446,627915,635320,652877,587267,622059,651758,618292,647387,599865,629114,599957,645012,618322,612072,692182,645293,619967,638388,644823,647670,636046,686631,593240,616932,665796,585568,661112,606522,655425,653093,625602,613383,608980,639484,598327,629471,639954,593170,622484,630712,620250,649204,553383,642286,614561,654275,603046,695976,620176,687299,613456,607888,655023,589445,635359,665074,609424,624231,605485,632417,628186,641753,657879,604900,620415,600549,648303,648875,643456,624999,637405,614965,615721,605511,638434,626725,646796,628876,582359,637063,627132,618321,583532,646509,583416,642267,709400,677433,617251,661426,628238,612874,660810,600200,678693,647774,664297,579968,647229,603538,658338,603261,639601,612869,598541,607166,630343,596491,628798,670224,663751,634158,574538,613386,631810,618924,623038,607128,648822,597966,648605,678579,650688,620211,648814,649051,594684,641674,585701,652236,679146,600679,620088,649568,620736,620860,649466,579308,575575,632781,608988,646695,626013,590579,663590,613643,627542,634051,624908,665835,639059,619295,674074,681055,654501,628213,600050,592972,653063,598751,647104,623431,627332,622877,646875,583439,652602,649687,614553,632607,583018,602453,656723,624670,642517,640261,601196,648466,599290,658742,587857,630650,638639,604042,593748,613629,644127,632569,645256,627533,686814,608988,635141,601588,606521,628970,660638,678715,603626,577775,596331,646733,608860,621206,601878,663146,668182,629096,611246,630368,609381,682572,630097,607238,614183,610282,618248,649291,618838,575894,636906,645945,654202,652368,626605,641237,613761,653076,621490,614167,623265,677924,636505,627692,635981,676284,644447,654299
608882,627420,659310,612345,605812,614949,667738,602500,606454,610307,600282,623991,638830,632654,654331,608453,616321,589753,640346,600472,619301,609780,628864,652684,630707,632838,621138,622543,588431,652315,607135,624065,642126,630005,642084,594686,638573,628024,590922,684062,580450,633098,651407,565028,673303,638897,624452,633150,588901,615114,587112,653582,584530,631129,648151,596833,656440,628601,600423,636548,559524,617830,620311,636066,604098,686809,619548,657812,602846,628235,619451,564616,655251,645591,587166,683553,600677,648552,609030,664882,641629,601431,636911,575680,646027,663958,622715,638333,628317,655120,627766,621936,618409,616382,681578,626419,571652,611538,620493,649717,574549,655080,594540,634826,676695,672292,638690,644390,597409,636231,647845,578834,663232,626420,672997,595761,653350,606466,639805,631509,668696,595335,590103,630902,602226,630266,623208,679624,682545,644870,582976,620135,661939,615623,601675,636276,644822,607696,648289,676366,625760,610580,620174,639069,598324,655764,592558,631405,665576,601009,644610,635453,600221,609120,613066,587147,595140,639032,605561,624130,630780,645657,662765,639400,630373,636458,611183,687281,615214,650725,668035,636658,647390,642919,574988,629293,646180,620232,648428,581522,628372,628453,639116,577605,670797,651714,617190,646967,584933,610940,625914,620384,644409,673263,573387,634484,618552,649840,584554,614014,644476,602968,586440,592476,630466,640381,640878,605566,663037,624575,647879,614776,586432,637508,647677,644238,607254,587822,604457,610290,589053,615816,607543,656439,652181,628855,618783,621336,600761,667147,630765,579156,634677,613832,624373,631356,619754,586330,653696,656719,633972,607297,628125,656266,614780,663845,609789,605807,604165,642047,645669,606943,645017,664087,628352,631342
609401,604246,679579,639827,616333,622359,681248,583285,602318,605524,608856,615069,643102,648113,615547,614783,637213,629122,617278,616313,658080,577396,586771,651347,615949,632566,625224,620486,603455,657887,615234,598470,663514,633125,592528,632124,629838,632081,629689,669486,629887,629468,653474,580183,679387,637613,669352,613711,614339,600257,582776,637583,594435,628033,623135,609842,628432,609963,591810,621484,582166,634662,629773,646956,630598,670463,616610,648714,636432,621105,621562,575991,660228,664571,588995,677086,593923,654938,597005,640555,653193,578892,632529,607693,659453,670382,623837,650429,633509,638077,637715,628766,619758,638032,648183,631151,560968,614743,642455,610287,586400,628397,586655,647293,685726,666329,625575,678399,619753,629999,644593,613241,637460,598234,668427,609490,642398,622767,655718,597726,625769,623680,609217,609618,617005,634951,606535,672639,680537,625209,606215,613280,651437,622241,634863,655039,649240,596963,623745,663662,639029,631684,656915,672477,605139,638276,617751,649575,653919,629860,631249,643832,613906,601048,626760,568935,595757,625291,625257,622587,643294,628714,670147,606151,653808,627155,659338,684046,629607,622829,649903,646943,632463,643288,619173,618427,615449,619169,637145,605783,592140,624710,645328,589166,645852,645010,624280,629579,578953,597127,644618,628832,650465,658957,591841,638012,587661,661713,599925,618760,669706,601078,603501,593386,644261,626637,650396,593924,651515,631588,634038,622278,599816,587053,657311,648711,587353,598817,595754,635620,594219,630897,603030,646397,668650,620320,648748,651230,613640,654661,644014,616992,633881,616381,613965,651390,652172,563001,639503,658484,645270,622769,644250,658813,604090,659902,583670,608684,566481,650931,619455,602196,621688,680675,622571,640951
628626,682656,677005,656630,639015,635774,705249,648107,653744,632452,632572,633992,656096,666026,684672,644535,688387,641803,638770,634522,675281,604431,647174,663648,651242,646935,655767,663580,633222,663904,644239,639369,691242,652861,637507,646693,650292,679734,650152,690216,618391,677566,675669,574772,692127,678177,660903,638286,636223,641355,666431,682242,610377,644176,637279,616807,666148,680138,646299,677901,577263,665612,646635,679675,653778,697625,665865,676716,646739,653206,653371,582911,672967,678543,633557,654606,641195,678003,630741,674859,679366,608953,635873,620919,669956,716930,673799,662328,673739,680266,659653,659607,607628,684242,702863,665872,579175,640236,641101,654524,635361,676623,605489,679297,722122,707323,632778,685577,649835,663895,651713,652162,677736,651900,691349,628600,685892,624292,713994,640662,668928,628617,667291,626737,664435,651794,619533,701977,704414,656292,621058,640039,661721,646547,635204,658851,637716,616393,657182,699191,652252,634627,677825,671696,602937,687920,647354,686138,698634,642889,657422,704617,636978,642569,618278,611519,627499,659453,659544,626450,651798,631006,694428,641002,675151,668537,649513,718656,662031,654518,711209,677845,685619,662480,625118,629873,637238,626133,646245,653784,662576,663156,673495,592787,694855,673481,647737,697985,598469,615769,668185,651291,696341,667563,614881,661709,623853,660745,618664,678734,665392,622153,592910,646087,639046,640460,723049,635663,697042,644275,646411,649772,611814,646275,669715,673808,646038,590721,633306,657921,621804,645806,658256,667348,719013,653694,644608,661385,634409,684508,657856,646685,660180,631664,674191,655263,664572,625798,696026,701441,655677,676553,651265,661547,628895,675315,644772,630430,640386,686843,665077,643693,634248,703097,658632,683775
586276,619912,643680,613854,566295,577425,646863,569955,578344,553111,574635,578180,608560,620290,598552,596216,595736,571087,600966,584451,620282,569135,556377,622450,569980,610963,605479,596003,571224,596179,589718,585792,622947,597826,567187,570422,599259,608151,601330,647968,575288,606253,611052,555511,638879,592600,616284,579450,594226,601257,570269,641767,544469,621481,587992,570736,614591,588597,604270,614532,516134,604929,612321,612439,571792,645279,564466,619046,583130,559181,609800,548950,625877,649164,567448,612080,570104,629932,580940,640524,620327,576626,602870,542276,639040,621503,592685,625387,607312,609095,610595,571483,578230,632013,631157,583624,505247,596035,564967,606713,567458,604721,551859,624329,637544,630774,594298,613028,581760,586687,626096,576750,628310,606073,630633,581571,602437,584051,624449,590512,601308,593156,602005,602429,590785,600197,610424,642523,652439,581033,550304,571041,631640,606306,601152,624647,596059,580903,594964,660555,599942,580460,620315,593881,591433,633902,566227,600418,643067,562090,592936,633994,604686,588552,601135,575305,568154,610601,586631,613882,586211,595847,639114,632544,609001,600743,614673,673080,585132,607154,632448,630102,584645,608558,588882,572522,607217,575472,573374,592315,605053,608179,592751,543883,620775,570422,612808,601237,547952,577920,602878,595426,626438,606715,560506,589629,572147,619817,573828,597704,609675,572633,576071,566606,602050,598919,619643,559051,612995,596445,593334,566852,548354,581509,615913,626720,587153,567394,559295,601640,574036,577045,602148,610352,615323,588580,604123,583622,583970,620173,604728,592515,625941,567190,604162,602136,597721,593792,613539,602889,610844,594520,610229,604452,605407,630536,590509,551960,550369,621294,597415,602212,588030,620968,591008,620660
606126,643337,661769,621640,615141,594278,681117,603143,612722,620559,589321,620284,629386,623242,633906,636540,625074,584290,608134,582199,670590,609391,611141,641459,631241,617880,592624,610052,606279,659961,587810,558564,665751,613898,641020,622309,617576,647710,609814,682396,606174,628198,662659,541371,657832,634914,632372,629746,616415,626170,596402,625686,578938,615328,608450,596936,636022,638712,621100,630326,560124,644358,635971,680819,615327,687098,621889,660702,612236,607593,605873,551509,643115,637196,608461,639316,603649,644208,600696,638617,653175,590049,615028,620541,630044,647452,612163,648350,600253,628337,628037,612616,609249,661759,675853,616612,560894,648502,630030,620553,607989,651756,565804,660053,693173,668814,640229,683352,601313,641632,642110,605834,656044,641637,677361,609776,643235,620651,671747,571756,656252,612791,613647,607585,624992,596078,598182,677026,648719,621175,572701,609569,657847,601251,607955,633944,646398,590641,640316,674853,639520,644094,641330,656114,606759,660505,628549,628102,648627,629710,636636,629310,638238,592637,613151,599436,595113,635258,638210,621628,636483,628110,660832,594878,627892,636269,627520,680865,635068,630723,661948,663226,621055,637671,615218,603472,623886,587893,650913,616302,597770,615664,668088,586295,661264,649802,609281,644955,582829,596315,609146,624802,626974,666252,573412,636267,585815,661514,573543,639072,656847,587462,600839,579202,644631,630574,643309,587473,643279,616545,618484,623915,578382,629764,651668,652112,608225,573179,607438,616550,584224,601736,627250,643149,668495,615718,622838,637964,599623,654909,627858,599551,631159,631179,625815,649214,624062,596089,643429,659790,623945,641749,623441,637054,592281,674292,586515,616749,589560,654476,645578,591943,637975,659468,653129,637659
645699,667835,676587,644029,643316,625641,700398,625550,634044,616105,633241,636787,636945,663233,646681,624888,670766,636674,610281,622157,686446,619740,620657,665175,622680,639792,626179,643736,604048,668257,619124,627329,689153,643542,623880,664527,643692,655540,649023,677257,642562,643321,681766,576941,666911,636421,658099,647084,632778,606784,623566,690718,603209,650336,648784,618213,661563,629594,626009,674862,562655,627865,625281,659454,618365,689698,611780,667779,620315,632160,643883,591648,679789,645619,625538,643392,610801,678466,625233,659603,650778,611523,625588,603429,662645,685464,638603,655098,675455,642067,657987,650367,646700,657271,669400,672139,572506,644557,631239,630689,599853,649951,596774,671930,697541,661175,677032,673356,631844,658491,677962,622771,651276,629495,644550,606932,639367,609426,684784,632087,672671,626609,643218,633164,647295,631637,617119,699242,677282,640602,605336,630621,659849,611970,640465,648282,641666,580862,666965,679731,655906,626010,646005,659604,576236,669055,616670,663187,669795,615147,667558,649959,635184,598339,637818,598756,593447,667467,626600,640732,662451,626003,687430,619254,657213,649810,654946,699059,651787,649512,702335,662879,651023,653241,613099,625346,641033,620089,672327,643824,627584,642149,686769,581586,669271,667175,652188,655797,586267,619037,642424,641563,675704,691705,630362,649877,648169,648734,604667,663209,662483,613518,622060,611039,650942,633427,684626,620007,686776,641635,644449,633304,610273,631834,692128,693084,607327,593044,617084,669114,609424,629696,619869,634818,701438,651948,626026,660561,636298,661309,657221,589387,645803,632536,638502,656048,653293,583281,646173,656410,633765,647966,648146,641543,611912,661216,639867,641385,614809,676137,664165,656228,632238,688832,657801,666095
639086,653942,672432,622215,641687,632237,705748,599563,633809,638051,634967,651602,661181,647687,659335,623315,640041,631742,640131,616127,675233,599012,615944,637157,643004,653776,622918,629011,590370,646888,618435,612124,656759,625370,663544,657143,646908,649744,627929,689050,631280,630443,666625,587188,682271,644737,660587,633108,631551,613867,619283,657014,608148,611333,629927,602733,622122,645654,600170,672867,570952,647499,628418,650904,617495,696131,645099,645606,634729,623656,646997,587616,667835,655949,595406,655260,632241,659657,613434,663477,650603,602067,635554,616775,668619,687238,641901,639857,648070,650802,644420,620855,624686,649477,686973,635281,572107,650749,645365,627500,597246,653565,587989,677814,691111,664310,660982,663581,647537,654893,664192,624401,648366,627203,683579,602124,663595,609341,654261,635113,652919,614065,624059,623228,648283,625857,635716,693626,665365,621256,584210,618348,657724,592364,619009,652764,652114,625917,661189,706752,652748,630239,655750,651987,613844,667926,640333,633893,684053,608142,671795,645034,652244,623636,638932,600289,587741,665019,598843,628788,648674,634404,637374,631380,651034,653770,648651,680809,623319,635429,656145,673746,646904,663148,621117,602756,644705,623354,651912,645555,637004,636711,671080,590743,684477,650901,648344,657283,593926,618959,666030,629719,634844,685715,603647,644798,600932,653727,603966,636386,670856,603434,604418,599636,634822,632865,674235,622505,684100,639818,646991,645567,612241,645826,673847,640450,629782,617918,638923,662625,612625,609655,617602,663073,677016,627684,654587,638941,611765,664958,643446,624506,627480,604543,655647,658436,659781,601056,646260,647741,645241,634536,638656,662087,643569,659027,630815,633740,589260,673215,645543,607675,650756,676893,646766,630363
613560,607018,653776,626595,622129,585556,674453,580621,580955,607462,604311,615325,618608,652713,635780,606086,599200,606678,591172,620364,655800,613062,599384,623667,603312,621611,620559,598388,579604,623344,611597,622649,645940,632091,620097,621639,629170,641983,603863,641128,661184,631503,661892,572157,655376,627266,625538,611442,639273,600809,594156,614450,584311,619433,629549,607309,616685,632900,602233,601084,564924,622077,603979,667260,607454,673136,619259,617664,599796,599752,621649,566509,630293,630962,584309,660028,600182,626911,591521,645686,629739,585703,629095,613698,631763,658603,607780,641452,629627,626859,634457,615367,609011,632311,623026,617826,569792,647784,612961,621259,580445,634584,589119,625856,679735,668072,629994,640400,603418,631310,641527,552992,652797,604036,659708,604204,626787,585495,638542,593306,629810,606526,613942,588517,587120,597190,633207,667117,664109,593516,579030,592515,659217,625231,610540,618665,642214,572434,633383,661894,631825,613087,633875,615261,593781,634003,614528,615211,658671,601093,621394,648433,605204,608760,624790,566093,564708,627049,574563,617773,609740,599031,647657,610418,623556,624600,628430,669294,594722,624118,638604,641864,624707,641084,591745,611919,610997,620586,632931,600165,607050,630831,653555,597012,649417,633357,585804,614192,574893,599377,615207,620154,639563,673803,605659,625789,608022,630621,589240,630212,640588,606699,578676,589524,618045,608938,636277,610937,658755,624785,620629,608033,596601,616773,634700,635517,602285,593783,610732,620203,591083,581812,614956,635064,680652,623372,634235,651369,612668,624093,629516,587663,614613,600176,625497,615477,601872,564781,644853,617583,620089,637295,603671,610282,597660,650089,579233,612143,578414,645651,619831,601902,622200,656104,603486,632055
607893,624852,617811,625470,625188,572263,668458,586543,607227,584077,593501,575589,604388,618106,637941,593012,612214,585373,582389,596582,642314,596436,577494,605288,628735,604627,569749,593586,606533,662731,606826,620804,676967,617339,598750,581730,618520,619368,609825,654817,596776,582520,644589,551985,640721,608503,641449,605391,586764,586915,578621,618665,561167,597441,607808,577163,594285,598140,599021,615789,527589,606175,605173,617834,587037,646766,616212,640222,589789,584832,617308,578983,629496,626189,584005,622079,573396,622487,591647,634147,630399,609005,607931,564491,625376,629155,580238,606731,618484,636619,604926,592514,634187,639324,616908,616874,543892,632529,614757,602775,581175,630083,573238,626064,668534,645437,600504,642599,569276,586673,621934,567012,662870,624898,650499,570535,614640,575358,638233,599225,622762,612560,623223,596771,581878,598732,623111,660378,646770,616080,566525,556233,629255,613436,588125,600898,626498,548024,628118,653430,599447,599994,628036,643746,585050,628184,604827,616404,630961,602244,645605,643470,586124,600325,595086,563072,559557,639096,598288,610604,591963,587525,668108,596827,605799,636711,617645,656690,617485,623027,656545,610383,598692,620321,594946,612114,599970,571945,618328,602599,593218,604590,629157,559623,636405,641318,610280,604867,554446,579988,630464,604250,625847,651366,579547,633365,598755,601165,568731,617038,631560,569410,608229,572564,608550,602859,631546,582999,656948,586748,587387,602327,594611,611035,625849,652405,589678,592462,586412,625697,596314,586282,586345,628315,655191,609348,607126,602384,590398,635609,591171,569571,635189,591839,602789,606180,610651,576912,639001,615686,618890,629068,632984,607279,567478,615878,591727,589050,582592,623254,636877,614557,586939,634809,590341,643228
603626,608946,617243,618477,593635,583030,664741,567694,570021,588636,598471,578471,609060,628635,623505,592873,610134,610555,625582,598643,639182,576239,607056,631233,573792,583771,620339,599875,579857,643150,591823,591952,663947,621498,608566,617891,615757,635947,582996,633541,593928,626866,650003,531801,657579,625964,624501,607882,616162,587675,586306,614139,573123,606192,582976,579752,575920,606134,579817,616390,560197,611860,599652,625596,600674,656420,575187,626055,618834,600120,617992,556448,610961,630667,573178,646228,571503,621662,600974,634068,623347,577693,591319,592228,628667,652155,599791,611702,582840,620441,585929,608703,593900,621729,632226,601321,553781,625354,605775,616919,588377,612737,570500,621092,641909,639801,630505,657359,610590,614165,619499,564555,654036,614203,660552,594157,607216,579775,633874,573122,588245,611523,596867,632351,598395,592801,600490,643310,649915,604814,583597,592040,613251,598873,568594,645807,621840,575137,611291,648203,611729,573676,611303,615719,599721,649485,604268,603467,616737,614363,604522,644725,632167,609447,586327,565625,589792,626192,585845,613676,587084,595357,653519,599234,603512,630196,643568,672851,602632,627658,620367,616197,614883,619642,595900,599308,633377,594361,603312,566660,588901,629582,618827,558931,637277,638055,598944,627039,551039,588921,604232,626423,639477,648581,563448,611650,585257,628099,582631,618937,618333,582018,564892,577009,590828,616595,618089,584550,664470,610922,589492,611650,604210,609919,619287,639391,591424,575423,615438,630734,586458,572117,603806,609404,658577,592522,617735,626481,609650,650746,583284,600778,596079,590200,600015,636733,618215,546689,649232,617364,620798,623782,625039,604572,595337,637114,591961,591935,569891,639087,609401,596660,612050,648732,609277,619279
594480,626702,649055,612065,583774,581205,665464,539431,597625,580190,601136,610471,604088,626460,639820,587256,623417,598425,601673,581457,645283,593489,602041,629068,597080,620925,582165,573816,580763,642176,598450,633733,662531,618597,596354,590949,617243,657147,585296,669286,601909,621040,637501,529708,635820,609204,651720,614690,573788,585087,567770,658095,569578,637518,601093,610124,608845,609285,633444,597699,562457,620947,617752,628864,603808,651802,616283,626075,585292,613561,604754,565190,632181,621496,569484,619796,590456,635985,600223,642660,634530,572522,589942,600311,664808,651846,591620,638749,635778,623979,607745,617493,601642,628189,646665,620538,550192,624950,617144,604776,594095,632009,540349,635902,667386,650893,621347,663422,614563,624636,622850,599558,647794,609101,632034,574096,612721,583599,633162,635923,646517,604703,628859,573396,592692,596514,591713,646863,652856,598851,588640,594355,628715,606700,611283,632167,634198,573526,602218,664170,622192,638484,643350,633938,574535,660063,586239,597454,632060,624785,622831,631667,601414,601935,611994,577395,583808,627921,590956,604807,617400,570709,647816,611543,606386,609816,636189,673620,606034,618673,648485,638984,618184,603226,601629,589827,593976,607325,616245,599454,596130,617924,628032,585666,643523,617988,619270,607597,543054,609226,622820,666023,654481,630641,566585,621116,604458,662749,567489,618502,624880,555215,597057,585715,614408,623997,647126,602444,643584,624995,595007,582105,557551,588750,633859,612342,587009,572789,589552,625273,583235,612416,617834,616370,651413,624255,608449,628317,605686,648412,608516,614210,607150,634564,607704,636881,621442,572250,640452,664866,589703,633601,618080,597472,597887,627662,578866,577615,577704,641935,605337,592627,608803,655150,606578,608421
618240,617745,635758,644623,608599,612771,680954,590891,617593,588384,620944,613963,631716,649891,648546,615857,606603,619713,627285,604830,658350,624271,614035,681244,625347,617420,621243,613410,640933,636030,618700,644619,656420,631618,658463,642963,653255,654243,620513,674160,607961,633130,670729,587693,676687,633751,647461,637852,612350,619524,583288,654204,595349,638695,613498,612379,642712,632949,637385,647866,577765,647957,623990,650346,621214,690290,623297,670348,631323,634011,636691,570895,651149,657511,592216,649434,616700,649709,621023,675274,670601,607202,632692,592315,653111,666081,618909,619855,602363,653741,649268,633194,624670,656518,684272,643127,575822,649579,613837,631810,600638,629575,571294,626188,671555,699596,644403,643809,631426,626761,634947,627415,659687,659145,672451,604399,668461,594139,665884,616388,640904,626013,633513,637662,613479,619649,632298,675494,706017,616051,586124,638975,642587,647451,621779,633929,638442,581207,657280,693644,648677,595638,617735,626297,604895,677659,616012,638139,695043,607079,646942,654153,625280,624843,620437,572555,605551,639340,628819,611888,638747,632041,678474,659708,639567,636357,629632,689563,621960,649815,675011,681254,642787,648862,593364,617852,633462,610179,633903,611849,642286,632905,647915,604584,682841,666881,615043,639134,579938,580406,617983,641441,680772,678477,593272,634173,592533,651586,573151,644926,639177,611578,601323,616855,625701,615080,640743,620522,683045,630571,627109,605614,616846,636323,643534,657819,634107,568385,626321,625584,613430,613889,651711,674368,666922,653128,635351,642831,595130,653310,634424,627366,626293,632540,641861,613736,630063,595405,659971,661937,647829,644060,640842,629128,595697,666731,615666,624265,605824,663559,649661,637701,630631,659619,646979,660420
582016,614130,618128,561605,594389,553676,641444,563068,574926,593502,594262,606155,569776,621568,612808,567219,592564,565726,597667,566843,616621,567245,574967,596399,601601,578331,589826,589384,565662,615874,573428,582904,623529,587502,593873,593422,610241,592742,586268,629655,584856,588081,613636,551976,614094,571621,632509,574390,594450,579586,560079,586250,570483,594846,585071,575791,601132,598015,587697,603227,541639,592555,581589,608922,560124,630719,592900,587488,572138,585891,584415,557765,617168,608528,561449,616372,548853,625912,587806,646081,620167,576981,596358,574459,598928,620019,572564,605043,588571,580397,588974,579076,614093,604751,611323,567650,533148,607686,595225,572585,543050,613746,567213,621884,643776,617497,590049,608724,570193,590585,582331,543007,618535,558978,636255,561205,624659,572840,619477,565424,591403,580529,583536,555446,597653,570646,581937,632428,610936,590758,575572,554149,634992,569779,554842,596808,635069,563882,609626,603862,586970,589652,592837,605244,553602,638574,597164,628517,644428,576256,598580,633862,617635,564434,601314,551349,532846,594042,590923,580170,582227,576645,665905,584350,596612,584750,573579,639555,560767,590689,656467,605933,596818,600231,561927,556099,603822,582847,606489,578322,582253,595289,625196,571632,617341,589371,587987,618633,558261,565169,604171,601217,601228,603657,554459,595707,558435,595151,528327,593426,620363,557557,559775,580951,583717,599833,599870,556566,648619,603229,580648,565071,553768,590140,605176,590439,595103,542115,576460,580922,564079,574498,590674,610208,645049,580986,621415,603614,570596,626349,574861,563023,597042,573726,608234,597562,591659,559600,603118,614743,619656,607308,588278,578037,570133,599219,580804,565476,580610,619694,610151,562219,605584,631708,606133,620374
592818,632964,640728,626420,595295,595121,667206,582324,606651,574524,611877,619456,622936,636871,638845,591411,631360,604778,617592,605837,632163,578021,609593,619751,610176,628915,602113,643691,578256,641362,601791,614939,668333,652804,605777,641132,643704,656781,612975,680832,596993,611521,656826,575470,665423,624893,634160,607876,586070,634841,604931,679117,589071,609679,613410,584087,632443,628455,621200,617294,544021,624459,623200,655172,593705,678103,619383,663546,621294,620489,645128,577155,635841,649736,559354,632336,593250,634937,602605,668471,663846,599613,627907,572291,653787,679563,609133,628074,646982,655066,614156,575312,636443,632452,639808,639151,571359,618572,620086,615221,597721,623646,568058,624591,667343,653470,625977,631258,611816,630008,628081,604033,659353,610649,646369,596763,653258,602382,663949,616058,653473,588844,625193,603480,614376,609084,623843,683654,681299,609281,583841,604706,642617,610030,611746,620793,637283,592409,631829,681061,631735,619361,633651,626437,583535,653041,595085,653561,649660,607247,625402,651978,603832,610486,627151,552424,591123,608920,604712,624034,632983,617053,660737,614990,631288,628375,649327,659145,613948,625841,684698,644892,617486,635435,593622,598324,623897,604859,621033,638162,615385,607105,594419,566332,658550,639808,596793,646725,600294,597559,639258,635776,641595,660369,582807,632506,602319,613342,603931,641861,653285,616087,593859,580246,634095,615264,658939,588408,644792,604587,637012,605775,574002,584762,656453,634708,599879,594506,629731,613479,597479,599483,614813,682732,655029,634004,601896,602597,600307,672221,643716,567281,618733,593147,618979,627961,629528,582352,648909,655071,640094,632137,627297,627210,600331,644875,615717,584629,594931,635221,632985,596310,619912,647883,639312,650024
627380,675876,667869,640027,616250,622181,707539,619523,629933,610862,634905,663473,665019,688867,669062,637431,663985,643262,619603,635495,693887,617812,632952,669332,625821,656215,660307,640398,613332,649268,636562,667299,683030,650083,637322,665360,669919,683662,651837,702725,628440,666851,697341,607659,686687,634319,671151,639519,629019,614824,633928,693287,609652,646694,628777,618099,663329,652630,634871,681265,591900,642176,676950,663821,637156,701934,641928,670724,655515,633239,641782,612610,671204,684696,601869,677761,644465,666353,627706,684229,684297,638478,623217,637862,700170,680729,628600,667857,660223,703037,665541,635009,647804,678711,663170,653646,592455,657011,661576,655076,610701,664317,617704,647948,709733,697372,669346,692580,647219,647754,671221,609446,676588,649803,684393,633113,652335,606305,686297,641868,664927,636774,665469,644973,632204,660303,647101,695595,704752,652049,606826,641039,683558,619392,633044,671175,673304,607107,641938,685619,654048,662809,671426,679115,615239,695790,630206,651777,701773,623804,666713,681921,659720,651077,636055,589149,622321,657633,644563,666229,665410,649827,675448,660264,655890,643611,654649,725485,642471,649911,674201,681906,652954,673924,618352,616853,649356,653363,640996,659518,646843,632401,652241,615187,693700,690343,652207,662584,570098,633322,672390,664965,686586,693101,646298,648220,625407,673296,627347,679192,661039,620090,645126,619602,649603,634926,686722,594853,705237,673657,662214,638833,606279,658975,680402,672200,635225,632198,637719,664011,615668,634611,645416,672203,682124,679977,646268,666777,609393,687629,649332,630866,651436,662961,664252,682683,662433,631317,680450,692344,645166,637067,633117,630398,635071,703189,640199,631657,600804,675031,646953,642828,632409,698552,648103,650073
609196,639638,656333,625285,590275,596595,664675,586725,610359,618325,604263,614858,640493,640021,651081,597782,638984,624766,615828,594705,674033,599184,607528,640865,636740,633279,628067,609929,602159,654673,634039,618128,702269,647441,643594,641461,638189,639621,625996,672390,622139,629383,681543,556631,636314,599247,630372,624011,617386,597329,589134,662922,588993,646169,613751,616034,644966,632757,613301,630330,560856,610634,626566,643345,612180,667399,626587,677305,614408,617232,640371,571611,632263,643266,587394,641493,602351,646490,604928,657579,668439,598638,604496,589488,644658,662838,602733,654704,642093,646026,619017,629176,619577,653460,661078,622432,564706,621245,629172,628778,596604,648645,578150,655498,683380,665608,636763,652868,625529,620428,634066,595579,651229,645155,650395,611966,654970,604532,668709,597902,629980,621823,615486,614534,609611,629354,609793,689182,650003,626356,574814,596322,650479,624855,611939,645096,631114,574119,650239,683696,637662,629656,645292,655238,599757,666027,603708,629853,667164,634121,631580,636975,639968,631715,641308,604973,579465,627093,604627,600663,645927,604838,667297,602683,603311,654200,629465,685342,642149,634541,664282,645475,641698,632306,600797,605872,617060,613356,650750,614154,616099,620179,667853,589112,661059,642291,615484,645889,564792,627792,652029,627574,643232,680293,592685,636654,592427,647100,575822,629721,653835,592197,594016,595786,614412,629124,653732,620424,669180,631375,636624,590559,587383,613836,661819,656931,608193,573878,596456,615251,606635,606116,615848,612896,660113,625543,644750,643405,606236,647105,617841,600870,650796,627580,628760,646003,627863,596401,628740,653314,633133,648158,632133,623493,606899,634499,603903,602873,621675,679107,651178,612400,630332,663414,609173,640485
591122,581244,630544,602751,576488,575993,651564,601117,600890,582702,616148,621993,602069,654808,644233,598120,641575,589979,622306,602482,638070,585314,583003,620924,613568,614450,590127,579609,587995,631297,641135,592793,645071,597096,635177,612531,637276,617568,609299,665638,582687,629958,633893,568977,637282,600042,625248,626059,601503,614522,588991,616146,593232,617851,613342,601418,620120,600744,598906,621028,569358,633456,613402,638193,603002,669806,598128,623309,636655,595883,585329,556548,632699,650837,561950,633635,584052,625618,610271,641689,637381,570102,564007,593825,634205,639498,595990,596182,609841,617087,598418,612974,586488,613746,663828,598333,551878,602057,613998,599364,571254,631477,554959,617389,670848,673757,606082,647755,621104,612263,627724,582514,649892,603189,644900,576914,648004,571324,658052,612659,615568,590713,602393,609173,608999,585654,612023,646310,617704,620545,556774,571375,612937,615216,608743,611986,612114,586956,632605,648288,596720,595771,619362,623861,578118,630296,611090,599865,637401,615122,621723,626833,620288,574218,617886,595577,568591,627065,571739,630252,610714,594081,642878,624510,618522,600138,613475,663369,613934,629240,671735,646322,622446,622189,584821,564152,618735,589691,605696,619364,577900,621681,635037,574131,665662,616088,611639,631139,560135,597425,627564,615333,641345,621653,562403,619786,578956,616746,562342,619541,630622,594204,597212,596094,595910,612356,636864,588131,646927,605314,609901,610384,576260,588853,635829,641630,600895,556949,581186,602979,588456,599130,612891,625435,676608,617626,632561,620254,586169,634738,589965,578601,629580,598029,619551,625015,602023,579659,649146,662034,605348,592733,617605,610169,602422,641441,580137,592120,586024,652980,614623,581942,616544,659260,628395,613934
619201,616879,653788,620226,599435,586090,669716,578774,583911,602490,600599,624253,632068,634146,617045,620021,623890,596780,607140,601660,659541,609129,588488,639358,582596,624491,614551,627222,600807,650535,618867,600375,643204,612407,613015,626376,608990,633860,620609,678916,593784,612556,639905,578275,653692,615706,640828,628738,616328,612762,572943,640051,598342,642850,621887,606681,621412,619305,607963,659568,565662,614783,595384,621327,609053,653383,603979,658299,608287,600613,625010,566506,642693,640762,584647,623887,608721,628302,593213,637422,641280,605714,601356,572681,651693,651410,610354,617392,624913,620662,632319,608821,603296,614465,644895,609726,579524,611575,582392,640019,570242,606699,567824,637205,681007,644297,622201,653873,615660,637545,636243,625390,662919,641402,667028,583737,642127,610720,645965,603203,624739,610518,599793,609175,616506,608987,619375,701528,648775,620773,581483,622876,632935,587583,630591,642278,632857,579509,607777,675188,624654,617866,641985,630950,607065,646373,620058,637917,646874,612441,620533,612117,610112,588961,612991,572726,586114,663307,594056,635185,635367,591802,636715,618745,632845,626989,624514,675517,614608,624700,678971,659323,628844,628511,620428,580976,626032,600436,632580,592884,607140,618165,648258,550490,656903,641141,607740,616743,553292,599237,622170,609635,635777,658231,586934,637584,609927,637770,570930,612092,612778,606203,619764,580776,619251,639993,655772,573683,657174,623716,633179,594610,606151,620620,651945,616288,601255,578252,596517,633051,621356,594736,622835,646502,633128,603064,615319,653030,602474,644695,607058,601273,622304,623141,629349,624527,609018,584177,638719,644639,632149,618995,634181,633292,611900,669771,622492,601838,563716,664642,619590,589372,611924,667134,622024,644204
617580,629410,659330,631579,627193,601228,688201,626205,617146,611247,623681,621314,650621,645582,659371,623533,635247,594733,604553,616007,651405,607498,633738,676508,625349,638602,619837,627761,618109,618467,628013,623614,662410,599081,654697,646164,670683,631727,611424,668085,612848,642614,665614,582165,648456,632085,637345,623870,636968,612358,594162,652103,608799,623573,625344,608086,645306,613398,620506,646402,588629,626759,616540,623472,591556,698184,617114,674049,628781,593563,628412,555972,637791,651183,576128,668136,604418,664282,607877,660891,659622,597494,617324,604323,650972,663165,628345,637965,619468,632170,653759,660622,616103,650915,677315,628277,569483,634716,648044,622894,596788,656831,611932,620585,695945,678040,633014,660860,617961,622867,645117,605304,672925,642621,660746,600883,659580,593988,669653,609289,637186,611510,628308,618023,625545,630595,623444,676786,684133,639568,580484,597665,665084,618174,608264,640203,638483,589845,645269,691616,636111,628505,652930,654620,592999,650387,615196,648970,650565,624627,641972,676685,658635,613981,631831,579116,595560,649653,604595,649864,631909,618735,662813,632481,626377,639877,625522,681024,630938,624166,645941,674498,638699,635255,621662,614934,651873,608755,629528,648157,609426,653384,649241,572586,666850,674913,639219,642415,566630,583367,614204,613752,648422,629877,599017,649412,606826,624208,605477,651509,625839,593606,590542,590701,627394,622552,671472,598491,669875,600715,641421,606233,615027,638618,677029,666039,606691,587779,628221,624610,609000,607741,613294,632152,687410,621258,666312,636755,618107,659830,617942,619942,644982,625146,633635,634795,631381,601058,665946,635300,622692,639932,659825,611152,611889,675690,629453,614747,603782,655724,649471,610900,650756,649581,619330,633431
619150,646832,677518,662506,634603,625982,716638,627882,643227,641558,645399,618312,667404,684627,657876,654476,683174,652179,651590,637766,689340,637497,635991,687785,638127,648665,636493,645795,619126,678561,634508,648221,688384,668373,684238,694717,682541,665407,637393,679078,646402,671513,676793,602840,687840,640377,653835,653554,635917,630024,638898,693153,616958,679511,646958,651617,671570,648082,651392,661934,596996,687811,653699,666000,631014,717038,643980,721167,659050,647158,648429,630827,667436,669155,615757,663812,622929,692274,652676,683784,702236,652753,641150,641503,688861,703946,670463,664637,667328,656444,657802,642228,644682,690928,688664,673543,578936,680271,670866,650452,646293,658261,608887,672041,713389,683620,670498,685473,645496,673525,675617,648836,696135,641326,685819,646207,689069,639838,693953,647017,661892,664499,674478,649188,644481,639005,665074,713846,680346,662794,612618,650954,688309,662155,641614,672333,697983,640744,664421,711041,654727,604202,650985,658825,644477,722175,654773,664077,702816,636096,648778,697460,664692,640055,661938,612285,627425,653271,639556,677294,680117,663118,729288,643082,664698,679953,671369,717810,673075,657580,698621,696015,658384,693745,646933,629252,650408,651102,659442,646920,668381,655243,660882,603935,680871,662760,662075,685588,624195,623540,650281,669970,686382,702886,624420,681327,613067,692001,617295,680774,675074,637145,628844,635880,651470,651407,703103,643561,717661,669834,640337,630302,631636,681457,689776,694714,660432,613178,621633,658356,618101,649975,635368,657335,692696,658554,669081,661823,613745,693616,661969,641676,655680,630325,660898,686394,692498,613453,679143,664306,650802,677194,664265,667000,633782,687113,662420,639328,623419,667069,650104,643868,687332,684875,692374,670303
639269,652856,687770,661236,644033,639201,707121,637249,611665,642384,642798,666225,664263,672892,669543,627864,669826,640464,654104,628604,678286,600395,672281,692483,637339,647768,630792,654502,608649,655310,637955,630940,690247,664816,649053,700388,672613,695052,677723,717435,659027,670063,698994,609102,682204,658383,658344,647461,639943,632809,616877,690486,655440,651499,639165,625840,654594,640846,644695,678661,617917,650658,663152,700905,601651,710811,652730,688095,659638,626882,672014,586269,671321,700346,626932,682065,633670,673600,633907,688276,673252,636927,637247,622898,680930,704522,645825,683924,662849,646421,685232,682433,660780,664954,694528,653765,589614,664743,658750,655937,614620,661439,609980,658477,712307,697268,649252,696125,653048,666138,675567,632330,684778,654528,686390,626849,688065,622761,709044,642380,664755,625946,669399,647006,643535,632787,660069,703559,705192,679713,594557,634166,660101,641815,629694,638906,691345,609370,680509,687062,661706,659127,669710,671651,622524,706888,653543,657193,676994,617421,657444,665980,654244,631634,656789,607933,629594,654269,620928,660320,684997,641707,682513,631783,677192,655418,649503,702533,659157,653545,717545,706059,655852,675932,629076,631959,665459,649546,656011,668739,639446,678355,676497,623797,695988,685863,654286,650543,578704,621809,649219,674298,690294,681873,635030,658982,631035,684166,608146,651042,672077,632573,622039,627584,661248,648260,686356,615766,714492,655075,657406,631735,623466,660066,706079,681536,604820,631750,647759,674598,624837,642634,663793,685857,693178,670353,653609,670453,646261,701966,679270,608847,637516,646873,667455,691836,655496,615548,691603,688456,652952,668153,671404,654663,627770,702511,632247,650848,610280,684544,674858,619591,679606,676293,669210,690194
607644,606993,629815,618485,580973,576885,640578,554122,588518,595183,601100,583753,595476,600614,621266,584476,617305,583500,575474,593208,623938,566893,580139,618853,605843,617213,568786,590413,547454,608159,599330,615696,644393,614737,585478,609028,619452,619643,604527,638186,582904,596299,613401,561366,655430,606843,615689,596858,567797,577444,557433,599271,538055,620674,591363,582141,593362,597353,584104,616869,541959,617253,603061,607828,568700,640544,575069,606457,579772,600414,601967,548039,602577,620694,570304,610757,568764,623425,596320,597711,618310,573975,604815,569071,601789,635119,608604,621194,610762,628536,574084,610595,617817,608323,627886,600673,532027,591320,616656,586041,559368,626723,554384,609029,652809,631797,588950,628998,617022,609375,617210,552800,632639,593942,613059,566122,622901,579157,632009,581448,611624,571889,601288,542579,585451,589071,561097,639567,610734,616673,550584,568719,620263,582763,569226,585152,608324,539647,605251,652225,613527,586070,631729,638906,588752,618745,600801,618877,618078,570107,581292,614124,629574,559164,622808,527893,552510,619073,582702,607723,609155,557273,641345,580166,590248,601353,571468,666144,594937,618714,624761,629702,610885,605494,566076,594435,589045,579067,602853,587149,590106,591427,615934,547409,635370,645647,605001,591439,566981,575637,624815,600253,619199,642883,564373,610542,569848,585011,586376,611554,636518,568170,581606,585871,585706,594333,620187,570097,633114,583923,601185,607756,560183,601290,609546,615202,572437,552925,568578,605150,587404,571096,610627,616478,649580,608250,615389,604815,579748,639611,596047,586233,624400,591333,594593,613665,605662,553057,618574,594329,625600,613209,603053,611265,563538,606367,574161,580932,560942,661383,589837,582694,612252,624346,577544,630935
610853,602608,633529,632839,616463,604429,687453,600601,607622,615045,610660,611780,625463,651375,660806,608612,610948,616385,619076,608576,635719,611407,610332,644988,627180,629924,586138,614741,623253,662756,633805,605011,662680,632743,622564,642458,632855,654014,632118,699428,608449,629696,667223,575737,675972,642824,648780,644414,594186,596965,583729,652196,599420,612377,634939,605550,625753,636971,620784,613444,573079,651818,625913,646677,590158,667972,617947,684373,619220,634701,610284,568107,645566,658370,615842,640843,575309,655144,611362,660442,672546,579176,614041,604422,658689,669564,639160,641553,624421,629774,613723,617553,614769,631134,661596,649436,568414,648474,617883,612554,596033,642008,572454,631404,704750,671709,633176,650348,584669,612490,654074,610173,664589,637970,656526,599431,671655,609098,664044,604786,636681,641400,613666,618322,630401,607876,614765,692426,650965,631086,569698,615412,643415,633599,626418,624407,666784,591420,615382,688435,637087,610660,647652,652159,606123,646999,617238,651502,666865,608053,631688,669352,639589,607457,642241,608624,586590,643269,584479,648671,621754,617733,667068,613228,628377,628665,630240,649933,623891,641125,679124,665695,617303,633205,604414,607453,649094,601711,624991,617541,617885,633425,646149,574985,648076,647094,638801,629833,571899,599866,627615,640512,646053,676454,588961,638472,602194,635872,602798,621708,642211,594490,609618,589693,630635,658739,652806,600736,666251,632859,624836,601609,597008,613513,646067,645419,613991,551667,615425,634551,598785,600589,626395,672481,666588,612899,629171,635485,599785,649463,638812,589081,622701,604350,625008,644303,621837,583867,653087,660285,630603,643848,629014,632691,631443,668823,593587,614846,588872,664806,616702,594269,635123,670781,632150,656418
632267,615141,657010,616580,626695,604191,684321,606237,618271,599051,622394,623500,642341,631293,643690,586938,619492,626508,607234,604993,655953,600981,586955,611407,610032,633182,615332,609057,590095,627146,608060,593924,664387,636037,643218,649831,648086,612747,609074,680712,621359,604152,656614,579671,673692,619729,633013,638057,593905,648476,591566,654944,560110,618859,614416,600838,620211,606243,643722,666531,573081,621206,630110,634244,600298,694237,618538,649020,624239,600607,613503,567008,652917,674210,569100,632780,585259,662341,578047,658676,652767,618780,611110,583631,653250,651145,618957,636105,631738,667005,633379,626889,637233,640907,656542,612681,567530,614063,625906,609683,585909,643058,600235,652445,693085,661706,627638,654610,600397,636985,635197,598916,658171,613375,644858,605013,652007,594227,657824,594809,682005,631448,628885,625781,635695,618004,631922,680789,672917,609010,569383,575635,641440,608163,621682,651794,614319,575726,649576,667387,605219,628635,611204,638255,601528,652781,624715,641493,660315,617305,642027,648584,613608,603647,620495,590533,589631,633576,601861,619196,633303,633760,659466,645032,624456,642124,649469,683136,626742,608503,666787,669996,620847,645972,589461,590763,608411,606823,634320,609735,616521,604953,628011,594228,673493,638159,617392,636241,572876,612076,635150,609131,643765,641502,605048,644742,629174,639548,581544,655386,639982,598851,594889,567685,581267,602588,635141,600031,689589,626011,621909,621624,594158,629752,664369,629792,609705,586311,618941,637754,590135,613433,616118,648914,673704,644944,640467,631011,622075,668838,633817,581197,636604,604348,614877,629809,612344,592935,627480,668352,623383,641071,631692,620293,603387,674926,591947,614326,594475,667664,631032,608928,624819,650855,633823,638123
645361,627684,677664,653251,637857,630704,693074,607536,643084,622050,631327,605000,634050,653778,662574,589166,645115,629788,607066,645523,669970,623617,627433,645590,641528,654477,626027,650079,624154,680787,629074,633140,694143,632770,648431,623741,646712,680920,635785,699751,606641,638913,656090,591076,665486,649055,670766,627529,602198,600016,595606,672743,592294,649637,637991,609446,636586,640867,663675,656489,596968,665179,644771,626067,611141,695020,629688,667258,626682,640102,628919,582091,651533,659411,606819,667130,605580,658642,623298,659216,676230,589232,638548,603160,653127,688892,640231,679712,669007,669434,619430,643089,624976,662734,672891,649999,576863,630363,649219,642075,591801,666114,596224,661879,690019,701460,655304,682279,637605,635530,627414,623589,680936,639697,660632,622284,645509,618001,656298,654638,667419,617983,656317,614918,616340,624893,629355,694734,679226,623401,598247,630806,651755,650673,650852,659039,664220,588908,635788,704060,635133,647494,632776,673363,623103,656192,624791,651187,688916,631519,653094,670699,636139,618668,645235,568733,595537,651375,611539,640913,635009,645539,694224,618948,623223,646137,658286,715840,655719,656143,692726,678250,641671,638672,610508,632353,639099,615641,657978,646924,616394,656780,662674,605058,676696,655443,646648,629739,589076,625662,632131,649478,660028,675852,605542,663920,634871,661721,615937,663699,647328,599092,605303,606480,648135,665365,673552,608444,678274,637762,635710,605694,610933,634673,635417,676278,599435,573576,614895,634629,613110,621838,648150,655855,666068,656527,664254,653901,618736,677770,640720,604165,629176,624957,651172,654921,665452,608363,650772,681286,623073,656930,642806,624519,624382,682401,636666,606234,629142,671289,648100,640747,664571,672542,648519,667062
639555,633181,643828,648022,609785,617463,697333,638203,621937,633226,647402,646438,630994,654318,653770,627656,669106,633059,617696,637563,692326,615513,611026,663349,624056,645126,636684,651692,600715,645066,628293,632683,687287,646106,635162,651361,648135,666961,633995,679642,605963,672773,684025,580627,686661,658276,652979,631694,638415,643717,618592,687532,578014,607761,633567,642398,657428,633598,631576,666731,560427,638196,648114,667831,619426,688038,629342,650544,634780,641062,622772,586716,632677,632784,606358,649470,616311,660777,619848,667455,666237,610005,612722,638679,641660,663214,624338,653827,667418,642933,643592,617118,607743,677760,655352,635759,558903,654005,642573,636422,617791,632248,586222,680056,709299,686403,641295,647554,637172,632114,640434,589884,657296,645975,663415,636677,653458,633323,700020,614345,647251,630911,633360,628888,622357,616067,612999,665449,672258,650491,587967,625321,653611,632462,592933,660477,654303,612731,650526,696532,643475,605137,657942,661704,608591,670471,618504,650279,684838,630903,635739,646881,638558,616732,650745,599981,572408,655532,616529,657101,633058,645990,690733,612013,649047,634844,661760,701681,653352,625123,677978,671323,628281,644136,619970,614503,636548,605146,634889,639352,619894,659297,663760,594476,673268,659152,662158,670107,577083,608625,658415,631450,666912,660879,610527,651369,595720,674083,592365,635861,665487,619245,609177,600860,651496,641426,682583,611452,671540,615918,622529,642011,604747,611145,664603,648807,619185,595040,609816,650916,608371,606378,638852,665466,689741,641369,624947,653530,611692,682680,642478,616854,647187,610295,658243,646221,640702,607130,658358,676112,626632,667320,634895,630516,624376,664137,622330,606959,608951,678703,662802,624601,652767,699462,661071,667403
580544,610012,638956,604058,587524,582269,652009,579692,583135,578726,589236,590448,631182,636295,615370,598137,602582,606794,621991,593612,666650,584903,576633,639005,617037,590428,613330,609755,585541,628073,617704,594956,626146,602042,602705,605497,635443,639584,595227,663944,590860,609607,608408,558506,653938,570477,611118,599895,594714,594680,596469,618195,590596,640865,613088,568993,608748,617649,591863,613187,552634,603833,604792,635421,583544,649775,587621,658879,592220,601901,612595,555680,616488,648965,589850,660031,568873,642364,596431,635633,646517,592570,619400,574161,641474,643704,611583,634835,603040,644715,616162,622607,587190,612203,641276,630772,536674,595391,594141,612803,550269,617239,589224,654338,670970,642838,625695,644266,602598,616543,632948,587639,659931,597960,653485,585058,624055,585637,645370,590616,610241,588866,618546,592282,582437,604272,611747,677067,635776,623012,564689,593355,645649,601690,603639,618266,624926,575309,610898,648457,609126,619408,638540,644711,598260,662198,605297,620522,645314,596253,604165,638582,610354,593070,619011,566885,560382,624465,608610,636233,596722,581579,647840,598167,625348,624857,609936,656650,601995,614340,630940,633584,610146,619847,580988,615381,625813,585130,624328,596327,601833,615003,632865,552017,646341,617001,593276,625322,553817,602249,599784,597896,644729,648142,560722,606277,571523,616449,569777,601757,601662,583533,576409,562612,601787,624465,642093,566896,656527,614830,634669,597343,578260,603642,615646,641173,596438,561331,588840,615991,584726,601235,588123,627482,664266,589892,644278,623597,596200,644210,615563,580072,610655,567104,613062,617680,605609,560622,638768,602517,597612,605895,616292,626653,588214,632361,595610,593330,569982,639240,618472,589647,596376,658771,598327,647410
630445,607086,664501,616759,615235,606972,683537,594217,602703,583497,611304,591420,633470,639507,627481,604713,658550,608323,616607,630794,652767,585941,606322,626526,591055,637070,585953,609864,599686,635556,601854,599668,672980,632662,621702,634719,601488,631743,638004,659177,623825,614864,634322,566113,686624,640807,640872,619155,612599,602205,587967,630156,569599,622624,609358,598165,622464,617755,602684,643156,590081,603682,613684,655677,617686,640470,603875,636439,608005,605124,639611,583679,636723,654997,549854,657418,593698,637625,597132,647323,636102,568955,624895,589721,632397,660267,615557,636617,618340,618821,620676,609878,621118,616626,646455,615858,545102,606395,628324,602746,571361,627351,594080,634597,653845,647862,607538,642118,601809,625259,624826,591322,657734,594146,666006,612524,649657,605058,660576,602279,632826,604101,653838,618565,627431,627796,610092,679478,636576,596173,599878,592259,653299,595764,601054,637031,624607,617681,608870,643483,600851,607123,653183,643522,600498,631262,622582,647908,664036,617732,621551,655307,625265,591632,622071,578003,598134,633394,601230,633394,623450,613773,682150,602355,636731,624779,628960,689364,634463,600787,674935,655885,638998,636319,614849,601357,597916,622004,608312,627338,595245,628605,628347,574187,633080,645578,632138,627737,576342,584435,637519,628933,655827,666397,588239,628898,593823,639224,575411,634224,650017,590652,598183,593967,625077,621208,645955,605000,664016,620490,650270,624667,592854,620164,644000,618027,592333,589012,592695,605042,583484,622924,591689,631935,647384,613911,635073,652500,612844,649692,637251,602927,626962,596091,613057,608719,637338,591126,625588,628487,643232,630236,632378,612562,602862,659642,553647,611683,582388,644381,625864,621067,606059,641691,601376,625364
605286,613665,663295,622252,607331,598069,660586,593279,599866,578116,625366,615987,627342,635583,614992,591995,600787,593871,603200,611248,631495,587024,606278,633966,602766,629710,601021,609622,578342,609989,621097,607853,644885,590781,629928,630445,613741,620587,636528,673635,599129,620292,651660,588183,646544,607256,617728,630664,617559,581617,580541,653029,595449,630012,612868,580877,637261,640320,611478,636781,550383,625560,607006,616699,588028,665021,604807,670019,600178,618124,631550,567812,633403,659243,571023,630696,574734,629223,600218,667864,657068,573857,602851,588882,637805,661606,610607,653277,623089,645143,619180,604497,635874,612212,663228,625917,573196,611665,598651,616824,570810,627168,603007,647693,681758,665623,627138,629718,598794,619967,621645,586966,641627,616684,653247,590377,642171,571616,661982,604732,648364,615086,592301,621482,618655,599245,606135,668306,657934,609209,578046,612644,645631,600674,613820,605154,625461,578267,618037,648211,595037,610140,650679,640556,572776,667743,582678,641032,661204,604037,630273,627658,620978,602094,627970,577568,598330,614186,596587,623370,632195,591200,659806,597195,622243,651575,611097,648971,618956,617505,650394,660303,623951,638215,567872,599706,603943,593247,618326,611627,604936,594994,636751,583382,645773,625136,589528,625886,545646,586239,616799,620352,662718,649802,584857,630197,575823,639884,595081,630204,636158,588559,592774,602059,621346,639536,638146,590044,651952,615866,638741,573515,557814,604098,651193,644220,605500,581908,590963,615579,612224,619445,635512,645951,679143,618699,636455,619402,618787,650309,614123,582619,609094,602888,631404,621806,621728,575093,628125,642122,634223,630055,614750,622370,598084,659702,578509,610394,579273,665062,636801,619961,632082,659308,616174,658367
602157,608161,658670,648030,617971,657666,676996,599207,618227,632085,624090,619102,641966,644283,644212,615291,642739,613234,631425,629744,682173,612553,625941,638717,613398,621829,611877,626156,616030,664849,608991,590603,674758,611819,617997,648935,635544,636445,605973,681320,603422,637236,667161,577630,677078,634540,666584,620994,616305,633216,618553,648520,599947,617255,625908,634901,626362,662212,619779,646766,589900,641470,655410,621853,619488,677953,597123,698685,648431,624609,643012,572074,663600,655385,583657,671355,573256,648275,596436,638131,670921,602072,610720,611069,652139,675724,624010,669086,644353,639731,618225,640613,610125,636333,684910,645601,597571,621755,656757,634255,594036,617566,599621,660617,691249,657173,622801,670494,628459,642652,634764,605672,649847,629178,652179,613087,662952,619110,673327,605588,660216,643483,617038,619115,660816,597404,628416,693689,661651,658473,600383,586051,655503,603299,592425,637498,632956,597519,640312,697735,639272,614551,658909,682314,617120,664875,615969,651332,683412,635505,623046,659369,619379,613093,630955,578990,604233,639440,623324,638327,629565,618330,689616,612209,634996,664850,640132,683805,629233,635585,687166,658116,629762,658985,614047,641293,634083,615644,649116,609816,644027,629004,654244,588189,654051,668472,614822,654993,554530,585605,633924,631235,646459,683985,585854,649858,594582,662258,596556,652177,660281,608077,599656,595967,619998,636141,665375,589793,671805,624172,613782,636513,583097,609818,657123,662439,632817,596255,582410,638916,632451,622222,644532,648053,661633,638319,624921,647283,594100,667797,624133,609590,620429,631196,654901,653381,641141,575172,661277,659420,643911,648472,670570,621470,609721,670042,588357,624076,587084,677507,638821,621504,632295,678831,636837,644387
652365,656514,693971,651377,630345,619626,723306,633456,658821,588086,622607,641858,665305,662291,673776,649889,693076,619482,624543,644884,671422,616983,631214,690653,657456,652373,624128,641453,622050,644949,635188,638508,673489,649078,642989,676123,657704,687046,644752,703406,632726,662308,662657,601511,683130,643333,657121,643298,617855,620660,612661,685140,626184,676315,653512,617680,652079,657971,627663,641939,597150,651998,640728,660288,644538,718922,640848,664982,615164,632155,650062,637503,676662,669420,607058,662526,630613,655418,626811,692163,701990,606425,642695,607779,670086,707994,639332,680788,646156,677205,658823,648499,637048,683334,704073,655418,600003,633806,661430,639406,624628,664110,617978,651308,696266,682199,649993,711230,657925,648736,686539,643504,701716,633793,672619,631956,668511,613286,681368,649069,671368,653037,656127,617419,619748,646034,631056,733861,701864,671634,615135,638623,687188,642635,626148,642297,668952,621962,654323,691335,640041,663067,655694,651398,606709,698563,658605,660267,673578,635042,645759,676417,656715,617185,664739,592925,638430,657786,655484,648782,673847,642012,717093,650639,697412,669064,667259,733336,654437,643676,692792,671114,666848,674879,640540,643638,672572,644205,656859,681340,639612,647079,679573,591897,681283,701984,668092,659744,605608,611169,673455,667307,685285,682907,598316,666384,636700,674927,614058,654524,678389,617226,608574,605656,660918,636967,698790,602452,685558,655824,677578,634148,618132,652101,674835,686892,633884,614617,658975,648794,607612,657531,633255,667297,696091,644777,633156,652322,630163,674676,638684,625312,665758,650531,641994,658517,653799,621903,687770,682540,645660,654660,674187,677279,626987,692551,626807,625886,630993,699652,653591,626090,634746,664291,661928,662876
633043,635161,674772,664651,632814,617336,700911,610064,612094,620008,633582,629224,655153,683581,649255,657025,681510,623814,619184,626121,695487,631162,657484,695250,647441,659624,644524,626341,604612,654644,619022,660164,701944,662328,644837,623215,662077,666584,643561,701781,630471,650079,672142,616514,705571,630223,681450,664172,606918,655486,606381,687245,603596,661523,635129,640056,625418,649921,644656,655870,598894,667333,654176,646786,635357,701758,632631,679075,645739,638462,649917,600989,633725,677759,597656,697074,614694,657254,613302,662581,671387,597253,644030,612468,696841,681150,628421,672664,667418,658245,638080,624241,638246,667015,684002,643778,571437,652236,642162,657382,624240,653349,590526,652544,716281,692943,668094,663616,631039,657132,660188,653048,689618,663374,698305,645894,665170,632525,687753,650234,659198,642547,645654,628130,629218,639901,652224,729399,672955,668549,612029,633441,676614,620165,633335,672078,663355,611749,643078,705777,655971,632209,655377,655753,636913,674957,636501,647479,691361,636099,650660,667691,637944,641419,657246,590058,597529,676285,609630,675360,703232,626106,688676,629426,648128,649005,656343,712107,662017,635264,678075,686291,628886,664542,621356,624078,630843,648980,652206,647198,633064,644737,669693,606368,722963,652193,655874,633565,597800,600265,667736,645020,684800,689355,608741,665289,621449,663417,626890,654866,667967,599703,636433,601243,626633,642752,679415,630964,686920,638302,635318,637093,626754,667149,672981,662747,611059,613439,617575,673497,632719,638729,661777,697735,686307,648715,650923,651914,624629,685994,630577,628478,667881,655004,632260,653477,660248,605917,666142,660900,646819,668666,650228,641113,635423,713335,652525,618608,596862,673537,642190,634163,643129,671240,648188,676492
636607,643610,654263,632971,598051,597735,662510,598901,601929,604706,605168,615266,622763,617707,642678,615352,645284,590445,621021,611796,657644,576520,601027,644395,616752,672728,617097,629912,616839,653854,610311,604548,678881,625781,594874,630359,654055,642747,644946,697893,619450,625658,671097,571732,663142,648364,663676,621458,596568,629514,566966,669700,601027,643085,613422,593547,638724,626502,617828,636480,558178,631518,618833,648932,605966,682617,639318,649231,618667,626431,630007,573196,649427,647487,587042,646045,612287,664457,620340,643253,644207,585045,629789,614086,652187,680844,636438,644438,619795,644336,613047,602741,609877,653043,660341,614477,584858,621312,627215,626982,570138,622748,565911,637510,686537,650837,645689,669348,621211,668002,635901,620452,658720,629068,643861,597128,644037,614234,639018,612333,637195,616561,610919,590201,587039,624316,610203,677975,668633,639547,572844,630431,652898,627756,610057,637112,648099,584683,646581,682477,630303,627908,636705,642503,585767,652934,623419,625393,664989,606136,625930,654449,610378,628982,631721,571877,571637,647891,624654,644893,640827,599464,681383,604478,635095,639551,612582,680443,629414,614793,668610,635507,634003,620125,606689,599724,619828,610497,638116,627428,623848,647527,651418,593252,671544,666746,627105,632054,562025,609129,630450,645168,657362,622866,597473,639808,603371,654862,605105,627726,657073,573567,586621,596970,653062,637735,658935,579646,668892,628874,637462,620161,589241,617176,648219,650037,602939,589006,610404,647005,593662,615336,620486,685647,654984,635091,637145,616136,600238,635108,623962,625205,623660,607020,637632,646716,637419,584810,628977,632117,618750,609078,632231,648418,591435,660271,628358,605662,612108,634538,641926,624223,598177,666022,625476,636067
588051,610258,644025,595695,599623,578888,676932,565801,587461,580779,576941,587744,616579,627996,617404,611881,604692,608893,573066,597683,629895,596753,582755,642495,585195,622681,594938,567052,598756,646135,598650,570632,647368,630535,620729,611844,629758,650926,601645,661132,595578,601182,624302,560025,638427,609722,640167,613918,615093,628922,580886,625550,588151,605916,591051,579002,615327,646341,619633,626726,565154,607961,609577,639436,590145,664099,606454,642740,571119,584426,608119,566021,632917,650200,569168,638018,603525,615026,589883,638621,623864,584992,571167,584695,618845,640814,580687,647456,617324,602895,599068,607421,602476,611607,640648,620149,563149,622171,612200,622892,581526,643045,565827,625929,648882,649578,621323,660244,603667,608662,650272,556070,656409,600770,620414,613000,627519,585598,663706,607393,618050,612062,616754,594699,594743,619529,590854,647174,647437,623978,567019,595811,646195,618453,604413,606331,637879,578014,614822,655165,613690,582863,628429,626526,584496,641905,591346,621192,650464,594406,601888,651946,618225,606306,602235,577562,583552,622491,607940,656052,614826,598463,651895,611382,609747,613936,607799,671088,616825,621463,650485,648756,600852,614070,577244,601698,618005,589179,597569,600878,594512,618287,605471,576746,598253,639170,631429,597847,572579,601911,635593,632208,634654,637409,578709,643347,573437,621569,570875,618996,618580,586851,580477,601880,616748,605356,624596,614879,653980,626107,598635,588191,590034,609532,633858,651489,583305,551353,594821,604276,592161,600346,582321,614435,654781,612197,604842,630125,584489,655771,617726,577015,628182,589407,616127,626775,611266,607026,656070,644779,632179,642449,602850,608098,588881,643975,562301,581918,576936,635375,634433,587490,629685,639681,607027,621402
598865,602042,642087,619167,604231,588617,668164,572648,584854,573171,598394,608003,637571,641981,653413,604214,580377,579542,614970,595200,622785,618940,591127,650028,606521,592679,595404,597787,602406,615927,605068,608281,642268,610940,629829,645739,649266,624000,590082,660441,628067,627267,628377,565123,667019,610074,646374,599142,597576,601377,585442,641457,562000,633895,610036,617273,608604,606388,597708,629493,539110,631640,611405,642855,589776,675613,618867,640490,599620,597631,613213,587782,645193,662634,557759,641990,608407,645335,625420,636849,634726,592825,601687,588187,643464,662593,626795,618377,621177,635708,621742,613079,597178,611948,646419,620836,519127,641745,607545,608210,584083,626320,578678,627801,678412,638816,596519,649225,594339,614156,625871,588927,659745,615324,608743,590658,629098,592646,657856,589713,607352,597161,623464,592450,607811,601585,619597,696805,652085,604962,587432,591311,646832,580270,599126,618367,632812,594790,625407,656592,595821,609835,640971,634100,600924,633675,583000,632225,652718,602800,623307,634892,616616,573976,610907,573779,575678,618200,580605,637889,606323,624866,653021,617157,611130,615957,647464,641064,617036,617106,631537,668415,630632,600141,598363,590071,612123,601789,611351,578894,584588,611749,612785,584386,668429,633549,639753,632116,570237,597955,631726,621962,651644,659408,582140,626645,585199,651510,557433,615121,630566,595117,598822,586657,586772,613890,623373,598906,669608,619376,616502,607912,584029,627314,662860,645075,586736,565712,590411,607820,578309,598974,607694,626131,670264,619780,644860,611851,567393,654819,601537,598040,601516,613213,628318,632550,614134,566335,631891,635994,626481,639078,639044,624511,599544,663455,562435,601505,580901,657947,611024,598114,600654,658735,607021,644827
671580,708932,697535,641981,645851,669354,719018,637847,646138,666239,652721,655912,681743,674891,692002,647261,692640,677065,666775,660039,722384,662210,654277,676832,689819,688564,672055,681402,649315,707929,684492,668030,738822,678921,691433,680607,708677,668163,654900,753006,664012,677270,698291,603272,716025,672135,683626,696339,664423,652164,614002,733786,652540,688480,691041,668547,704599,667714,687173,691349,591938,683030,675071,661074,654899,732332,658189,740617,673137,663325,677313,624282,687509,693564,640982,686441,666643,716971,684501,718908,711130,676248,691052,651587,700097,722835,673635,692059,688188,688671,683017,674129,650993,712579,714475,694871,601663,668463,675304,665701,624975,701660,629403,696728,738863,716578,695425,709759,665470,673719,690709,660502,723917,666153,693499,675457,713255,640014,715134,657102,701024,673895,686226,666945,630113,684864,688590,769669,722989,658392,627433,648391,704560,676299,670522,686318,699164,649045,695226,716233,671881,670746,693974,684990,659751,702741,668901,678740,730476,652142,671359,691377,676625,668718,700713,627337,627800,694733,671649,670296,684527,649490,740392,681479,669585,700737,709735,745485,705170,689803,701414,700622,665275,702577,651641,680546,670552,664061,723649,668068,652564,695337,687100,630622,715226,701211,674711,708309,628638,645954,679845,699001,699667,747375,649971,716148,654364,709450,633569,686031,670802,625939,647877,659372,680476,674926,718456,657936,746087,687807,675125,668368,637098,687758,711019,684547,666971,654142,646221,681955,626578,649561,665807,718665,737416,703870,693277,687762,647367,711905,678812,666484,680402,676646,679472,686922,683271,631333,696842,705154,671195,694477,680802,694915,661741,695764,668877,637992,653411,706795,697025,668884,684043,724088,687416,688398
606252,629130,693032,618149,607110,594814,666796,602268,612625,597313,629045,607849,640283,648144,638568,612485,627329,609310,638870,612412,671808,583820,614500,642576,633428,633145,612810,590899,582915,642646,627088,628336,672565,641714,623363,637665,650777,633580,635733,653128,626626,611799,640324,560621,668522,622459,650659,630867,622622,607781,597553,657651,594650,646531,623032,630051,646752,646099,624232,628821,569493,617385,631994,622582,589768,668475,637709,655436,623812,603567,645770,575478,632915,660648,611615,653225,616891,658692,616553,659128,645224,589839,619256,588413,656238,660607,595935,623094,634531,637183,628874,618969,616795,643410,661860,627926,566261,629459,630739,617008,582184,628955,594515,624195,672017,631874,639433,669028,640341,630148,648355,611991,666230,607040,638067,590868,646313,608750,632092,616298,618048,618101,625841,587379,625240,624813,641602,691516,657996,630891,581362,584316,620319,642768,589807,621363,644440,610912,640475,674170,626610,627865,649992,639919,590927,656556,635728,619012,662030,589161,650079,681491,622187,609650,649593,593166,601970,641831,622721,606822,623063,556985,639250,625717,621623,654566,625269,682007,617966,612007,649613,678378,645705,639373,604732,576773,631782,610151,646314,602034,621843,631317,648096,604692,664355,664143,609828,636319,556444,620720,639296,613045,667702,642788,613464,654674,586225,636223,573271,632484,639718,601382,578938,606704,607246,635026,640161,608342,685090,623699,634069,617848,590648,632260,621102,635625,624170,581927,625197,618137,571245,622404,636877,658384,686324,620700,616191,641427,601622,658050,600530,611980,644995,608087,643109,630146,642371,565784,636748,631608,612657,633856,619959,633873,603928,651676,611071,627109,606861,700161,630270,580820,596981,655274,600139,651906
615117,628077,647617,613101,608730,625143,675747,572903,609111,587247,614564,592232,663503,652162,641687,612058,634371,619087,617475,618677,651190,592970,631215,649548,638946,654478,616405,620981,597503,632121,635676,620762,682869,631968,635458,623284,625650,645292,624597,706602,621992,620388,662618,557759,669971,621533,644289,622053,597605,605033,592974,639220,575041,617308,620365,617290,620516,625318,602508,622964,587465,628473,629243,658456,601881,692584,636555,657346,617844,608351,625558,595333,653938,653617,586437,642190,609378,640344,599760,650778,664249,592704,596966,607897,667798,664525,605352,666306,659371,655910,628646,618544,602136,649816,647913,619187,567392,614449,626143,639393,607508,648871,604403,650883,674365,651445,610484,638909,623620,646828,630503,579620,662319,628294,635799,627324,651013,585115,648922,600956,636422,617184,601832,627075,605404,598330,609246,665069,643380,616879,581188,591961,644646,636785,608988,637599,638614,594468,623391,662676,609923,617826,670504,653684,607736,667086,589792,627943,637142,633270,628194,649597,634250,621590,624289,579933,579848,621254,621948,647864,624262,620014,694445,635477,616713,639944,648432,668855,615974,616661,655709,652684,629455,639817,589953,630398,611838,609204,634900,615445,606866,634280,626081,594529,646325,638244,606188,631682,540434,608977,629199,621429,645229,646436,592775,626287,607500,654936,590617,652605,637439,572606,585491,588547,620629,631319,650036,599141,647067,631706,606623,609832,575927,601285,656915,641686,593871,583585,585749,629903,593880,605525,635738,634016,670291,647689,638366,622219,612055,657430,638848,597680,615092,619782,635760,629848,637366,594420,649078,641791,620086,645055,621844,617926,609125,669700,603348,595424,595036,634358,634279,598741,632046,665385,606174,631121
632124,654262,670994,642409,625999,625648,690019,623164,622205,615304,654862,623659,633101,645250,637945,628486,641719,633210,662785,642490,673408,643731,596757,644587,607038,634646,640068,607590,636222,664554,618632,606614,684651,643430,656195,662480,655675,672282,641888,707536,633914,630028,644311,603562,693254,633083,647170,644249,642455,636031,621965,666563,591829,637266,641869,583002,648733,658871,649786,644951,574850,654109,668177,662833,593683,689734,653384,663453,634894,622853,648306,584913,657068,671779,638098,673844,632015,671144,599150,667945,672086,589416,636084,638371,661982,687068,620941,656098,644970,695355,642975,623800,641020,655985,673198,636327,574868,643122,652811,638511,604999,643807,590146,654318,687249,687201,653392,658674,631744,637946,678633,638529,672810,630891,684073,595792,699800,618016,666511,608215,653585,635653,619663,627888,632343,623647,629516,712581,682484,640782,571072,634569,670082,636683,616006,647242,668367,596128,639592,684045,673482,637638,645284,665580,605391,666227,636549,634448,671226,609548,653806,666982,627831,629076,653019,609751,608824,640847,625486,649707,654378,651471,656358,618320,650398,667524,664927,692698,649495,649934,683024,675691,642662,653841,619756,633823,649562,646514,664089,651369,616679,665440,676866,627585,671832,670007,642460,658073,597570,625821,673539,649793,669157,668252,597198,645569,604708,664386,601349,633910,639360,631802,605160,604523,625579,644956,674327,602958,704521,633098,663638,633489,614025,632076,653040,671855,642362,596637,617353,641503,589656,616676,658248,708673,688332,640396,656048,655854,613327,686182,646827,612784,630127,609517,643844,658724,651761,605494,663600,674659,666297,668571,641003,664545,626354,685413,624580,627527,596364,667443,653340,628614,655081,667840,648980,654085
626941,638187,649299,635968,617712,614430,667606,584140,619921,602660,617611,605656,622816,657879,637909,606339,640182,632133,618172,609449,658353,579165,616452,650501,646236,661782,602287,624315,592830,652941,616916,612990,699793,635250,607942,630670,636567,661740,640598,669208,635279,624705,650587,564898,658971,633611,647771,628114,601292,607610,579635,666295,589845,645681,623781,609858,621626,634439,616597,626816,547717,633881,640944,643081,612213,681834,609465,626708,649193,609909,650361,575985,657320,651020,596966,608386,607865,670472,609676,663959,668411,619374,608394,590900,641678,657571,641287,634381,643799,633117,655069,614813,616921,648328,672031,634910,581545,633011,625027,626430,622779,643384,601924,631175,672230,644348,644360,686942,636322,646338,635177,590866,673586,625178,647666,581325,641745,602264,655954,621240,654960,636573,618622,603209,632660,617850,629099,682619,677034,623976,571440,614629,655544,628172,608819,615318,635833,604651,632953,691835,615870,600344,626267,617126,599607,653984,631220,632251,641127,610002,623816,633899,621820,613040,648143,591621,608281,661146,626764,606803,627448,597304,679152,624552,605509,642941,638251,690424,635014,623941,657281,653647,626811,666083,608252,613764,619954,584408,658809,611996,633879,654985,654663,579238,661598,647171,618457,628755,556286,583861,629255,633578,659930,675615,604910,637932,601111,638666,584917,663770,653375,614631,583602,605085,632384,627376,656466,606783,681631,640427,592016,608252,610762,626535,638462,668809,605014,571738,618519,642508,590226,625656,620044,654808,675158,630861,612369,642353,613007,641138,628460,603204,627160,598967,613363,658046,621281,587294,646695,652167,636568,656376,627457,635300,604656,661188,605425,627821,618242,670540,617631,617343,621574,662187,639924,653030
623323,635579,645046,620774,602304,607980,665656,590737,605399,577729,607644,617752,646181,647371,659742,608231,613526,613486,606192,558180,653112,580435,618000,654061,608245,604518,643542,628492,591127,623233,620243,604165,661744,644591,622846,623921,629658,657861,624342,657911,593366,625329,633890,545366,641110,632209,645053,634430,639638,614750,586137,641365,602096,635905,603973,583925,615708,634552,605140,647806,578404,619328,608796,642380,585078,668474,620815,635233,606272,576411,613737,574496,622433,648535,567467,631573,565027,634834,614806,646302,664248,579324,609768,595361,642219,670821,617298,626743,623076,630139,629520,603654,595772,621074,676645,623235,564952,629852,618772,601238,608141,632121,603714,644996,691312,671197,645488,639437,607491,614637,624290,579852,657429,612671,639526,613279,652514,576756,632157,605221,648691,601505,608108,599461,607734,609853,604494,669952,656246,610590,574888,582546,656948,608612,600275,611991,634848,576708,639868,683008,624599,623058,631930,654459,588116,653056,607474,615070,623062,618391,626645,645995,656611,598068,617086,576688,607497,644951,609236,653899,631364,616824,655767,631924,635012,631420,616595,665094,616725,632409,654412,642730,605788,648278,590448,596928,629156,593785,636407,614540,597225,623902,630039,600800,652801,647284,609395,629319,571771,604778,626432,625287,660195,653764,591665,612436,604612,638991,587584,611686,618128,584031,594617,561170,596415,626055,626364,587488,681549,622978,627543,574551,585889,608718,633285,620991,605680,562792,592845,613374,612410,621815,612073,638172,670207,625239,664118,638351,615719,643729,613077,595110,624727,599978,606314,646144,610860,568192,646217,656638,645942,640300,632226,612882,613286,650321,597293,585713,616236,663732,620584,606600,606216,681678,642269,634112
642180,675143,678517,643269,609557,640754,697687,622913,632606,624713,655042,666499,661877,661835,657688,658484,667925,635042,639347,641315,690672,612032,655498,676471,644594,681727,624438,657656,624957,650246,656486,643222,685373,649508,647063,677788,686341,690465,649999,693985,655200,676123,682788,582617,689153,651529,667828,629528,647793,647421,636011,694515,623598,650074,662768,618076,676282,675530,663801,688534,609625,666571,677368,688462,654245,695585,638713,702647,656258,658155,618441,626431,656336,673280,632109,692121,623581,685697,631843,701878,717307,627360,648693,667741,666456,692950,632437,657655,662399,658853,654945,657890,635033,676560,673644,640881,591224,676702,657935,674619,628235,665388,624550,683178,741046,710387,661506,687059,613703,694024,671868,637349,705658,642391,686907,650729,654550,650085,699589,646065,675104,656280,648711,637968,644836,631081,672347,695197,675350,657427,611014,645976,700865,651571,654294,671923,652088,639497,661635,687974,667030,644859,662660,677018,633722,712125,665553,671867,702451,643942,655533,660277,670380,604790,642178,631138,615682,658210,638482,647581,658750,670861,713886,665837,665191,666890,658258,700184,660846,677235,704410,696996,662554,686870,618872,619014,649988,638980,689588,640148,653659,653095,686491,606325,694188,659816,659904,693765,601923,636070,665378,668071,697687,680543,619374,665395,637535,667699,616997,668350,658793,647567,622296,637183,646188,668854,662038,592151,705641,672641,667028,646253,603021,641762,692041,681360,645217,615082,614802,666244,645303,663200,669567,708057,711854,652897,654539,662900,654606,668183,674696,613239,669124,647134,660325,705433,666734,613515,674063,679188,643268,645881,666819,649912,653194,688527,625623,649725,633468,685328,675733,628727,665687,705449,681749,669260
623018,650608,645572,639893,616564,614528,655542,628433,613980,601391,607739,610125,647506,632529,629306,611440,610557,602771,616623,601547,654570,601242,610018,640222,625992,638641,600376,638891,595495,652466,630640,610408,648902,652906,606243,657210,626955,656427,626024,687135,626882,638207,676513,558350,665305,643774,641769,624774,623396,595859,612178,645549,596448,631455,624601,616454,616399,642773,632357,632441,568063,611649,643494,648775,586853,636403,605355,651069,606846,622854,644351,584070,656057,659047,596838,645203,586773,651645,620862,648030,655824,579865,609685,599620,641392,671987,609685,637325,621851,633320,626477,629817,642657,659303,653279,622363,582563,636536,636452,638052,596659,638756,587599,650520,685370,658866,653688,643562,611977,636945,653867,577429,654299,611965,670934,597337,640373,594278,660215,599249,649871,651122,613740,610061,634987,602636,617288,679884,666686,617376,567126,594449,635310,614025,604659,624945,653040,580540,625462,684068,634410,616951,627617,642151,605487,648511,629156,652860,660828,617554,640871,649993,622074,616791,618783,574867,593243,632249,628156,619460,630443,592934,649269,620722,639236,639800,634570,684888,624197,620632,687760,678658,626562,647610,605465,600077,621555,613490,648001,622337,630292,629202,656954,604314,648441,665859,613835,635295,552755,622575,618179,622708,664879,668042,587452,635191,622668,651980,585343,636647,642785,607420,598173,596392,648699,655904,632752,579690,654522,623379,612705,609798,573715,612945,643354,641664,608547,582371,600005,633091,596304,597532,626362,649348,645354,636431,638050,648529,619631,644963,614813,588167,634781,635662,648617,622260,621167,589557,635609,635599,643400,653626,619646,621744,616305,643351,610802,630735,609358,655475,642419,634767,626047,667872,623206,649532
624951,611314,652849,618516,613009,592340,667547,594853,596631,600709,613092,612768,628834,648111,622836,614750,642490,584934,592931,595642,649310,594508,608885,635513,635880,643390,618284,605268,584371,622519,616594,606282,661466,629807,621428,630932,633902,624593,594728,653429,624244,621038,671715,567877,681932,654114,643308,601000,624523,604051,593973,641764,586430,598416,603269,602128,628845,643282,635412,626659,574275,619978,601520,627138,588540,676954,598266,667562,610372,625670,634151,582568,640300,622288,589189,655983,587990,637069,610356,653101,642446,604022,628161,588607,646115,662565,626615,655021,636840,628169,640224,606130,630376,659302,657400,605407,567627,635548,619566,645094,593018,625256,594450,638212,676677,652124,648439,645078,611598,648500,642349,582028,647171,625172,639857,592025,612025,598763,659300,631280,649692,637078,619792,611146,599637,622249,595486,673512,664835,610033,596010,602762,656816,613951,625615,637623,648133,595374,634458,645132,620716,612785,632433,624003,581270,661869,633961,652628,671916,601986,650969,641727,632481,609225,625158,590377,573554,634083,617567,608829,633761,601266,664252,621392,628064,630390,632169,682492,622004,622712,662605,656452,620815,649573,589346,569726,621814,602964,652807,594461,619416,602517,648867,586710,631318,655666,637886,646846,591035,583662,615251,620173,658377,645693,579233,635469,595652,644119,593265,625195,650801,608459,585182,599016,617327,624321,637466,596362,672823,625501,624758,617179,569041,643150,634336,647508,577531,570175,602467,620170,593972,608591,626888,658031,671681,636871,649476,644680,612922,640817,622205,596655,615648,599345,656684,649606,625843,586701,640330,654687,618929,626898,626708,635458,637760,650692,584926,610216,589393,670226,636865,606691,609737,669406,634696,640269
590996,613665,599018,598830,611199,595617,673546,569599,590798,585013,607687,598719,618142,615415,634816,588021,597666,605087,597498,600877,650210,599364,583151,646908,606707,621924,587953,602853,601492,625181,600310,584839,644382,639325,617544,602137,630167,631980,599526,640735,603697,612521,642185,549971,655327,603776,643079,606011,572909,589985,589186,658985,592767,603720,578135,596178,588312,611309,603778,625543,552591,609470,620157,604532,596973,666310,640035,630792,622726,606394,623493,566446,638211,641810,602444,625306,597014,640990,587349,652628,645538,578353,595086,582150,648459,649763,590069,636320,622426,640773,610942,613619,576495,622458,644056,624393,536484,620281,626169,596434,595175,614487,574330,648206,670278,638267,599100,640333,617597,606922,623180,605415,629692,597996,632404,592255,624820,598030,646774,598117,630926,611566,599294,595512,600852,594508,619815,684822,627060,602440,591974,590337,640672,598612,589066,621883,654073,584854,632464,667505,598615,599870,620747,630790,592719,663891,590757,629398,640019,600848,607790,633841,614088,594109,622662,593353,577778,639488,576006,583800,626851,615819,667823,614040,620526,622238,631913,665991,627765,606451,661447,649936,589714,645835,597526,610977,620174,601036,639547,629493,600025,640769,640041,578051,654430,624450,601438,629721,554675,595381,627137,623415,648261,648753,577196,653766,603503,648548,580020,622875,640107,580099,581257,589901,602608,624944,642693,603129,650214,630876,623447,614378,584172,612798,644429,626552,607971,575786,604147,623752,571559,590350,582400,629517,657101,620831,611162,642543,585502,638062,611276,605238,608143,614904,609396,636074,633293,569071,621890,626143,615026,630737,625272,629809,589416,634034,599016,609416,573440,631864,600857,586011,608614,613057,657146,619199
551393,565918,595910,575522,528206,552238,602757,562008,556749,550036,579675,549272,570219,595909,596994,538025,578334,566477,555367,554080,587672,544478,552504,603151,563886,573582,582857,571236,548357,592835,595474,554801,610921,575947,582585,589666,614892,577198,572661,618673,550261,610488,615047,530787,585476,569583,594596,583377,540481,547676,542311,584344,550133,585693,563195,578452,578273,552035,563743,571559,517438,564925,588832,608427,546777,599606,579308,601410,567924,563558,576138,562998,571677,612817,536563,597608,570721,597367,582004,592494,587484,554279,554540,524919,629031,615088,591061,588615,577442,595149,574681,563505,561191,602954,602044,583154,529447,596729,575209,575132,536069,578495,546712,602470,639844,598573,580437,624131,563858,565379,563792,553237,610520,563296,575894,561025,604555,551048,609602,569239,608901,569282,564279,555630,551558,580026,574112,630462,636267,561523,523200,561673,564020,588680,565334,585323,597742,516392,579750,621658,554091,578206,610845,610626,543296,619290,567417,593787,613390,566740,591589,599300,564975,579344,577096,536365,546769,585511,594307,591603,582711,553052,642143,560011,570559,580724,591092,626003,594853,576623,598987,603561,579432,588882,547529,536528,561820,557983,596833,579162,567844,571144,606547,551609,615455,590129,570970,590827,509171,569884,571397,577208,630094,601224,564141,599531,564280,614838,522494,586631,584530,554421,557097,558215,556046,594754,589765,522951,636788,586721,563146,578067,556173,571661,607450,592363,545695,533400,567617,585330,546434,574247,563262,600481,607835,582832,589666,584649,577085,599769,565402,538877,608482,577120,555400,589502,590538,529317,592110,599059,584101,592642,559132,575550,565426,602643,549518,550720,533044,626590,579153,571126,576677,638482,574023,602377
579424,592931,638019,606834,571898,582319,633365,567253,562726,573525,579818,583165,594195,601773,616066,579263,597937,585340,589362,569593,601002,581936,587105,615464,567726,599076,559242,598064,564763,621834,592251,589231,641660,577816,583976,587920,596312,598694,580732,635299,574009,596210,617668,539969,617290,589446,617546,582900,568594,569171,555744,626857,576223,602947,617266,574394,597816,587834,593057,587454,537487,597415,567974,611706,556573,627473,580340,630897,582232,589150,568195,574977,595910,606577,549696,620068,567928,589712,589184,617487,625724,558139,585914,571430,590460,633696,570757,606471,593776,596527,582499,590232,587147,639802,595423,579811,539229,565295,607502,591334,543973,588411,563137,603430,650025,631386,587452,615460,578849,615054,620443,575312,641059,590353,635646,571895,601064,584145,627137,574938,622033,595763,599983,585318,581784,604019,595758,634517,608737,597117,554360,560436,621946,595265,593665,613845,604244,565472,613915,638424,583458,608660,604589,599647,568714,610369,567548,630880,630511,600689,613650,600042,613616,577359,604080,569983,539387,624275,584729,601272,584689,601457,641440,560905,600960,588787,593680,671454,609839,599544,644644,613449,578483,593905,561502,587590,594781,572403,606920,579191,575247,591313,590570,567876,625371,632965,588706,593503,543321,568178,606984,612868,635640,633747,546816,612890,592421,597070,581707,595047,607064,572670,560709,577000,592403,634165,629128,562888,631409,591788,608020,600752,534300,604584,607717,594695,549295,559833,566871,595503,558591,576213,592847,633460,607063,588225,602056,594736,577026,623914,607755,551190,591061,584163,581953,582344,595067,542386,610863,624794,599488,612174,567214,591164,557490,652028,566959,583889,587472,609707,593171,592366,597440,625439,586082,603189
611691,671854,633543,644196,621358,622766,674226,600562,607085,614374,602300,601897,617539,641700,605619,615665,638099,615633,637365,613329,659985,577575,612716,656782,604397,632989,608127,630176,599030,654773,625512,600474,652003,634743,621904,629677,633571,637963,624566,678158,601418,634351,658702,595227,648750,619018,658846,621751,610044,612658,626770,672616,586876,619278,624356,604223,621579,609997,616478,647147,563868,633476,623813,655151,637757,678228,594952,663736,631351,610447,624120,580756,650358,637332,594283,651768,609232,653571,608405,649139,650780,613605,628273,589570,660058,625676,608140,651617,646154,644756,635894,616759,628774,631877,671432,605484,558064,624044,640114,653161,581244,634186,578567,655981,701111,664904,627604,636322,602442,630866,648406,603660,649718,648373,686446,598083,652651,606820,673424,598227,632101,618268,601491,622159,603674,623621,637269,642011,635347,652746,584600,619683,660884,630208,599111,646631,621399,603892,640592,685878,652041,616225,608757,637362,615804,643844,609730,644509,686897,591243,631784,641628,616339,594767,636274,583062,569292,619211,614772,658997,611009,622571,696526,621528,628724,640663,615499,704369,618418,611702,685559,658398,626560,653269,591066,606389,626375,619506,619503,606156,645117,626485,652682,593342,651866,671283,620729,628860,568304,608167,648944,629013,646517,653988,569296,626637,585494,631547,599949,634284,651407,604284,606930,586653,594237,611562,633962,579622,660191,610265,609099,626089,598783,610854,662969,668832,607249,596953,572847,635283,606712,613473,609118,630208,670959,607195,618338,646199,590088,662893,626878,594678,642207,605584,659789,635346,618636,601956,648650,656632,629291,651745,613004,630538,582389,675869,606180,627576,586525,621303,635243,623229,620456,649603,634217,640221
575123,602101,659295,625899,594299,585906,684905,593482,614431,602874,605567,627841,628680,638319,620574,621110,631099,634401,598270,611274,660951,587584,626425,645059,598260,644856,602078,623071,603124,652314,598807,587009,660329,616054,634027,622065,644020,632244,620275,673226,613907,641116,676436,579689,659109,603619,668057,632903,616194,616101,597219,658062,591502,631672,621166,644307,627963,621764,614020,636443,572150,611664,629176,642130,614382,680357,605575,652494,618464,598054,637911,565224,641203,663235,617450,671648,603486,686154,607689,649903,670481,609552,617306,591517,647318,685122,602558,644296,643422,642745,621185,639532,619580,642351,661494,637017,559294,642269,617848,634776,598874,646706,589069,637999,697086,628063,618379,673091,593498,646972,643577,621993,661153,630576,680872,601476,628313,609695,648509,602070,657801,637881,612278,608212,615661,622315,610011,707101,639497,639930,572486,601051,651805,606125,628178,652102,641103,595308,639978,682579,630664,623832,619381,647587,599953,646180,617366,663151,659854,609876,627600,638558,624658,601859,619333,611707,600662,616388,620011,644167,640169,624734,667458,619590,628485,628374,645547,691028,612336,646272,671188,654344,619545,618107,605305,585397,635650,602320,634156,614316,638970,633263,667004,611818,651056,635675,624303,629675,587221,614844,649410,621962,665886,636374,597313,630625,586507,628675,572668,651065,654877,615985,598220,603582,603811,630098,659414,600884,663966,641963,619656,642311,600247,637367,660760,636711,588765,592188,603737,628877,588493,630250,612361,633199,684081,618273,663414,666467,627306,662292,615086,587983,640854,597369,642330,663885,617283,601598,631073,673109,621908,627828,636740,636591,613496,680633,613413,616585,592789,658889,642409,604542,623014,656663,615563,632600
587969,596118,638626,608607,597892,584584,644637,604705,595135,594276,599317,616831,590288,652044,614638,568740,621206,594565,614399,609567,626801,575784,600883,627770,629859,610088,603823,597866,597466,612619,619880,592032,655281,605021,599928,634872,620599,641910,599877,656458,594698,618883,632869,573059,639977,608920,629585,624771,583038,589441,595511,615059,577346,631338,616037,577475,602463,624940,612098,607944,575083,622545,594558,635900,575432,661081,629281,643019,626509,608525,620167,552379,627065,630635,589753,618035,576147,609253,578495,638465,636056,587824,579627,583360,617037,646772,610533,622363,632352,611224,611396,625655,605886,638542,648249,619427,568657,594257,602158,604244,565202,633555,559910,617392,679066,652928,623494,645426,621116,613120,618248,587652,649759,600165,622171,584071,634349,578231,658270,633323,637242,594462,610552,584702,605372,603952,589879,670277,651706,637766,597475,604972,624222,606128,593377,597692,614701,565836,634163,655530,615831,603403,618503,656365,580355,642189,613721,632769,633517,617920,607071,619638,600993,583756,609698,550278,575441,614519,579329,615939,627507,585943,657384,592884,600280,614557,645257,663982,631959,603719,658386,640501,619712,619263,589736,591504,612639,587928,623978,610161,585984,624784,635583,571029,653423,629728,615519,634021,539994,570348,639056,596403,627738,650957,575264,617805,594941,614631,571008,607988,647844,571717,543844,569076,592357,612351,634513,587527,657390,574982,624146,600537,584370,593626,620440,639687,574693,551696,619624,600086,574925,599166,589955,633941,662842,618519,613169,628683,619778,649852,608238,549882,609435,586527,608087,618241,616067,568973,646629,643172,599825,614263,605419,615465,597251,615688,607430,602383,585266,671077,657277,601257,618332,631872,620758,651274
619668,633601,623818,623444,601133,588850,650371,589754,612086,559165,596098,603374,599578,619035,625746,569480,620630,593419,616999,577682,661818,577032,587495,621810,616707,618442,588151,608024,558472,630818,603895,611251,640764,630214,607048,600233,606982,638424,592726,656971,570229,606074,625059,535937,648545,618104,627465,585950,574337,604038,569871,624496,572550,650409,594960,566927,624583,607876,592379,620598,542768,618636,624528,634052,596442,645654,620841,623123,614736,611032,624872,579916,638361,633801,543113,636347,585843,635596,589166,654007,664688,562544,594718,576275,634983,627828,601324,619147,615403,631529,601215,560276,597495,642004,651340,593698,536028,602110,591164,591235,570272,668167,568626,609716,667735,643147,599611,628060,635137,608665,650285,604118,626140,639714,638060,579083,634470,582918,646595,589586,636593,607782,602503,589606,604577,626729,602201,649237,635770,608066,587207,590577,631273,601054,595422,599202,612766,559042,628678,667224,613148,616595,610059,635279,602084,663349,574850,610216,655737,591710,609781,634780,614698,616377,624543,556386,566308,635706,605002,595392,610554,568686,657006,599600,624935,598601,609664,673243,596448,616303,652945,620732,613658,614670,600484,581369,596095,595575,612194,588662,587420,607195,622299,531094,652397,644157,601321,618880,536926,580280,617851,618166,648144,641942,563511,622027,601629,595359,597688,621816,655721,587709,566280,583290,617170,630079,636872,583208,640840,605473,604578,598093,582625,599042,641400,646337,573047,572906,555678,596340,572101,585534,605830,630122,627925,600048,616154,607939,566199,646813,589652,586961,618642,608974,605849,627218,606435,566596,613295,640405,595713,613787,616183,599850,564963,637283,597097,566293,595128,645399,589831,617487,586252,656411,601857,623723
573967,604024,604944,594957,594274,546939,626542,574505,568245,569657,589146,556827,596035,614249,581037,558399,594973,557931,577676,571720,637159,557716,544264,600720,587736,598832,596040,592655,575299,602993,587722,587519,625432,582735,565269,582516,605816,624160,591413,608002,568575,581165,621710,520667,627797,569500,600703,588023,583666,571050,568835,621331,575157,619506,584533,580431,610719,573535,603755,610868,512312,567601,601629,592016,544726,638965,568488,623073,581758,580063,591779,543454,610046,605411,580723,591394,555996,613214,583792,607880,626061,559203,575016,576149,609283,612934,584637,610402,600861,611028,586806,558926,585966,604609,605590,608202,530100,597028,586017,568409,551730,576080,528444,606997,636407,624958,590998,596133,588194,579501,588967,557987,616313,600062,630137,547060,577900,552289,632533,588962,619314,585459,574362,572935,583653,573799,591864,649562,631411,575044,551911,558170,631556,587556,572781,586642,606072,544537,602656,634623,578394,589873,595209,598847,551025,641873,565806,606024,626690,547017,600173,611437,581652,571138,609062,556209,538935,587627,580753,589206,579564,560707,637176,580100,601827,581683,600392,644524,580423,594668,637685,618328,586704,605062,546427,573687,589589,573426,606780,590451,597093,595459,591542,550530,645750,607186,581268,616039,538471,605466,594370,575589,619169,597151,569300,597077,548935,577040,546798,602875,605524,587363,554291,572762,611186,584322,609013,552339,650116,592016,593934,565800,546451,593864,598028,626015,566926,551213,552624,578646,570294,571531,601277,600689,646088,583657,573421,582241,567807,617300,574647,560680,569470,585635,598368,611090,595542,537701,588157,593586,609286,597196,606957,572991,574073,599378,565079,572451,561376,642681,602841,581632,579692,652178,601140,606388
631380,627711,645799,614463,627653,609551,646049,588455,622789,601728,622518,617309,632189,628851,635337,614170,631888,605199,619406,620891,642913,614885,613111,630546,631085,615598,603286,631753,593664,645262,595002,618918,663821,616136,613311,646269,616927,611895,608971,652531,624939,630262,659509,557438,650043,636515,641897,631226,623900,601634,600065,668588,572701,616689,635412,598985,627665,618514,627176,646493,575253,616455,609025,642052,606852,663078,615021,684118,595597,609707,627600,578394,640828,625339,608443,640009,611235,622075,623304,667506,653704,610249,617773,602623,653351,637432,615630,616622,637916,641782,627375,629258,608466,640628,655854,635925,573007,617533,628893,621856,573524,632568,573505,642823,669500,653412,655793,636101,613189,612637,634910,567201,644296,645196,657862,600877,653790,575521,629375,614700,652980,626105,620102,590929,620203,626524,611928,691017,639920,632279,572663,617621,655834,622156,624313,616476,628775,593871,639842,663760,615849,595732,629255,655762,584791,638706,602768,622179,638201,608161,646843,641689,602502,586385,629936,611715,570280,648789,599727,658431,642824,618729,664332,606441,611041,628052,643433,694722,632552,637294,665741,617855,615731,621789,581691,603110,628996,610803,652366,618410,627271,621119,645847,570531,663348,638826,639790,635041,568616,585704,632350,623485,695781,668015,609261,613156,612593,646091,571408,626052,642741,593057,604294,597860,613366,611838,641569,586774,675208,603367,646016,616838,577473,615465,642245,633131,614487,593780,606006,621417,591916,613988,627826,629823,655742,613763,635790,633277,603079,628819,596203,611912,601329,580860,634173,643057,641507,597365,647148,635369,646312,628477,650348,632046,636460,659113,617762,611171,575945,634875,642752,621720,606002,641497,630007,651073
628498,643492,678697,647497,639839,627582,712501,628946,619280,601670,640952,633748,653974,679656,643768,636929,620603,631034,625026,591715,659898,616912,607105,667013,623579,621142,618788,639102,589307,634214,619965,632839,671518,636414,633943,638090,656639,635824,627431,662861,616398,604102,673050,577232,684004,653954,667022,651797,629934,634269,588842,663048,600078,648023,617798,588429,645909,608310,625802,664056,588879,648410,630808,643012,605532,694199,627433,675493,639082,623824,612465,583135,659318,663881,580342,657512,594361,676283,629103,649064,651031,618028,613430,597679,667393,669987,628672,639197,622406,638405,647839,613988,623510,666625,670886,627461,563149,645287,619831,637001,595814,657091,595455,655690,674541,660290,644478,677505,632660,617052,644104,606047,662472,632411,673803,604092,655867,615621,661315,615524,659681,640741,639624,636176,653530,631267,606915,694003,661468,650615,592130,599832,669039,624622,606634,643683,673305,602950,657779,669682,615712,636298,643598,640246,619664,696407,633529,661436,670331,614385,648559,642919,637787,624726,629986,597571,594989,648769,640150,631860,651112,629134,665524,622959,626783,649219,634041,674812,616227,657920,665976,661634,628834,667507,603286,617317,637671,639672,653253,602643,630492,621466,635971,581198,674002,661902,643392,636991,591716,601686,632037,617801,672605,660513,612482,657748,591707,638316,582672,628234,648385,602831,610984,591312,623749,632099,666916,611821,705053,618939,613108,659150,601082,625103,651204,684090,617493,589032,613689,654943,619215,614373,624646,657766,675366,641095,650274,643396,588998,658133,628914,612240,627548,633917,636762,653380,641941,603142,641130,656993,656776,645121,638925,648920,612343,669609,626499,627173,587693,682307,641670,609423,634290,693511,637777,636812
664917,692796,716553,676559,659329,656561,745081,634371,646872,644941,673641,687105,664222,692592,695247,681888,701642,655717,658732,628614,722664,631292,652349,689291,688708,695975,686496,696765,651365,718766,678894,674598,733107,672290,663890,683480,682841,682985,670746,752486,652435,679584,733065,622096,746947,687972,724275,675889,653843,690933,641664,701049,628441,693478,696070,663953,703384,663520,673698,711878,633645,684319,685492,710743,674974,730255,673186,691957,678144,671785,673297,610575,706687,692372,635060,691372,654042,713582,669026,695090,721920,655795,684022,641052,717634,738355,687838,700802,678445,704939,663818,659974,664727,684442,726490,691476,614242,683188,672105,662957,655802,700088,641103,703470,743745,720572,671810,688365,666072,683521,689174,654096,715182,692632,700306,678144,693878,651677,736875,639652,706528,662924,669342,668507,674512,664382,674724,763559,720678,657548,633396,676052,731470,663472,658875,695005,671065,648697,699324,761936,656075,706389,704876,702841,636002,724922,662106,681117,722770,663510,661770,689100,681308,640293,694062,636480,607754,694811,672492,666084,680617,668696,717031,685786,676056,690822,694637,756267,665560,668629,737750,742049,679289,708686,668458,665161,692212,652611,685941,656947,689576,682646,681442,632193,730220,700974,672668,674798,623206,649448,700112,674212,707155,717350,657185,670291,628062,667204,652498,707253,723706,631483,654541,631666,699505,668827,688892,656021,737168,693978,677351,653994,621982,694710,696022,692316,633657,618302,643598,679982,656557,652772,655048,688571,744077,683352,699153,685349,646748,690825,674518,637155,679398,655708,700027,709175,659319,639334,691086,722903,674835,679775,682952,680962,646798,705791,648947,643879,684986,730833,680272,680816,662464,728742,685247,730175
625237,634690,614966,605653,601231,572090,653983,579839,603315,589982,599500,597452,643608,628951,633775,609527,633081,604439,602604,604974,640355,597337,582344,624455,634816,614698,614562,598163,601189,658722,607191,614127,678491,642878,621825,612369,627031,630144,610186,655564,627426,615156,647943,562789,678831,616620,648046,624213,588405,606114,602972,636281,565250,622352,600089,610719,605158,598408,621335,635855,577659,617862,624257,620112,624282,634804,605406,634056,588265,603391,626449,548909,597468,641485,578566,659644,592052,631511,587919,650852,631311,586979,602062,554014,632542,654530,582006,625520,623964,628023,627659,601776,589065,607918,653428,623586,528271,634910,611984,626147,611728,620377,559171,629957,636467,638413,584381,650948,613845,632228,623878,601226,655126,606863,631213,587847,634666,586903,656018,581201,605946,596244,574055,610282,594217,607099,616342,657355,643417,606336,541203,592424,642932,598698,596426,630429,605475,579759,621537,642499,619277,602861,643108,618344,595000,644480,613874,617576,655413,596016,614253,640012,600275,592030,614733,573146,573772,628229,598052,625395,615080,593895,670971,621968,611108,629924,615729,675002,632835,605922,661292,643819,631021,609545,606465,587117,618263,595974,623546,617010,597339,624357,633004,571095,645754,622067,607080,639580,578501,585318,641840,621007,630986,657741,587172,636451,563243,645877,565342,645579,624591,578174,597584,573910,605755,603299,656730,605306,656318,613827,597766,595710,588940,583286,642012,644912,574527,593300,574890,623901,589284,589152,604619,635660,652123,618855,621265,633886,607710,633483,603282,577031,640707,584411,624299,629857,629704,586694,641159,633933,600428,650584,609565,605096,576364,649632,593944,585297,587285,650254,605486,617139,589045,656976,611489,631001
628287,639335,670210,624939,631856,623227,681780,610935,615007,630709,640851,642422,644526,664375,652577,631497,642961,594756,622960,625713,648574,615388,626341,681885,637632,637150,636802,661761,578772,624319,605452,616273,672160,624104,645805,625801,645893,657104,639737,694932,599883,663692,658408,622505,669855,646355,639193,638211,632239,632688,613583,669050,589652,640550,641965,619712,660596,644382,601862,666378,584502,628300,644494,649467,610341,710872,604125,657173,635871,612924,645920,592900,658829,663031,612362,673637,614142,668506,605343,649301,643136,608821,619258,612978,642370,675727,621287,665683,638984,657191,637383,634576,623961,646766,671072,647613,575714,638894,630586,653000,602658,677173,607133,655829,698451,680302,650345,650524,634118,650068,671483,629399,668025,631323,672130,611252,655145,610988,670636,630854,665769,594096,607195,632644,641500,588926,626036,720056,656997,640729,592257,627970,672339,609010,616739,661322,648830,611786,635085,705170,630299,630334,650577,657422,602879,680962,616700,630506,671343,616163,653374,657951,640614,615309,632843,597917,590371,646558,618088,622398,658108,630579,660735,637971,638053,642961,639041,718335,623515,639974,650343,696172,629239,650160,633354,634817,646149,603932,643251,631633,640227,643413,667925,582092,669538,656023,628161,653898,585341,602965,646424,633038,672566,665869,605752,642905,591785,653439,594217,652902,641731,613866,598837,590258,636058,623369,673212,612663,675524,625219,654075,606455,609408,637064,673116,661437,613156,574400,618067,634165,598315,627948,615374,658726,682551,614675,640879,619880,608174,672053,642462,629691,643437,647934,641692,655079,652718,601050,649936,640196,609474,644727,629910,642985,634741,687585,630605,645574,616289,703027,654262,631576,643830,661223,630050,630971
687597,697583,697928,679161,684207,671370,731093,671717,658761,655328,682497,659844,693643,694156,717042,677856,710785,660242,663350,668323,725447,645489,661578,707871,696612,699594,682918,695063,655653,712932,679381,693653,728373,669761,670240,678990,699341,688324,682736,735122,671554,689056,712944,615029,733878,658172,714663,684360,671162,635425,658725,723290,652587,693827,689022,664287,690253,685742,671099,705349,616033,677267,674490,696239,671890,717813,670020,729497,671772,671869,694445,615762,692282,707873,650869,716768,670997,716018,679872,730856,718252,668570,692476,650737,724464,720772,680455,700390,711769,720715,702457,682685,674547,688066,712458,701373,601573,712660,669228,689670,648779,715356,640607,716322,760805,731504,689137,691902,693267,685004,701582,656718,725765,696313,712008,664736,723151,669590,727052,666244,702195,661357,657284,656657,672739,671181,682855,774102,718854,693671,658775,672323,703739,668456,676342,698926,695300,647557,684118,742771,694273,697747,715731,712416,642915,732672,671666,700395,708978,651967,675347,710815,699386,667550,685483,651319,620742,695628,666297,685986,666399,660312,699899,694220,685235,695330,685263,731194,669647,675940,712443,693035,691579,695733,655473,673179,690888,657837,702135,683213,683579,692845,702498,623379,741109,706584,677390,718650,626912,651294,699882,686107,706333,723387,658979,686418,632190,715189,652779,696695,702740,670842,664534,639856,705260,692064,731383,674463,721625,700695,678875,685607,656378,676506,715198,701125,660666,660169,669046,697018,671633,674226,683605,700800,736353,698335,698568,702332,660476,734327,688728,684624,703271,667578,708886,717886,684298,627526,727566,696018,679198,681592,690212,700852,673544,716489,672427,669174,638684,739643,708702,662710,705232,748538,684403,734107
588583,590321,613876,617027,567620,612542,621623,581556,594881,579074,565829,560783,626162,611067,608772,574397,589564,554394,589297,547047,633623,580674,553611,590282,587499,610300,562445,586884,562387,592802,570481,552698,611791,592945,605478,634566,591628,594670,567209,667675,578055,601163,628855,518264,626352,596347,614133,595496,579675,583581,551251,610535,544673,588456,593515,543730,596653,583275,582159,621493,533862,602434,601918,636537,541007,625216,582507,625744,581116,581065,570673,552294,607959,605443,567515,598764,584368,638518,562783,633255,616133,572946,581908,562433,628585,604533,562511,603002,581748,614986,593038,576193,562708,612330,635449,638101,544099,599922,584620,560483,562575,624520,544317,608930,653672,636564,605485,607112,601041,601989,587719,570687,624159,558903,614716,590413,603456,598877,652237,559965,622991,594564,576238,584034,588728,581638,569497,648340,618134,601367,529872,579198,599205,581188,589195,593540,610504,561621,600143,638073,604267,595289,606793,608098,573589,654984,581142,592914,645202,583818,599438,590129,595097,566066,569050,551568,528603,610544,588693,605149,589444,591999,628016,605745,605143,607425,610570,628032,579988,589688,620269,628722,598863,587774,569248,585104,578562,547575,594646,570295,562307,602850,603092,552659,620817,619658,593213,589475,559373,575484,588231,579086,596938,634774,570030,602612,547332,609513,558515,597070,612418,576350,574090,560248,581169,589983,622985,559692,617982,589794,569837,609314,553146,594695,596616,611999,546173,537997,560537,597483,537290,567750,578618,624309,636903,609118,594462,593849,551966,658150,617305,555503,598720,593562,604380,614401,582430,553477,616658,605620,573407,609349,593194,577060,548758,619065,572184,572668,560276,626548,594974,563770,608453,629276,585391,580527
634370,634130,660324,617701,609311,631974,682477,635746,622828,640560,631231,628650,645161,647713,670087,633954,661041,636943,634170,624959,671706,594219,651970,661576,624415,648459,606043,635225,616407,671862,627876,616105,689868,655288,656762,656423,667944,634422,645528,701693,601799,634030,655435,590155,657937,634514,679447,669067,616027,617534,608290,694975,633588,638694,625800,604975,637426,646540,610704,678431,569245,619192,643917,646399,600705,676863,622048,698086,629342,602208,651848,600949,642573,676624,611944,651682,621697,647312,628295,654020,669077,603728,634098,602528,692793,671192,616383,662276,657884,669847,639094,643164,630027,650444,675297,642612,576038,660447,637637,649976,624644,640328,610694,658876,689955,653631,652123,661413,635516,634812,644440,606560,664816,640742,651983,622494,671245,610305,701877,588023,656811,650362,623819,641225,622202,649125,637931,707771,676531,635119,603397,610046,643568,638419,603996,658981,664543,608789,673402,688845,615127,638067,666766,648110,603742,675403,627537,658404,671608,630190,640612,641652,630042,657060,657789,622492,617892,647304,623296,639225,649487,621123,686492,631005,651664,673947,659040,698946,656449,629881,688027,679686,664381,662134,635711,630916,632783,616178,620192,641201,634893,625973,636611,609478,669161,656174,635534,658710,563969,602258,659341,650623,679671,659798,616933,662657,606211,651457,608382,631005,669760,609106,624645,595268,626633,633550,670652,623600,696260,657715,650735,622502,602589,632727,664704,666033,595374,606148,627315,626812,595584,625451,632203,652239,673787,673925,638219,632765,610681,669975,652800,625414,645919,634123,638937,643925,653220,612149,666399,654061,626669,669261,634733,648651,607584,687075,613407,601737,601366,693662,619854,623728,641548,667804,626541,640540
631775,624255,668492,626680,600260,598318,700913,612703,612487,593659,612176,620032,634783,683411,644979,622445,639504,623112,598698,607568,661741,589047,646084,642741,629843,635450,599736,609936,602503,641840,615646,590512,663092,635067,631751,642969,641540,628776,635047,692647,630513,630939,665518,572753,672961,619071,653655,631538,616704,607785,573450,655213,605253,626290,632795,611606,600213,627304,602793,629314,559884,640312,632706,662662,601952,679053,618663,675648,604559,605325,628229,587761,623496,653124,590806,652698,585137,640384,643293,638426,642793,587076,618069,604830,649455,657770,602677,641119,640164,618977,633963,645043,639737,628588,660256,625716,579488,626127,629912,632844,593707,627917,591910,634846,692556,664820,666061,636352,633135,626901,651574,600852,657978,637203,635632,602682,634654,589559,678002,599467,655869,636760,599636,624153,625011,625803,622059,680468,656655,651877,587603,599792,653074,627333,625100,620607,634578,598765,645806,670021,644610,616317,639355,639443,598841,651802,613682,630205,677662,598578,633311,643794,616539,586777,648403,591284,566440,640397,595519,670699,637214,619165,682699,612961,630128,654824,632589,661632,649703,628182,679367,661032,651048,633114,595192,605202,635847,599151,621194,643392,632057,635822,640549,586727,647200,628105,636450,645731,569389,607271,665375,637670,651726,656792,586245,646240,638349,638295,608283,609888,650702,585653,582057,592123,618464,628852,646785,608102,644736,653715,623064,612269,596474,633410,653729,664723,575651,594877,617910,650561,604137,613728,632976,648659,671113,658350,619100,629298,600202,664117,614712,592774,605109,600268,632630,615860,631329,576615,633538,644796,618750,642546,642017,632466,615203,675513,614898,610919,597882,674835,638615,627423,602526,677924,646235,645406
628646,628548,675496,644263,618372,618447,650696,606722,620584,605221,640917,601221,633710,643779,636099,610590,631952,617497,638359,616241,641913,596896,619063,649740,622969,625605,597409,616585,608957,656096,622615,632310,677165,634118,660701,654165,650045,635745,601808,704292,628443,611154,647761,560235,658119,639149,646603,618908,616737,633254,601437,669006,599987,640108,612486,596447,612405,635065,631644,640068,554447,629108,622866,659002,607767,686282,639960,672390,643966,618032,636222,577919,635909,677566,612382,642200,575910,645242,609455,656525,674524,611256,622036,588430,658868,668394,611290,643225,636656,667376,614682,613900,616199,639660,682813,641007,582468,627613,637944,621333,594937,639878,592094,631773,693857,666860,626062,672644,619294,641858,640638,601262,672999,600400,655156,602027,624370,626470,636122,601584,655628,607190,630090,637967,631759,629204,610328,676644,668237,645805,592093,603381,658159,628967,635355,646072,629379,586371,641176,676894,638356,637463,620462,646350,614309,673488,603713,630635,643613,620103,633634,643268,622777,593333,624713,594838,590508,627406,617756,638834,622082,615127,672260,641491,643869,682181,617441,690000,641465,639239,654433,660804,642879,627888,623891,616262,623770,605974,632884,626553,624385,637122,655259,595106,653634,665488,621584,639049,592584,615057,632082,633230,668655,666193,595609,641675,593626,660941,595992,615724,645909,607751,600890,612607,656825,646710,663678,611142,666929,627649,627731,626936,582211,624213,656344,673320,606741,598201,607959,629155,612009,601837,624506,660589,653510,640744,619132,608437,606134,674841,600413,592818,617384,604064,631272,650812,625302,578649,649548,640085,641201,618226,647986,649755,611906,648057,619122,609344,592677,648039,639308,621236,617770,678300,651256,660937
608889,620819,638689,594684,598459,610404,633471,593705,609652,583013,611556,587204,595359,611431,597862,602691,629628,583717,618357,583757,643924,574579,599834,643542,586887,636004,585392,600847,585348,605608,593807,602872,668351,601943,602346,605550,624861,617283,603781,694707,604705,609114,620426,552478,648356,606357,631739,615821,612337,628037,592483,642469,587870,614120,595768,586212,634255,619793,603898,625365,541570,629990,596143,630779,576388,682276,571354,684993,582438,584151,601231,580819,619420,618529,572547,609153,590697,629552,590697,633804,635846,567108,612952,586746,629645,630709,620163,609390,610149,622841,613178,608073,591499,622973,649028,596102,549035,595650,592955,607944,573486,623637,574092,641646,665619,623948,609871,636131,577688,611967,602256,603481,648727,579458,618707,589338,640062,609836,629886,595337,632679,590991,587585,597190,601059,592118,610702,668237,625578,620774,570791,581251,643785,599365,582399,634632,638207,593892,630646,655524,623837,606777,615318,631471,594172,662597,577420,611587,640603,591451,599273,633685,630911,585059,629798,568354,553947,609202,599953,599397,629395,587328,662447,609845,607836,630057,609936,669906,607909,639072,625784,626374,596542,617266,580293,597343,614093,624180,614040,607817,620736,619157,625740,593617,622336,630023,597194,639864,555362,551911,627529,629307,623194,621352,572590,610541,587862,623052,570653,599691,635907,594090,575322,581047,605364,601847,638520,586608,661364,597857,606772,584341,558157,609588,638021,618317,616636,581858,596823,603303,583240,592446,617583,630330,661503,608545,621528,607135,592612,654625,608568,599475,611415,615785,607782,630553,610905,570658,623146,634900,642669,601578,604987,615952,608345,647715,584320,573488,579418,657575,605061,585003,601828,638148,610148,631614
633787,656874,691301,652578,659559,627690,725044,622758,632738,640416,644920,640934,663694,699651,659625,641828,664660,654966,650778,643933,701003,637398,631105,653145,648175,662058,634229,629451,639800,676772,676073,640310,704946,654400,651572,667315,683410,654494,638862,686177,637321,648609,706361,598499,696890,637653,679960,659426,630790,646176,646574,682203,628552,672800,672877,630883,681821,682999,646898,667444,579088,649585,648455,686705,612369,721206,653115,707101,639501,631541,656398,603651,670254,701410,605501,686507,622480,681518,640298,705715,679072,633537,654556,606388,685201,694449,668007,691102,676895,653458,661299,664546,653530,662629,697451,664991,582532,661380,636307,663566,623933,670521,621595,675864,719283,696553,651326,686530,661514,649933,680954,630204,700890,636378,692477,633818,697979,624185,712553,652905,687369,653664,654428,648532,644668,653299,674405,709509,683134,657876,618161,626624,674657,657973,664890,651095,670004,629595,669970,696403,636824,643388,663416,702325,621239,708387,612654,655869,689577,619141,677839,684784,667534,664179,702629,635564,621339,682853,648891,683651,667284,670337,710406,620160,659541,670931,672423,705711,658983,666912,696804,696279,657719,665899,627788,662206,651755,645702,673913,644307,657052,673463,666986,630625,696099,691270,659318,677025,608944,627116,655831,679870,690259,704633,627866,670102,637062,681033,641358,656313,688557,624728,622654,614262,644921,668296,681944,655932,709560,649102,673984,643144,628526,670345,710791,674269,626582,632367,645626,634789,655482,631142,618214,688472,691898,668105,682516,672778,638524,697307,656973,625248,666694,638501,686713,676453,674847,621052,697332,695770,657827,688794,655369,639651,657665,695021,620945,634400,631466,686198,655353,636588,678782,703160,660647,669569
637183,646247,645474,664443,626626,613466,701940,621347,634863,639741,639470,641849,657645,690172,702369,649421,672206,638575,636455,607232,687400,612094,647637,671072,678419,670016,616605,653236,661025,709805,646826,640141,721189,667767,658083,644641,679387,678551,651025,722052,618024,655238,695096,591765,687450,645638,683774,649518,625085,628578,613557,683828,628768,657978,676660,631345,648944,649242,629474,661911,587701,665300,658344,670517,634523,718798,639518,685839,645286,652344,650555,611719,645515,670097,627890,678578,623156,676210,652866,674367,684959,640005,634314,617265,680773,676390,635679,680104,661467,668402,645999,643174,661536,637140,663465,657871,601632,651126,672008,648209,623769,688098,627319,665630,712164,675957,642867,694088,644953,650485,670270,607138,693367,656694,680818,619567,660628,655153,697664,631259,680727,623873,651816,648608,639512,649311,658593,694879,697186,667040,607465,628417,676903,651608,652846,656837,656838,610494,671463,703856,641617,653862,658559,679964,650262,686709,624568,661271,694261,626964,668697,666392,654080,621910,665912,604809,604565,646434,629334,682458,644653,621785,707545,653479,674351,655502,640083,719558,657816,658244,704396,684270,669976,654210,620065,617728,648380,630029,644238,651274,666615,669173,669449,616708,678168,717882,652683,647034,622470,650069,654993,676789,679672,704841,588082,675878,635242,678433,621273,644848,683533,611418,635320,628886,671773,642237,712200,623558,699073,639615,633672,632898,609713,654144,675240,685513,593207,623366,643639,648518,653959,641824,623765,688252,699299,658440,639715,647900,624749,696679,642343,610321,665369,646821,653356,663210,648554,619578,684969,670332,639387,650627,658296,644163,622225,673764,638730,648998,635924,678766,684308,635003,661417,695502,660891,657324
605931,638101,651610,615513,607522,620478,703204,625322,626993,580570,610564,635551,649325,650261,659018,628692,617379,629211,619412,603637,649981,610963,635246,651497,623251,642212,623986,627924,613351,664765,614179,597358,657277,627317,646871,641181,655515,644237,641250,690857,642464,647758,660340,569231,679365,645625,652399,659721,619508,595375,603388,642730,607694,629600,615960,610441,628475,637794,599279,630882,577939,651126,626875,635979,635790,678829,626449,670038,622662,610443,627586,581374,654701,650395,597251,671836,606871,652204,625646,665070,676070,580066,607024,620336,669126,670680,605700,638290,624195,653774,638217,620999,599651,650878,665085,638392,577049,634498,633420,655117,594275,639664,593353,644225,675304,681533,629208,660790,625077,641502,660700,631782,666975,643614,670500,613862,677575,612984,689765,585577,652764,626478,636909,631973,626887,642556,617068,707636,670513,632042,594902,632007,665011,639168,636950,653172,644539,588224,639803,679864,646970,628819,656723,631136,624935,658535,617251,636845,667420,617127,640140,653974,641729,608109,642697,623980,612503,646570,620463,624211,661900,630113,656316,637869,632886,638113,646563,681801,625981,640218,688488,666205,637552,652546,618413,608723,618489,625220,636697,612039,624496,651720,646943,602792,647012,653946,611461,630222,596656,615906,657870,661497,658660,669232,576005,663000,612062,648593,609051,656595,651463,593221,592939,609259,645473,623473,667651,612465,680531,647597,639746,617515,620793,636798,651515,650655,615359,580633,613212,635928,597098,626816,596761,642557,684042,645781,668224,646592,617488,649793,648975,609387,614733,611044,632696,641876,623903,594860,659957,650318,633324,662806,630997,647706,598776,691532,610650,614228,599795,665255,636875,605298,634269,660511,644550,636784
622732,618295,640765,626887,614051,604179,663698,606907,595207,590867,606837,591062,621012,617759,630102,608035,613684,598339,619555,587498,650358,608232,589431,620557,605069,622740,604563,613411,573936,660472,605780,603552,654892,606881,595127,619607,626478,627265,598208,667780,631027,630553,650690,545441,667614,631452,641171,630116,607148,597561,599726,641745,572459,608790,635660,575193,623570,603595,621122,655013,570827,618440,618352,678587,602371,663800,577234,636483,589406,635877,609746,585914,628798,613488,606837,635408,594888,655387,627905,643727,639567,598178,613044,587795,659929,670835,629793,654250,624168,636501,599420,601932,607938,623920,643980,646343,546856,626109,621321,626975,588705,649847,594188,650185,678356,663436,617582,659421,628836,639085,597040,588862,649504,625168,645479,604312,640168,609462,656424,623856,632240,626415,627810,594103,610738,599023,608095,666680,652405,592920,591866,611700,615961,616637,615906,651228,613317,552075,620835,676142,626721,631311,645340,625363,594433,655486,598971,625740,677454,602832,632933,658921,622517,608045,598141,584895,566748,628405,603558,613619,615195,611664,642871,639332,595054,636482,638510,673423,634753,642528,690054,658958,645443,608441,595364,606455,625038,606639,632673,620748,603591,589232,638524,584681,661671,641978,615305,639096,579007,602270,625856,647999,633918,655055,571599,637632,603844,655376,557946,628831,655859,592768,587734,588079,610609,636656,661032,606792,671657,624208,610307,632333,554418,618864,633740,653301,600310,592160,593744,622853,569905,613012,615954,640814,667239,620657,640239,655020,614242,631277,643509,608718,620872,598549,639255,651385,603713,569416,635650,659574,606099,636921,619841,625540,606335,660466,613760,621219,594792,651321,632629,596918,631426,676260,619744,638412
612253,623782,635644,657724,615131,608657,677078,585036,623925,594800,640036,634268,600231,631412,627359,616410,631939,632454,611775,638551,657856,605501,613715,644917,639832,633476,609670,617900,595853,657489,632787,652293,663919,617167,631899,620465,661098,641567,630948,683556,605914,636647,672482,580189,655680,621519,659159,636641,627206,618794,616466,624581,606177,630233,599898,613693,631805,623783,627344,679101,570992,639827,655109,648006,607664,665234,624034,641560,634215,621241,637297,584874,669561,682288,612268,637825,606752,656155,621058,643249,677766,608893,607681,610575,681179,679911,627686,641062,608222,639336,650757,639331,650733,645516,670954,613984,578435,645197,636491,608161,588671,661461,578589,683407,675060,651354,647942,657420,610228,660094,637764,589823,666799,612437,673310,608988,638349,587368,660521,606858,671706,627582,635838,617738,644118,604131,641022,675943,660423,623815,603107,592702,651115,615610,593619,653225,656066,598553,639096,676851,602366,619852,635557,638679,593480,671630,611748,640444,676444,599497,611405,658902,633143,621671,612331,590095,607155,619923,607288,606293,638882,610232,673355,637668,632925,648475,625505,692265,619758,645327,679010,682193,648478,663836,589100,608857,631753,631420,635673,618451,613848,629438,640819,606766,656917,656319,617032,655836,581724,603795,631376,638580,643504,648195,556178,637538,589847,636254,579171,649020,626581,636387,594983,603043,635279,639374,654864,614039,670418,635902,650965,608808,596067,639306,649347,679221,614582,585263,597012,642655,629129,600436,602548,643720,670968,641428,663666,619757,631442,650597,632623,600916,646419,631916,638683,617478,625861,579893,649838,672903,636217,627109,632237,635492,607269,659235,629467,618241,588589,667228,641009,631317,642434,689058,639225,643309
627799,607180,651528,618859,605194,617381,660477,583963,568996,612121,632282,622460,613059,642026,621044,598040,648372,593244,615152,610775,656298,615286,584832,627688,606883,602110,597146,615245,587945,650825,615082,632899,648054,644325,615536,610617,623829,604892,622499,668802,585528,635825,628536,579420,659752,616251,642382,610433,611859,603434,597678,641831,596741,626343,623148,596917,620171,598117,615231,646466,564840,603866,599066,632285,603414,672360,582592,661540,612997,628388,604235,566592,651229,647807,584531,656661,604331,659421,606093,636289,662094,602761,619681,593521,652317,672515,597467,622205,624138,652393,621802,629301,626307,611631,649092,620637,558904,641206,638841,628745,581094,650712,596190,629150,671000,662600,618612,635223,595277,638473,653518,607404,662805,611986,664843,583812,632595,595611,648578,598716,665080,592697,607992,613706,618028,601959,612764,693760,653749,628846,598366,615848,643054,606272,618954,605689,634708,580018,591233,665194,608489,603948,580721,651463,596828,643496,632442,629669,635818,608045,625550,643390,611598,595594,599072,554934,587609,631952,609103,641910,609408,608429,640295,614462,631449,634210,643688,698488,632716,611389,650495,655013,597983,619719,584933,593548,629805,614875,641546,592703,610216,626461,646186,549591,625655,648316,625100,660279,566054,594197,638909,618507,662874,638570,607982,624687,607822,650439,594295,638938,632405,595648,604447,630307,615976,639865,645866,579123,679817,629167,629276,606366,587658,630664,630108,632716,588144,576796,586042,611377,606447,601454,628957,644311,659832,631566,625676,654296,613746,666368,628467,593083,634814,597149,638799,637251,620297,578963,644108,664781,646430,634637,622221,614902,622281,662230,602022,595642,570240,645137,633609,613993,632969,665866,619605,634985
658901,660679,719979,664901,630421,642225,734820,601030,637954,617814,655101,647193,674273,692787,682152,657599,694651,660763,676468,630969,717229,662365,629701,676961,650635,660592,666316,663684,643293,696335,663174,659415,717401,660863,667526,664171,659773,675233,651313,726244,654526,672897,702012,625890,712535,664741,712753,661084,638516,636935,641108,676203,640866,673297,654063,646078,681574,667467,657487,690781,610528,663871,655588,680747,665407,719547,655797,688355,652427,649613,695367,591787,682748,693155,624542,693603,635440,698354,631727,717743,700434,645375,688248,631779,697631,716485,681913,716587,696561,677524,684453,650020,648758,686034,703153,655177,589638,670392,638464,669329,652912,693098,621850,680069,715367,698560,665356,682548,652447,680893,675592,646751,699512,651690,723520,642280,695455,640927,714347,667199,658418,646038,674272,665118,650312,670145,660003,750330,691117,677485,618962,640998,698728,661337,647333,669443,663139,658582,684240,705112,629221,638760,669061,680548,643133,702896,659080,667180,692473,619545,656757,706083,656428,637105,663281,623189,631342,662374,677137,673710,664930,654392,697595,667843,676687,686702,687063,727869,654988,643696,715992,670454,655432,675474,638349,618729,681784,646321,664209,648740,673384,675958,660378,605609,682004,679501,659578,656704,620987,622652,685661,668903,689929,740927,633053,669062,634121,691262,632456,692773,685995,622370,640179,599311,666866,653644,680236,640976,723945,652858,659312,640506,634535,654780,678982,672633,665301,613111,663206,677784,645099,663505,659710,689506,732316,670135,656427,688871,653777,708024,665113,621749,691808,633466,686601,670699,645115,639574,700736,687638,637491,691723,677269,680491,634337,704251,665891,653593,650928,669468,684396,653617,646112,717171,668009,706907
654263,644037,678468,680834,650425,616530,718826,638487,653097,634571,627670,632211,666340,685529,641997,645778,661950,648790,639455,653781,696860,620694,643882,671419,640104,683563,658831,637451,609622,676664,656351,648674,700070,668732,625864,666065,661299,689153,653248,712449,655029,667708,679977,600261,719274,673770,688298,655208,645290,625277,625776,700182,627620,665670,625476,626707,678186,657022,636177,691738,619909,666672,681960,675576,657537,689872,623897,701908,652268,662536,664086,613916,690277,681672,610844,680829,626981,692527,636009,701504,668376,658824,637802,646999,714278,683944,644694,660793,660120,700962,651526,662489,654304,673147,663318,660089,566779,667447,635045,655873,650955,662406,615574,671120,711125,709922,654195,652899,658796,687169,679992,631835,682176,658141,676016,639350,665341,647501,717196,631131,678611,670263,638034,632583,667961,640867,657154,713453,678878,667031,612186,621218,681036,661369,624900,678970,678477,609758,665748,701505,665316,630948,672712,648597,637959,701475,658440,685961,690140,623629,655809,712024,647750,636531,634756,613269,611329,660436,654070,685235,669422,640953,707600,668059,655957,661252,665795,713914,644230,658366,706606,658875,671819,664942,658949,628019,662735,652307,672481,625555,671937,656835,661734,594557,676158,687428,653889,671971,601516,643404,663813,656103,695467,683804,599765,656195,642436,653735,594664,677388,654857,644985,659689,628832,667284,665362,662496,634439,709912,674084,671357,643591,623233,636288,700690,695690,619611,621853,630488,662825,633037,636094,656715,681386,697767,682519,654984,671433,620064,694584,661172,628957,670133,670967,649275,660044,665968,623027,693290,696924,630858,668670,679027,673461,595084,698598,672197,636883,626161,686869,659133,657229,647643,707836,653446,643955
614287,634650,655429,608582,591306,599540,662786,591912,611030,607098,591213,590932,636196,661298,631794,603108,610619,604375,598581,573527,637920,593625,601832,649706,616597,613594,624797,610839,566333,662676,619092,604462,674326,633917,621404,639785,648114,625211,615873,675359,610981,612629,639254,556722,654916,629173,630890,622326,600145,597749,586611,647337,597241,616214,626101,613135,620057,612553,599767,620108,575048,619582,603082,625260,587818,673891,607716,669396,591788,611338,637372,594855,629509,642890,583246,665063,597196,651167,610303,644002,667692,613833,617769,594960,652654,674049,592984,643175,638348,621345,611026,599781,627247,630396,628844,645749,569739,626093,617924,624797,575363,622471,606626,623676,653904,641211,630281,652640,612583,620361,627728,593909,669215,631016,646269,608516,650050,614131,665168,580513,608853,621512,622999,625453,578906,638646,597713,703574,654517,645069,579717,584286,645044,604755,615034,641523,656575,595159,636051,640624,602721,606353,643295,653196,577202,655845,601908,639634,653167,619674,623557,626977,617495,591410,631323,570301,596032,636923,606762,652520,617579,594145,679377,599568,609256,637302,623906,670598,618083,642527,660192,625989,628456,627511,585233,599525,631703,602752,648935,607547,592422,634091,625029,567243,626451,651205,608812,625577,567518,599524,623740,611596,667888,674600,578093,637514,595116,624546,586732,646801,651668,588028,604252,607282,635646,610074,637723,597390,678124,647447,618481,604068,593486,637178,659224,635219,569994,588824,596137,581706,587778,613281,604466,651952,668058,629117,632117,636724,627477,667273,626858,588926,622866,622353,614126,632505,621049,568929,640956,634078,619229,626313,641832,626384,625904,658561,614977,586120,586486,659724,627883,620711,626423,663998,607268,614975
633957,641044,664563,623536,632728,622985,689062,602964,611845,607982,606627,639944,628697,639952,657031,624277,632301,618623,624665,637201,670482,627012,611808,654093,628012,619662,648598,645868,622670,666858,624480,630586,679599,609618,618575,641051,630614,646647,643441,686619,617055,626841,657052,586710,652955,625005,639490,612103,616124,630846,591146,639700,619970,625216,642569,597312,651322,644966,618720,648348,572706,626351,643459,642217,616377,692303,627959,662618,622543,621722,629364,570030,663352,657180,592287,651463,610738,683223,607703,655069,676430,610152,637063,627509,673135,676193,595841,650402,638384,648506,628301,631548,634326,665186,652873,641773,557328,641674,618659,639414,608366,658209,597910,664242,685657,649007,650419,674447,634064,629845,632898,595359,666622,606970,668248,601233,633888,617227,677754,597110,629176,606120,660644,616325,638243,625192,621616,712824,680094,657905,609207,610579,659974,619127,607698,655574,672142,611191,644423,651630,641212,622481,620571,656369,584787,640664,632031,646897,676880,617410,642611,647201,628465,597681,612705,566053,583260,640495,593517,630513,646478,634532,657239,627032,641114,632278,638812,689236,621514,607630,687921,622260,651609,653880,607558,620589,631691,604037,670121,635990,606982,643893,657329,570370,665679,669882,621078,635041,589751,607200,639136,634648,643556,662639,597633,638218,594099,636277,610381,652529,643487,602681,600654,595369,634301,621713,661798,610026,691219,619823,655391,606824,623760,626430,656735,652357,592510,584041,614813,640612,614002,610443,635179,673832,678993,632148,629334,635148,625154,674945,626417,577784,660328,639102,629559,657491,649158,583598,639904,641756,655006,642635,645317,640878,610811,673937,616439,615081,616309,669380,684360,630607,651509,668327,626124,656962
619019,597043,638272,618759,597733,588235,639485,558224,584481,573664,596711,590074,623965,640616,616942,596593,624646,608829,608029,575549,654490,563700,568123,652114,584015,614275,598704,587121,586903,616546,625229,615977,648070,639575,592783,608326,593750,622355,607409,639208,603447,616817,661392,559917,623067,611101,630988,607275,597192,561826,591510,639046,550597,604029,588059,610771,620439,584895,604568,649010,563225,598742,600779,617884,602583,642487,616283,629822,613416,591692,617289,564770,618487,632051,570484,627579,586167,624553,581315,625123,632632,593963,601652,571158,644572,643078,601630,630019,630232,630780,636862,614762,602217,614037,623780,619501,550413,620151,593778,629959,579936,595296,573727,617565,656489,642176,601965,592796,590626,641479,622028,592794,630673,610818,620408,609696,619303,596024,639556,609252,647036,600755,603388,617330,590699,607215,603184,657572,650077,604049,566120,599239,622360,596680,606332,625828,610243,577636,617190,658628,611737,599101,619285,618527,575749,646087,598284,631014,651952,587631,609344,635260,608720,586680,599468,568153,574255,628748,598857,599235,619800,584090,630981,599825,611277,594634,617904,651791,604222,583924,649950,635709,596235,635738,566736,586097,591882,586960,623325,579228,598557,608040,623705,567464,638763,617208,599409,633385,535768,597182,607573,613483,655174,657492,585825,590786,576080,646541,580225,606816,615696,598420,596778,600298,604942,609994,604812,587561,664338,637047,598098,574311,551112,578679,618585,604344,581798,565935,594182,612833,613757,595632,614107,620315,632614,617375,606294,641289,567069,621615,605555,597967,594258,589109,630373,629973,629222,591766,640794,627932,586296,626597,610936,619331,590971,642239,585325,603559,568914,635124,622504,590828,610605,635978,603599,640466
694285,701212,729118,701738,684101,671472,733864,676006,685542,645269,687749,687848,691524,717610,700397,666584,681965,666230,669422,682250,722961,663046,668159,692568,693554,667955,673160,692459,661258,689804,673047,678523,751722,699772,677364,700125,700518,728194,699527,756477,669662,704518,705627,640246,729997,689495,695642,689541,680101,667925,671353,739104,649317,685031,676262,657047,707139,693348,687597,707179,615858,680776,687181,683266,665860,733180,688162,735749,654344,662155,694261,612231,704213,733060,663658,717234,642895,707503,681180,722640,736349,656550,664045,655491,736457,740912,687253,715439,687500,714091,689950,686991,674393,711046,737689,705818,622290,698119,671451,671266,658234,705396,639575,729549,735040,736006,678447,723382,698961,674884,696502,664862,715642,685188,726321,665715,704989,662625,710149,687730,719478,678266,684654,668038,653634,678515,657526,770728,735294,685832,646270,668870,705293,685987,668542,698940,696307,656061,686503,757176,694375,683251,724924,707765,656007,735169,666510,696101,727432,685557,662582,710538,667702,657115,683811,649007,642609,689059,650324,689316,691293,662016,727044,683773,697005,701401,703942,756310,663610,696657,738192,709155,686904,712871,671708,657124,699803,667452,690735,687773,659173,712936,698789,649071,722647,706680,675598,686626,612834,673691,705383,696512,746086,726879,651647,690825,667164,688251,630996,674994,730299,662626,657873,666887,689900,691794,706039,651318,721641,684588,695872,665500,629867,647187,714439,708391,650690,636194,653697,706119,647235,668493,684485,722721,739401,686781,704369,681615,660862,713945,686686,677628,681826,662229,686596,684684,688477,637410,710637,730151,695732,683538,691318,707431,676551,708007,684125,671183,646194,726621,686654,660767,672447,735683,691332,713688
630692,631048,677100,642542,626442,614058,692802,634127,625716,639964,643810,620532,620388,654366,640616,637264,633958,623438,639772,616970,655573,599978,652914,670517,645037,631337,620762,612671,594581,653797,642424,633588,686017,636984,643276,653475,679832,640778,621794,676392,626146,630837,660870,576460,698808,642714,656491,650017,633282,640679,612828,659480,617937,638257,641140,609240,662119,639093,626028,657424,599364,651252,654346,658003,615050,686709,619999,662690,625304,622671,652124,607228,666242,667382,576033,650778,602394,664044,643388,678820,671215,608923,628994,620892,679598,671707,649407,641740,641262,627681,659973,622586,658162,674695,662226,646130,561111,650304,638620,631733,620941,628717,616590,642287,694062,644430,654489,662344,619434,613708,652655,606504,672890,624898,664775,617132,673544,623654,684869,623998,660413,647585,646193,617805,648222,633633,638715,689170,683605,638544,609873,608664,669681,643819,637838,632654,650796,592335,664228,684763,632909,633022,671710,656791,606530,646962,640347,659973,678348,623375,634665,683205,643150,639132,641175,597146,599218,660116,619648,655976,647708,616738,678823,613639,666206,661440,663431,668527,655497,647709,690464,695775,637965,657324,630127,628289,651148,629354,656584,648524,627000,655245,649776,606727,682520,635662,648439,640767,575582,592224,640508,634985,691667,674377,599161,660135,622996,659242,597625,648855,653143,616506,613558,607430,614798,628506,648210,616124,688572,648239,630067,618295,602449,643350,685656,658855,616130,608046,634091,638732,620350,612185,628108,649779,689863,655734,672248,678222,626175,648296,671764,610578,674945,616616,629209,622857,644432,610438,663661,652279,626458,654532,644759,640790,630577,679496,625645,612038,601060,663213,645461,615001,664712,672006,647448,703096
641553,645943,657000,645165,657742,644969,694952,625248,623470,628386,634116,627838,659844,648502,670518,632167,646288,628420,638472,630691,676543,636776,639142,671746,637621,641230,652244,647204,615228,666616,636918,627553,687123,645068,636902,661627,676822,659373,631827,694872,655834,645080,701279,598721,710818,649624,686549,638070,626535,603630,599624,671578,599306,649487,640027,621694,642175,660735,626479,653304,609641,651673,655484,679819,640845,703485,664776,699620,642491,627769,665594,566912,682810,679578,625300,654342,613953,681005,635128,666159,680195,614247,634268,603266,693108,682470,648542,673939,646161,692232,644793,665467,635472,666750,705659,653902,618961,673361,627593,659155,610026,637442,606546,684407,718371,695068,630615,680892,621418,664641,664381,625133,683391,669138,697939,616751,681462,623860,699981,617839,661687,645847,651925,645395,644792,623694,660379,696577,700433,638194,610036,648242,664231,639151,622662,652657,642466,591022,665848,714141,656669,647482,689929,660006,624668,675739,650135,668920,713052,634216,649434,684968,638241,621783,640714,628361,625257,664289,657840,658361,637338,643380,700269,653989,657332,664619,666910,703714,643691,642812,704919,691212,639580,659156,655557,663243,640022,626701,667424,624433,638901,656683,651188,594855,691558,666091,644034,660733,566859,626213,648806,638535,698931,684268,609229,655203,607700,657947,596485,671388,668885,620710,628093,612466,649474,636075,648251,601507,700812,635590,640679,648280,618069,666055,667885,663268,623745,612128,614912,673791,621857,629569,651658,711965,692412,647382,656819,664162,636703,692681,654412,645598,631946,603019,634004,653940,665503,606319,659299,651085,660394,677607,655148,673530,602090,690977,618573,642386,628439,689329,653802,644432,622067,680774,668803,682776
599807,626628,637309,611525,622253,592593,662017,572147,609475,584515,576258,599200,631653,632180,618838,599513,593300,598360,601978,601458,627000,578099,586583,630431,621806,609734,615996,603893,572182,609696,616772,586835,633268,614417,616002,617917,641789,607105,625841,677071,595788,602581,622373,569987,654467,606455,636451,616844,594644,609279,567532,610164,567209,630841,595603,571778,596964,613517,586740,618235,561601,627327,622415,616120,588258,657284,593741,634506,614095,582434,585552,536436,631915,663677,569016,619296,589204,636877,587358,644157,650949,613278,606821,613339,636380,647092,587375,631362,612897,650102,614862,608739,614868,628022,634218,608436,560501,613221,614308,615301,586035,623972,564340,618678,673588,652379,620394,663515,612115,606472,621348,571405,655937,629062,637728,586525,631036,570864,630817,601838,632848,596862,603494,582293,615039,573153,598284,660720,644859,625214,561470,611437,632713,607884,614229,615742,635233,594990,610203,652795,622031,578312,614045,624192,589768,648347,601779,605665,649753,610095,610062,644695,622661,574501,605364,545376,551883,595546,613806,651921,612855,618961,637546,609823,598241,607873,608683,654920,579333,608484,650034,636330,613326,627588,570337,594545,636361,602090,618955,603848,576109,627924,622865,567608,659259,631873,609722,627589,548258,578304,623815,597683,642398,644408,576895,607091,601042,624546,553910,607708,631609,590733,559921,589188,600855,622571,650578,559665,650268,612623,604838,582986,573384,600969,626225,640685,590661,581779,595925,621559,561295,598505,624416,641155,658203,616350,630335,633489,590585,647966,589894,594271,621044,605826,620415,609049,614283,554624,637241,625035,618248,583800,615124,605621,574384,656576,615478,609721,592911,641733,627322,596083,613845,650040,623244,611343
634994,636420,658322,625982,628624,617701,681441,582474,628797,589934,619937,604590,647351,668542,681246,632328,627163,620846,590890,631316,684886,611833,633176,643677,616666,624289,624851,630216,623340,645665,625084,617390,675329,622852,656950,644564,658333,654268,621391,700204,619171,622962,644374,574740,658602,638061,678340,648105,637139,615913,628491,665217,599715,637502,621526,621042,641633,632548,614037,671423,588006,637191,603430,650582,602111,681862,654692,686736,615430,608494,646447,604753,639414,669761,589114,663586,612727,640501,623682,662598,672561,610651,626372,612753,659520,683197,621348,646495,654553,664194,647929,629639,640778,629661,659160,609320,587304,639742,617090,644650,600787,633442,592527,675299,673764,678402,646297,658195,620775,639125,650664,618436,646680,641407,690537,630776,650037,619683,650194,612224,636701,613067,599631,638170,623989,596045,659265,688830,687901,624659,599682,618180,644302,627207,610437,619872,639811,598857,662111,702900,602662,628901,654968,639856,606976,652340,622187,636104,672032,633877,620717,632978,626714,605553,635854,582522,597012,650802,644909,626520,637275,602093,660422,618759,641002,629562,647237,690420,636682,634618,670452,653158,632587,642732,617628,597955,650046,619604,648152,615284,601126,651022,645698,592123,672454,643215,627545,646983,573003,613253,633875,644405,654981,682407,610825,620057,609583,656539,602170,645002,630873,603837,635292,587619,632456,625780,665181,582290,684418,644405,655779,613496,593532,618479,658115,672382,608571,599368,614330,609965,625026,623819,634785,659495,686527,660876,639853,636873,611920,653317,616193,598202,645932,630420,660492,635840,648873,591300,681166,659284,643317,634251,654657,649711,623821,655528,623881,614382,603293,663794,623069,631533,609986,685405,635329,670078
619378,608154,643244,619653,613399,597977,651455,601002,577950,607023,599840,593046,619771,651766,635641,618542,634930,602021,595959,567725,637920,597790,577311,624778,623955,595300,618611,598800,585312,647195,618701,577578,657711,595994,603495,602259,651136,598603,605134,664066,593765,627616,642848,563639,663653,621810,606648,609797,601020,588853,593296,634138,603041,618845,624338,572535,609251,616266,616350,630522,570728,620241,624285,623159,586327,652403,585384,650558,617560,602436,614406,575748,616609,643992,571099,618225,589233,638523,585399,625423,648171,575445,610494,587242,638089,676124,635903,645194,610197,608893,632473,574321,604647,639306,650258,627347,564567,623031,615175,599573,590212,638967,599576,625089,661533,630749,617294,633152,627241,610613,655497,613399,638710,606339,659773,576869,640981,596807,647112,599431,621101,612098,615979,605855,615105,616124,601860,644543,666354,628481,576503,582127,660914,601387,602486,642732,633155,593098,603325,652223,618462,611680,629308,647734,591120,658822,609897,622811,664301,609933,612555,637685,619584,603898,620952,592776,576148,615890,597492,614929,616145,604774,655796,596159,638569,621506,616123,682271,621862,621203,638832,646519,608300,620282,611035,596147,629682,595065,632316,620512,624744,623643,635276,581186,625327,630361,624415,639560,553824,609305,610483,606696,663218,663965,575204,639262,596792,656525,571275,622181,644248,561607,575466,583550,640889,634077,662682,587813,644463,627188,595621,609518,572547,598073,646956,632266,591344,580624,588951,601291,595305,591952,610953,654151,639763,629696,631299,653736,612235,633701,638061,585146,644314,589533,605452,635194,631823,548845,619121,634343,619830,631847,606350,645455,614598,615738,610429,597838,572705,637557,624949,575544,633425,675037,627921,609337
648830,620802,680138,667930,651968,633503,690330,626817,620934,614278,638145,627895,650923,649354,666359,618053,649166,629695,632102,613688,665515,634347,614121,673022,638473,642051,618129,629930,602261,652211,634800,664992,696886,635691,638994,660004,648580,646298,600641,684641,629583,635644,678132,578223,684414,638879,674935,664380,608746,637119,598330,689971,588303,655684,660360,624203,649013,645433,653911,652852,574367,641183,644778,647761,611619,683601,666768,673696,631901,639114,641721,599148,639518,653596,576477,647402,598094,663383,639909,645806,664365,604775,630991,594800,674630,671447,622157,654769,688807,651954,669480,618140,635133,628957,675721,660202,565979,647734,656001,618569,615841,647900,609822,634067,694611,697508,657984,655888,652204,632407,661638,597509,666465,621860,652855,639086,653140,606172,695319,615547,687431,642653,649701,629652,624246,626559,629093,726780,654921,656922,612193,611050,678366,618859,629094,650287,665919,596491,649527,697267,647405,620262,669339,642911,624683,681938,610667,643598,665921,630430,620887,660877,643204,615130,649079,599158,594135,659559,584786,651072,661326,645151,701959,638655,661885,671252,654075,697908,641725,654912,692025,664585,624749,632018,619052,622612,643068,614250,649662,650468,646161,659482,659044,604933,702555,626914,656457,646293,592278,621447,661130,643560,680204,689089,629075,643993,628294,645315,606592,644021,666902,605965,623438,604416,620722,641100,690741,631329,681340,658360,643049,633727,596139,666277,675981,665766,604125,614337,626191,646938,625265,614184,666363,663874,670370,684993,654259,664499,594735,681616,618648,617125,631565,644056,626065,665050,653723,609664,648761,683678,649965,671373,650177,637457,626019,688708,622827,617159,590628,668757,615145,641092,639315,681621,649986,669787
599529,588404,623420,623481,602283,586054,661423,592848,592673,592156,588761,615816,670096,627214,643454,608196,625739,616681,601348,573785,624436,590600,587035,610597,622002,626187,585023,602886,597068,621159,613492,599933,655953,611665,597269,604907,612950,605492,625118,661779,607784,608606,644815,557241,657771,607067,623118,597558,598112,598663,561068,633323,555410,630744,598361,559348,625998,600934,623960,629751,556819,610432,597933,616138,598110,674002,603891,644664,622932,626228,613199,561218,595976,649818,590758,626834,588571,666091,577419,629204,640521,584345,605497,594191,622620,648775,614543,595170,593095,623001,625924,623066,588847,634060,650653,614185,561598,613988,619825,588094,588213,643150,573227,629220,683274,652920,591420,637558,598763,605908,624228,569067,639628,610293,641147,581170,616495,582285,629890,584812,616147,611849,612042,612336,612312,606329,610894,641439,647726,593473,570449,602212,657522,620656,601633,594725,615958,570914,615963,663368,610229,634469,636146,618885,601710,648445,601955,643490,628449,591039,631767,654844,618448,569060,610546,570564,572654,612332,570620,590927,585526,575964,639820,645274,622671,620054,632081,653584,602382,600316,642996,655580,611734,612943,606554,590236,618418,595128,606213,594402,600613,604940,619765,534829,658510,652417,630273,615631,563879,584359,641982,613707,630490,632848,581770,626591,572031,633705,553064,637205,629261,572723,593911,565485,610477,578852,618908,588238,655329,618737,603189,575453,582080,608318,617023,616415,620341,559531,594898,587767,569270,592168,618855,613024,651333,614927,618474,611385,584086,651072,623033,585907,630698,615601,625547,618282,619310,569693,616167,620585,595970,601542,629491,605694,584505,640335,588872,603107,583446,661085,619831,599343,619433,645317,609895,634076
660438,661747,695216,666653,648998,641837,738112,662898,663216,647707,666303,658288,663224,702731,678561,652061,670167,661078,661390,667410,696320,652569,658884,721337,661816,679499,635899,666963,638023,664006,660249,665637,732348,676629,680676,684372,688655,676186,680724,711960,664651,672134,695432,612552,713215,677294,700043,667556,638653,651660,627417,682387,640655,664029,659844,666297,670911,648514,652280,684326,609392,660786,677312,712335,657382,717437,646259,698260,669633,647733,669545,614088,674100,707351,641329,706214,627975,697464,658485,701688,688613,643762,657541,630245,708373,716943,659480,698402,679321,683460,669951,652375,661995,683451,691734,654768,627486,684346,680515,663555,598049,689513,625832,699818,720672,702373,683642,706755,664466,655671,703123,645991,717858,655600,678185,651164,699643,640249,710691,658429,688837,648547,681514,671767,675980,656816,655446,717654,715548,670293,603799,644674,703285,674216,653143,665776,692632,629113,687715,721898,666938,674729,700850,701536,635776,700343,653434,676765,701497,656170,667623,693171,657604,651511,666959,631924,626793,681388,653800,671014,649748,681533,737409,651668,672046,690184,665550,708415,682681,685042,717588,711457,665723,691840,665284,657792,667779,660768,669295,678275,675038,707060,678379,615007,710783,682783,648657,683623,593111,633012,687268,686035,711211,710140,625533,680022,641316,670981,631385,681230,685148,650041,637743,632308,662148,667385,717416,621199,716124,643315,650269,681007,624670,663978,703631,701088,652421,631513,639762,685213,649290,642598,666429,689984,698010,672806,673831,675368,669938,696137,680806,649916,684865,659483,649192,679468,670491,610567,691203,702494,650322,680019,665581,676085,644164,720704,662128,657708,657581,712389,684056,688019,666910,689884,678085,700990
614493,655245,659183,645030,605991,587174,673317,589206,612855,590090,630639,608091,644870,664327,646805,608785,630262,609470,621246,638697,647313,608698,627992,671498,609275,636791,625586,615007,587569,668461,635422,610572,678270,653704,641456,640026,654792,649080,650344,683873,629351,631957,666141,566844,672936,602621,634246,644965,597237,613642,585754,694210,602204,639364,621572,618684,623986,622884,614686,639630,560858,627548,637403,651640,601653,700450,617970,691707,618058,614999,628686,572596,629672,666922,598503,666716,577497,669741,612125,677219,670286,618761,579264,602864,646978,681532,652756,658204,642470,647215,620566,610845,636289,636576,669400,610278,566114,631733,601557,635867,601478,651902,598160,627756,684215,678572,613986,673426,633132,615925,650165,616344,667360,669833,648432,573720,669230,608844,659770,643238,629249,634643,614882,636680,616240,625236,633045,697993,661649,646260,583045,606658,645414,641634,598209,637511,638954,583189,646525,673659,630832,618351,626980,644430,619301,665164,605506,617627,677198,615199,645232,642492,620143,638071,640818,595265,585552,644670,613961,642629,666567,627513,677391,634860,623083,651171,619921,703569,638447,648012,689494,666105,634399,671771,597553,608357,636066,629748,636432,618760,633985,632776,649338,571814,662114,641616,622071,646890,556849,620513,624501,608328,676483,653371,613340,640656,609426,661113,611623,657503,666023,605954,584292,608276,612719,650410,636908,606131,703416,619869,638227,600355,595312,619679,665517,664526,630612,586948,595826,617786,598150,627672,645829,655986,679248,631695,636998,643398,611105,658158,616821,620850,634855,611137,634525,680573,633447,594641,643243,663659,638878,652448,625201,646579,619681,679089,660209,618177,596470,679049,633754,606131,644271,664241,647652,674823
600508,579075,644958,609411,571732,599767,647480,590479,607226,578252,557981,591851,608440,614806,623084,594197,629495,596849,571627,581393,616994,578407,593942,607633,602083,590308,599697,578393,581386,613910,570633,588522,633093,601222,596919,610280,612142,595515,572866,658087,558771,595885,593705,561581,626279,600583,618461,633995,576577,608772,552734,619202,559807,605824,600309,561827,585362,589624,554104,608747,543327,590070,575802,622160,598865,651312,559766,622229,586857,612945,605902,544440,584451,607969,552670,606654,571499,615938,575786,601422,603601,567379,620897,566243,626005,614774,587793,587368,609659,609145,581704,577954,583239,606085,610660,607832,543369,613295,595889,608323,558660,602072,575922,599683,658426,605088,622024,636692,573126,598473,617262,581683,633309,601801,637420,552085,598357,593575,637521,582238,603048,588848,571668,582335,586715,576181,576744,647868,632341,611071,526793,593013,612520,593202,588931,617860,610308,562837,595218,628755,601878,589484,606402,621509,566858,601069,596622,623257,617967,573683,637038,619561,569785,556863,606915,530431,566358,617800,567476,633328,615569,572003,640509,597799,602085,600409,611020,659603,612291,600908,626619,615842,595571,606085,590595,575293,603884,578783,605981,589392,594116,618869,607033,526930,651023,618508,613830,599258,551564,575101,617175,588638,607945,613727,541475,621100,600720,606794,559734,609609,597158,551485,553288,558424,572566,577481,624570,565536,643244,594950,598070,594805,586309,606001,615340,608488,569092,543430,604270,602248,591972,583956,589467,611369,610457,591687,585269,604252,593073,633255,587370,580630,613971,595433,587874,620325,592599,559008,615303,609479,572092,594647,597572,608686,576811,644789,588517,571866,564335,620826,641426,570214,600706,651615,577566,623401
596388,583693,617698,595829,580041,583008,651193,575861,592558,586170,570528,587355,596880,617605,615061,584223,603491,597575,593109,574898,627957,573124,570848,591249,586916,608186,578130,577153,555890,613703,595107,553071,662602,617359,591944,594165,617845,608211,572323,643741,609402,575599,626055,546003,631120,602794,636590,592265,596123,571756,558902,612212,557962,612806,607028,558361,570855,616407,606017,609624,556742,608599,594301,618037,580910,660356,592954,623282,565576,588972,568353,565586,610041,644923,567117,628332,537793,628321,572448,634954,640341,560106,602159,577620,627591,640405,585956,621324,622928,609114,596943,579279,589686,599475,632713,588540,576567,589191,576581,609098,577561,612182,562394,610341,655520,640030,615756,640862,581028,623269,620614,586399,645115,592830,633597,567549,614193,588792,616685,586076,621470,588810,576588,598080,590101,574814,607207,630800,628690,601395,556818,569011,613403,585763,602635,599574,615687,552730,615459,626989,580037,605274,610353,612779,567633,623210,588678,619978,646638,584911,607996,636517,597814,582124,608709,567195,576561,606485,573444,628569,591426,589240,663271,582375,605251,619739,616697,622490,609801,615220,643310,627744,586286,582064,597776,579029,590564,595598,619747,585326,576784,597303,604774,557549,624185,591599,604212,585238,551154,575935,607663,622801,598329,636574,560200,611925,584487,633267,578213,608873,607599,571493,585814,561486,599097,594269,626209,560090,642249,596439,593599,598305,548607,588781,597584,611450,577705,576704,596084,594802,586746,581796,623590,633603,626916,640955,596972,594557,599494,626523,614514,563645,593777,565564,586445,587452,580323,563048,637273,610428,575046,617108,583848,593445,584423,640400,588057,579307,541259,618456,574625,591807,598278,643211,614448,613309
616289,629772,670196,627946,626117,583412,705143,597427,599461,610458,616924,623739,616144,623599,640169,613570,626236,587185,613167,643443,656747,616013,605971,624672,612135,649871,616921,612596,616922,621706,621435,611938,663752,638514,604114,624022,620152,654826,607658,672427,609381,630815,630935,576565,657059,630233,646756,614962,612297,612546,581340,649965,610615,644968,627857,605201,643210,622538,626406,647351,566545,629537,626517,622363,609132,669177,619535,656015,583702,611501,633674,580753,657004,645022,605024,649805,584305,636487,609484,635825,648919,618245,631577,595005,677426,673314,638987,648044,621097,623542,636058,627011,627963,631522,631047,638984,561761,631187,602717,634025,597137,644520,608873,655949,685862,664680,613818,685165,624888,625336,631433,621830,672314,618370,649798,590459,635355,599648,649096,639061,669510,619548,618038,611026,636091,614320,630916,696338,652908,611798,588036,600211,639819,616769,624673,641227,651905,586842,636926,661456,627260,622332,665792,653286,608351,659008,609263,650484,666911,610895,615679,642328,609268,599601,602838,599598,593664,626532,624278,619811,633660,596582,666450,631469,663771,609080,647973,692606,624711,637075,686851,651679,626172,617044,616784,600211,640662,610326,643565,632527,613342,641672,655855,586755,655664,636208,613897,643602,569029,611202,639781,646530,642087,652139,611771,636540,585422,658030,593021,613881,633932,608228,588644,623876,631894,613581,664994,610508,655925,611657,644812,616645,572440,628199,652259,633573,588942,583442,602142,624877,586460,638485,616673,637089,651234,628407,616754,623051,590360,664966,614740,596189,646902,630247,606029,636130,620817,594071,637923,665855,654537,640547,640669,631152,614900,684369,612380,612712,599806,673824,628147,602920,630803,697349,657585,639243
602583,576692,608726,584704,575025,573695,645414,550132,572383,554674,582770,589730,607858,586369,615143,591348,597555,575327,570117,578968,603640,577227,589857,583407,588749,614576,566695,594963,554884,589196,569505,582120,625283,604249,598895,585661,613916,575751,584090,622433,569367,588167,627047,529461,670054,590605,617845,587959,589478,561539,548601,589587,570924,610779,563157,568036,600480,566030,600616,614356,516552,581265,588249,587414,557079,617289,585941,613792,561777,568769,590046,551228,570097,614027,547622,640971,554527,608655,575950,636389,604523,555066,603551,572448,603020,612909,575295,568625,578844,578744,601816,583566,551142,604324,598259,574940,525612,589944,559039,600615,543649,604962,554204,618618,618319,603439,588517,599926,582534,584540,601019,552729,611253,575274,608603,554080,605817,578933,593490,561385,593681,580844,563321,584875,572848,581536,590918,636484,631983,584378,538656,562803,615740,578875,588788,599825,606979,585719,623944,610016,563690,586070,598334,603022,578027,638289,577568,585642,611245,574402,584627,598288,588233,568377,601858,529233,539737,606776,560549,564178,597879,586245,624544,576664,588410,598075,597516,622962,593581,599005,603089,598603,585668,606159,555954,550803,591714,602908,616431,554707,567182,605665,600436,530334,646381,618636,584442,576169,519624,553875,592853,592185,615208,650653,572849,588755,569996,608842,551072,607595,617590,551860,557606,579619,586498,583621,600174,557095,627663,573506,593401,592604,564932,614435,610506,588353,563394,569282,572874,588095,574812,566396,576713,592777,613864,621961,598586,612989,557137,593649,599518,541536,593789,600341,593615,588607,601283,547094,626090,608778,588870,591607,593172,587247,579500,642434,578015,581053,555848,622989,577011,578222,588816,623247,576374,634706
642905,640525,676520,646129,645152,623733,709563,613235,613176,613333,636405,643545,665825,664374,690454,627403,639268,638181,630740,636001,667947,616325,643109,629439,628506,643753,620498,635776,636246,674917,639053,642526,692590,626338,641381,644772,653535,656002,645253,681316,628052,673641,651580,602587,697891,650178,669145,638279,631475,608954,603934,670087,632853,651666,664016,601979,643783,657644,656004,669798,592283,645587,642658,636788,637350,685114,645447,682042,631179,649028,661530,595147,634621,668958,608678,664770,636034,685485,641372,690473,682173,632361,639691,605616,664414,674495,611911,663284,670779,683994,658377,645328,649030,660047,652585,647760,581521,629959,637972,636096,592257,668281,633959,654810,711160,662913,623423,668315,644671,659932,656562,614587,690561,646248,693250,604916,684948,632762,672305,634097,672199,617652,632951,616053,634639,636191,656181,712314,681233,665950,603894,632935,662991,639539,651311,649745,682012,626594,669750,671889,631041,628750,676163,674005,611259,671351,633800,658528,662355,647129,672494,667386,635054,595566,647042,609916,622254,666238,613099,656674,626339,626916,673016,641715,643684,650798,647216,715179,666766,645951,687786,649221,652302,639631,632711,608969,635043,630345,673828,633408,624162,683335,666527,612722,702260,671684,620582,649968,585838,615428,653086,645285,685001,695326,621895,647644,635616,656249,603224,678241,659474,635369,622596,636427,644917,640509,677412,633558,688565,647747,669929,625625,624289,661973,672602,632367,608247,602689,637090,624449,616497,642777,644806,682504,676105,651158,653985,632507,634312,688670,655223,624735,651558,628555,665475,659870,653391,620925,655568,666739,678515,660028,650308,654455,627869,688426,625669,632154,630378,662316,671934,623952,673181,690871,627621,678541
612082,610741,651117,628027,608838,600046,658754,607100,621406,623245,619575,595442,606670,640204,633582,602447,630293,609835,619751,598495,652053,588447,593714,647503,598900,617126,609564,605132,579909,627014,624817,613875,647074,612532,609305,632491,629026,651839,614903,672630,604992,599638,622614,584758,648771,630698,660310,632868,589708,621013,590316,653137,584271,625121,604855,587815,616103,624023,623193,652582,545581,637353,610366,624728,585556,645500,611258,641728,615689,599621,627554,557963,669612,641542,589495,648004,591512,610859,595127,612251,649537,588928,607007,608603,643004,652441,606953,624622,623081,624668,621198,630747,633848,611690,659152,641663,558691,631042,627534,611946,602288,603714,571044,625833,666920,669701,651673,645809,607941,627541,630548,572697,626728,597531,651611,586589,631692,581295,652390,600630,642764,621991,620162,594196,614596,600464,604231,668475,639417,636333,587017,598220,649946,611085,612296,608220,623505,579232,629729,658968,617415,603171,636721,627734,584602,642787,614105,627185,661401,603511,620774,649268,606382,591455,624320,575866,570140,614325,587319,623325,628985,617619,674016,595790,630231,648459,604187,660384,592048,628371,677760,672702,618828,644924,608220,606021,629450,613151,642130,616090,609168,633776,639871,559427,659252,644763,623950,620863,570857,588103,631912,619538,658422,658688,581737,649440,588448,621392,558190,614897,625562,615565,591079,596556,636364,633712,634628,588184,639287,612392,623509,615757,574894,623793,640573,670146,604135,560048,567823,618583,586485,589932,610119,615221,668975,624924,623493,624105,593287,632513,601789,585757,615304,627226,622550,632362,613919,571393,634607,629037,633478,635632,628584,627162,591973,661473,598936,595687,570561,645788,628422,606336,625717,662861,641083,646205
603167,620925,648785,612193,568240,597540,651605,589981,592427,586727,576879,573532,633533,618743,620414,623986,618619,585572,624037,604157,640602,603988,562627,633264,611608,633443,604508,629949,597612,633583,625332,585623,655610,606381,575318,627576,605593,607594,627458,664483,613235,623678,644356,564503,643271,624340,621351,599804,607369,595487,581443,639668,592172,615077,613888,548223,625587,617219,628879,634760,561857,588501,593142,622234,610014,648168,584958,657115,602565,614653,622146,556860,626392,637428,572692,649729,580131,641447,612086,648067,637482,582858,605493,602017,679418,657327,601512,626415,605622,615278,628259,604665,615775,641418,628528,618256,555385,618454,617820,600392,568107,622360,590896,628863,665827,636572,611537,635582,595845,634420,640963,571460,654613,608837,652228,592910,610784,588479,654715,591336,626587,628043,630734,598898,618852,604244,615032,692106,646472,615692,570007,598268,635962,614497,621308,643973,665877,604152,605133,640249,626823,606633,622289,618871,604146,627408,591170,616631,653250,590554,606194,641386,587183,602347,597973,581853,551917,628190,605902,636549,621098,622972,645671,628594,627692,629770,621917,656982,617169,596434,662941,632283,613031,625160,583824,591137,636775,604184,624811,606098,595698,612415,621497,548342,641198,638038,602748,629272,550343,591239,600897,630044,681317,626473,570711,632295,595095,642999,566849,604088,625666,598293,581087,575584,615219,625283,627844,565789,645423,620748,640029,603356,564560,607010,622098,637054,579593,577816,590182,606880,563076,592664,610668,649585,643388,614097,609549,630877,616806,633201,631498,567653,609790,620978,655045,635223,614603,569201,635995,643330,603610,609879,630624,607321,582782,688644,628087,604774,604319,628684,644396,607833,603024,650078,624874,624089
604141,635163,643853,621022,596520,574240,658538,571817,604363,578167,593719,598525,604378,624217,630201,579339,634932,596800,584057,604749,657586,574942,586038,624916,604807,627927,611391,585275,565974,609159,603315,612290,665590,626835,606947,615948,629770,639561,601105,662198,597226,604091,641919,561702,661866,595741,625291,626898,581930,586962,567894,651280,569856,633728,597497,602421,615358,608246,612925,624526,547023,623136,624486,626774,573834,669906,595023,643585,580216,596297,612043,534395,602579,651519,565699,601917,578276,637569,594600,637157,634425,592202,611137,564675,644688,627010,607797,647696,631311,645920,633630,598736,620469,623134,641132,611559,549583,620963,575676,613383,599428,613343,540863,634912,658993,642512,608493,636154,596205,604343,621218,617998,652703,612833,647453,577402,619692,588955,653943,600702,627313,582373,596318,599309,599334,600747,622180,660890,651117,614795,544479,584708,629226,608348,593901,592272,621253,570257,636520,657352,603344,604188,624651,604282,564387,630869,596048,635961,643745,580580,611729,651129,620974,611403,614498,558053,597557,610662,600839,606111,626363,575005,650304,594069,626420,604045,611570,665239,619263,576048,661596,646840,606968,618141,595307,570893,584963,575392,605507,595015,596503,609704,632614,555928,666045,623149,596769,623112,556274,593726,641699,605615,614566,620784,593586,635012,579858,632577,583778,622829,615516,585643,581445,582337,604350,608540,659574,585790,643020,595717,606893,591035,579597,589503,646736,633511,584162,569084,587829,589214,556040,587741,628953,631084,652701,628307,593911,614424,600225,651724,620473,596506,636671,607512,617452,612741,617973,577438,612503,625813,571931,612346,586958,605779,563266,640309,586750,581058,576210,656656,593168,590610,604822,627608,609414,652518
587629,587622,612658,597976,571860,556637,632414,571306,613535,568567,592829,600367,610757,617689,610837,616534,616967,596638,577163,580858,651523,563344,588074,609996,593844,600510,563230,589574,561589,606008,585411,586704,611816,618275,593672,635398,616333,613413,581448,657008,617898,592790,638744,534345,650129,607533,627616,601578,574879,580667,580602,601372,591717,606605,595100,585320,601057,591515,566434,626896,560497,593293,593507,620968,581092,648935,593116,624727,567600,594656,615262,557465,616921,606882,561054,652466,576850,611072,590524,589144,602566,552743,602137,546750,622352,661761,621264,600930,590968,617043,619359,586145,587307,607009,639609,604188,544840,607597,596402,602069,565809,605985,570115,610438,627406,610532,611895,641271,581083,606074,602323,586344,620820,592801,620598,572139,603399,575173,627150,572406,597680,599501,588075,574855,564600,586839,568233,668296,628400,598511,549233,575704,603447,583536,582241,604343,596216,558935,602224,639421,591746,612125,617615,590122,569463,632422,600656,616420,616296,589067,597445,613370,601573,585413,608391,532215,579582,610062,590054,619481,609092,570812,642230,608526,599319,575547,600239,673393,573493,603972,633770,633444,614440,591390,583730,574767,607090,597113,620308,580806,603417,604698,628848,556910,620727,643815,588764,605876,562292,590953,601269,604988,596113,638629,545093,604586,561569,614514,542262,608852,628070,580801,577708,564316,595755,604083,613457,582446,655671,601651,608866,587973,574609,614275,635198,620880,559011,566866,578598,575715,557198,569692,588247,617445,614866,599049,632556,592517,603234,614083,588744,593580,622096,595878,599680,617595,594080,558366,618407,635714,581104,607169,621815,627166,570427,679675,587271,585196,561889,644131,610237,579598,555393,632872,591121,624826
653190,649661,673345,645558,653449,623043,695766,642222,617392,622974,642645,637477,665765,672289,670475,623584,664569,645895,660890,626862,691065,630033,619836,690661,637683,654314,653389,635697,625781,662538,664015,651837,696093,646547,649733,667749,654927,659316,634873,720247,632853,671903,679479,611975,688660,657341,671199,682504,605417,647632,619730,703060,622794,657436,648120,629658,669613,637168,650938,692773,595732,654920,657354,674826,630508,700831,642400,691626,645943,625843,668753,604523,674146,679876,626004,646904,638635,678498,644032,670733,688014,632982,648629,595157,677708,692215,665648,641219,651684,667632,657755,659481,633181,677246,686764,675106,596315,669402,657478,646013,627012,670913,601555,668953,725029,686136,659999,671449,641877,648870,672823,630367,699578,638795,682401,626858,667184,621230,682072,653955,663671,658976,640145,643370,641070,632521,674383,713197,711205,643044,598484,631162,676494,629044,616126,672744,662323,603630,662132,695190,643286,658869,667332,674468,641855,680934,638747,678301,687245,631446,645985,665680,637297,623860,643371,619675,625344,646889,609619,657385,652053,618464,701728,647686,680165,638928,658648,706633,669535,655404,685523,665988,657903,672697,621410,628181,645972,638344,652185,639262,644997,680208,651569,618371,698948,677004,639806,664659,580608,627790,667778,638134,687887,692423,621446,662215,620733,677277,594197,653174,658048,626156,620816,603565,645050,660311,663960,609254,701908,665280,656621,659370,634619,634334,689608,688078,648198,605762,640678,662319,621361,663242,642972,693271,672109,661038,648765,658544,646291,707964,659142,612902,679997,639891,642558,693684,639981,590353,659156,656140,660583,657331,671344,680206,640627,672943,640263,639308,586454,718103,665902,630493,662157,684272,648394,693102
594915,612902,645188,600087,579641,569775,632104,575156,587309,591329,569715,563168,618010,604998,590943,597282,587032,569618,606323,570563,608218,582902,588623,627752,602548,610351,586927,597306,583034,615728,597021,577503,644800,590182,584495,611896,599596,604745,595788,631202,604867,577038,621666,554690,607752,576633,639023,606576,600533,566268,573718,611033,600680,621320,604032,562862,601287,596915,590860,601804,566552,581225,588267,621726,580562,670441,588287,624786,579791,597714,581644,556000,614711,628043,598511,598157,579302,634034,579670,652050,636157,563763,585065,577100,643842,630776,582052,602167,584685,611285,597704,553824,596616,606860,616808,598042,555392,618218,589300,586606,578703,619258,563058,603126,658549,608242,593215,646941,585604,609323,611406,583784,663858,608905,645287,539463,615162,587137,641183,585972,616935,588011,584707,575383,608028,609116,586950,662718,623532,610448,559075,596580,628196,602619,605056,606962,627941,567576,598211,637167,603438,572730,598830,614164,555302,609355,580207,658296,614207,587331,607374,619617,586476,565880,594136,560682,567686,611421,581106,610979,596030,560985,651993,600053,613681,608483,585522,626604,592556,589795,623476,616552,607159,587496,562015,557486,594611,574909,618552,581417,595839,596567,618034,562195,632764,629899,596407,592942,517273,573482,609149,575837,630696,630350,561134,605613,569961,611055,563517,621588,602155,573200,579839,566919,617247,582575,607623,579708,649052,599946,595693,570895,559059,585292,634324,605477,584454,546802,581601,600073,581670,606577,603786,617675,653700,584800,592414,605304,583546,634905,591611,584013,616461,594103,613957,625144,588090,574619,603386,622365,616728,615678,585858,610009,579488,628190,593993,588240,564040,638294,612558,557210,603011,632794,592169,636783
635912,643007,651213,647117,603532,606802,682399,619830,607668,603782,609683,621563,650655,649057,652701,617619,647592,607076,603338,601746,639480,616049,597751,661996,611358,628225,620136,606447,599578,656216,640134,604845,661353,627340,621978,618143,631360,628573,646971,681429,601819,655976,669178,580872,670545,639137,646167,623844,621562,596168,598150,653594,590490,639392,633114,612319,626771,619503,612569,661313,576284,643314,619596,650305,619797,671835,635037,642044,610981,629984,625994,594244,640938,655113,591254,646368,596260,648299,607160,656457,648137,590417,613506,601704,649709,689602,613461,648113,620934,639032,630384,604459,638530,635267,638636,632125,585739,605411,599794,626532,588185,650260,597060,646730,696872,670342,638509,642837,619524,644969,668098,605299,647312,642120,662853,619996,662729,607557,676785,626047,639802,623947,612873,624916,614268,617851,596002,696854,679580,631088,592688,581859,656957,625095,612769,631539,664217,617432,646875,651072,624215,629018,652378,659781,605229,686081,609518,635394,666685,596356,646093,651895,640754,594626,629458,600635,597078,633033,611841,658718,647786,622955,682435,609084,642369,641347,648878,690121,617473,631978,686681,648166,636119,660798,609241,608566,632283,632841,629892,634884,606756,649681,636124,565325,663640,639810,606883,649008,557017,599845,640731,634359,668549,658709,582925,644256,600288,656375,600981,649634,646206,617085,599298,595368,626402,603876,665981,605518,684475,641113,620533,621750,584636,643784,654905,656951,600617,607781,636522,648524,609487,631857,623809,658480,675628,648700,625956,640454,614829,650534,615681,635761,611426,622561,637369,635160,630468,595234,627697,648250,667357,657826,632166,631899,618205,671618,604965,596175,601654,650947,644417,641611,663080,676116,624038,643944
631711,646711,673922,625175,646125,638033,666099,635023,618011,606165,658903,637618,662971,675168,656566,626922,653996,639041,647072,626942,664712,614402,639916,663795,640262,648800,638435,632592,606675,647971,631528,636429,709109,648438,638610,664217,666590,649491,630865,693351,632494,634403,653692,599563,692854,649846,666896,652241,631225,641345,618636,685926,611652,661792,632765,597245,640725,635028,636474,673887,575271,633709,632441,655710,613588,710476,618648,692271,662038,631052,628910,613239,647567,677837,601049,666337,591992,687385,629459,678430,658465,629479,620378,610651,682212,694087,651790,676463,646703,680534,643502,626893,627545,650296,714274,663638,562518,636347,631616,616397,591515,664825,601444,666534,691266,689862,653592,651441,649961,642775,665718,625180,656066,632559,673468,627826,663335,635080,681678,608255,673733,651363,654366,625562,660925,621284,641760,744729,676828,664193,618221,619943,680620,630414,633774,638741,654465,601481,652118,705749,643589,642049,645967,660487,633970,687999,628661,654389,696325,620246,639139,674782,634952,637470,643181,595862,607976,669128,625908,646638,671499,634728,677875,634160,640873,680235,644426,722942,662439,654719,703644,667646,652766,663729,612004,631429,639365,633241,645796,634397,649331,642209,657934,590335,693088,674445,640149,646106,583920,608754,668903,636801,695422,675762,624780,636718,619188,663596,588312,638745,700922,622396,598102,613619,640248,648286,683505,620308,686169,648672,630191,632506,595071,641494,684542,684158,637096,618970,617136,648618,622464,634217,660060,676199,680924,650929,664015,661913,619268,688702,638224,609673,638146,625165,665061,701675,665052,570942,644123,668121,680506,648867,669725,643382,650914,683237,625235,616915,597567,682273,655488,618706,654548,670434,676820,681959
657786,681692,719034,672707,661033,674148,739553,643487,672312,677122,681716,682932,680285,692846,720767,662455,663430,660759,675034,663532,707587,658301,662485,687238,672940,670332,691422,672600,624396,684677,649815,650813,701895,676429,683763,694310,687483,707555,671040,746112,677772,681454,700816,625056,728798,679114,689526,670430,664332,655971,644810,689373,642228,679138,677428,651513,689821,691319,683348,685101,622722,697932,685244,706518,649019,728440,677477,734876,666953,659267,673461,619197,686090,696309,643773,708337,658937,671581,640617,706611,715400,671362,675818,665002,711681,717364,663516,683898,677070,708252,676789,665877,678662,713369,698238,668589,630276,693369,664142,688441,633375,699631,663371,685875,746543,701210,688537,711306,681610,692736,693211,655439,707603,671108,697742,639455,727079,656909,704860,667773,705301,656704,673880,656846,675466,666692,682848,749082,722630,677172,620598,648411,694201,691675,665986,670988,703801,659664,676770,704626,690006,689130,709648,720028,650721,712527,658832,678242,715228,677982,707033,718158,665728,657604,683269,628331,639870,673144,682318,688812,680061,656040,725522,670850,653277,702662,675066,724167,675128,687141,715535,711606,686089,686615,676466,657361,696033,666280,702643,669114,676918,677116,681187,621134,729386,696515,652545,702474,607299,652265,686420,680803,686386,724863,649312,689337,659996,700366,654067,714713,687235,650959,640706,659621,681367,663249,729511,641299,728056,656783,696869,665662,636980,680979,695159,684271,664656,638438,665923,658634,651844,656691,675328,687614,721155,697853,697887,682355,660040,713066,680933,656048,672345,661616,683193,679296,665901,645912,710635,710721,672002,673343,682215,681033,675924,733397,671352,660076,660330,705628,702341,649757,682329,731805,665186,720851
573738,592444,624605,611320,570792,575024,655618,556880,562365,574333,575460,573260,608586,621924,603853,576154,605333,571278,552932,563839,616937,584189,587980,621198,532970,593287,588689,601656,574909,623910,588693,572093,624007,602590,570525,576165,600969,619418,594348,647361,594563,578172,632679,541146,632382,596801,607152,584693,594274,573103,592819,635738,540536,605311,582977,580697,589539,573400,573167,629448,545497,576282,611166,641726,566893,639350,580057,615741,588775,607249,598540,559173,619107,617757,554390,614270,553557,610500,579578,618769,604211,578920,555851,566243,617375,638612,602719,596194,609153,605974,578977,591231,577585,592918,609987,599907,547225,604493,575260,600605,564857,613559,541849,630506,651376,603753,573661,641078,581948,613981,635728,564659,617574,581602,624655,581236,592208,584184,624722,616848,617370,603579,589362,588740,572244,602472,588263,636651,628890,585665,554257,577019,614069,573421,599415,598048,611997,562368,577572,627409,581081,592552,615308,632654,568408,612036,572780,630089,629940,614110,597004,625170,564757,569830,593589,563816,548572,609031,563642,626511,602709,569711,658470,576673,611037,595453,612474,654943,611528,586740,653661,626166,599458,604043,574378,575541,594330,579812,600726,554879,610951,603431,609915,559511,620390,622483,614008,581027,523081,581021,598868,591719,621450,623051,579781,599221,570403,607682,575834,585975,614440,557762,582073,560624,606007,611393,593165,569197,667628,602446,598975,570733,553375,624296,602515,604959,570511,573854,591296,603160,597689,593278,600325,625775,629057,567801,586595,601856,579862,622807,594051,560933,583623,569024,597399,602529,611608,540056,609811,612881,601794,592875,610617,598821,580222,622476,582470,585572,590162,630816,601266,568881,581386,621389,586591,608728
608093,582248,638733,590620,592998,557534,615683,562346,576124,554686,594563,576656,604775,600815,597349,574379,597627,557802,586522,547324,614120,576602,586284,617461,581529,593142,576792,582489,558850,597626,575992,601943,607219,593011,588758,594410,598122,601754,589173,633136,571364,600157,639654,549620,632041,594012,607502,600566,586842,567634,585382,610951,557267,594310,580023,568976,596473,593206,593499,603365,551405,595256,598028,633886,572054,631108,573541,607717,574574,576348,581908,557084,597920,603854,571464,636381,564239,635335,575144,626210,609044,561755,614707,555561,611216,613772,571994,615911,576444,635782,583574,588936,578724,599161,623990,591207,522264,616887,590822,591178,559304,603042,549530,604604,619035,619215,596840,609422,577678,614455,632900,568865,636642,598198,634882,560077,622436,595460,633866,557601,615264,573103,604674,571762,583527,560927,574050,637794,645495,586244,533287,573757,613413,591558,591383,597179,602995,556018,621418,625351,585841,597643,611945,610748,587219,633389,586059,598135,633639,538670,562795,637033,605033,576625,593696,544064,559792,610026,578996,585285,586044,570815,603296,583333,577803,601420,593055,651538,577191,612975,634560,600123,619273,605359,564542,558692,586969,564637,600492,573928,577216,578184,609474,563489,655760,617252,562572,572583,556338,566175,597294,581876,608619,635700,540142,587668,558006,598262,578732,611544,610163,580272,575206,568066,578425,624759,599862,581428,628176,600934,589398,570518,580350,604916,584452,619344,561706,553063,587725,601915,576435,564441,602251,603434,655650,582828,624224,622375,554269,606768,575852,540303,589591,559708,588371,614165,587731,556388,603724,600944,595041,612306,590234,591526,573821,633687,590330,600095,551097,618757,580642,546924,602732,631715,589169,641300
627964,615220,664579,642126,622623,613665,674110,611892,620394,624012,614455,619402,639816,641335,652507,607400,645123,579420,618201,610497,647955,599632,614740,643286,629489,654596,598569,616846,604450,664734,609544,622841,679141,618608,620602,636968,635681,632568,626771,675141,633458,634061,658485,583186,651188,619042,672993,616479,611313,603415,603230,647024,598121,632693,649394,609132,634951,616118,601120,645114,574894,635115,647546,648061,609943,674281,622606,669128,622110,624409,617392,617993,656145,635842,583506,664846,632173,624794,626029,648595,647417,585862,629429,591141,659694,662890,626352,642411,651420,632197,629921,604172,622308,645084,667258,627316,586012,622368,648834,618131,574123,630041,580524,654297,683389,644878,638447,651028,629943,628562,620721,590686,672897,621247,668798,600649,656464,633757,699197,625873,670752,602350,627998,587762,623953,619672,627737,682994,668144,634378,617923,606946,645456,638298,626148,641266,647523,594381,642452,687193,630454,624835,670425,629663,604038,650978,593896,663591,670986,636308,642138,631557,615291,590474,641798,579048,550227,636791,615829,634707,651750,606192,687605,593030,615696,622853,646668,671052,649417,627939,674970,637147,628256,630879,598564,623930,615640,607122,647041,613520,624081,628400,652964,581008,659705,636501,621839,649607,565393,602859,675008,618299,660546,672995,575359,638321,600402,632995,580671,637698,665746,612219,605225,592838,621290,637733,656298,593646,671283,644092,628209,618046,581705,630728,650660,639061,606485,594508,589941,628856,597068,637407,621817,641277,662823,641544,643881,619165,589373,636816,632430,612986,649570,641040,624628,619131,645665,594996,639524,661436,614130,632734,629439,640049,615126,662223,611744,584235,607637,635895,633186,611987,625292,666795,619893,641068
527497,560278,564518,532597,530753,512943,606667,528572,524905,531924,534998,525124,568170,576168,539000,512195,571103,524823,531946,548984,581988,526652,533647,563593,554702,554071,552612,507955,524501,541618,570249,562153,599219,551218,558726,523944,579903,568313,532899,606867,531383,549156,549038,506342,602261,529299,566522,558228,528591,514347,543208,562873,504952,577675,536470,512432,555401,545318,559438,536072,484665,542696,549962,527489,510050,600010,537882,596077,546656,533758,544376,515875,539913,585067,506043,544316,524461,567171,503142,578550,582855,541563,536269,535526,597004,571156,540164,577395,533417,589210,572339,528871,534462,555002,582326,553058,479921,550735,526484,551403,533870,567237,496844,570366,601095,583638,533444,549497,520604,531111,550225,528391,542810,559705,591023,531931,562009,529654,550762,570344,559275,543886,529299,540887,530011,536984,561084,603202,580566,562464,528295,534953,598055,540452,528088,540433,566637,537797,571370,582187,551534,545594,548916,570115,529793,580787,553501,534684,576023,532613,565632,586942,559427,538367,568674,500040,533913,566861,518905,555551,553361,529781,569326,533441,532499,548473,579200,634109,558846,539783,568812,596216,525480,555542,549869,522613,551399,537729,567099,555059,547353,567071,551780,510119,570824,537345,554534,558537,483380,528859,551049,548479,585361,590531,519649,537361,525500,584148,502160,557787,572423,513359,517069,505905,544153,548861,575681,517732,561437,543045,555374,509594,510174,550109,548094,587489,527977,518100,546190,560172,518497,507001,557065,565058,569712,548587,568658,557408,522223,579568,526585,523460,548737,522676,553475,564265,560401,511833,559820,555311,562059,560080,563625,543599,541114,560031,527020,516145,504167,562609,557911,529237,557420,554830,563080,548826
626575,625087,649242,619578,633084,600353,676760,601862,634810,611360,633996,642895,659563,697051,644833,631746,651368,648973,647679,612396,679903,607024,634254,652481,615654,676063,622092,626231,594037,652087,654401,623965,714574,651457,641700,647341,652320,657778,629878,680751,658729,642232,690783,582501,669269,622509,659977,619595,634715,624425,622209,658295,591367,631567,625861,618409,660015,633673,658870,636468,580623,670651,622595,673829,638561,669673,617845,681378,660387,638062,638279,593288,631727,678826,614080,677927,639021,668930,592491,655418,642203,602451,623266,629725,667182,703091,642319,635007,635330,674177,639925,638885,604702,659564,651805,614098,592000,637260,640055,651120,615874,676136,591743,666807,710402,677274,633359,670071,624733,658999,643095,600010,687303,630331,679261,620602,668949,645705,672920,607910,624182,635392,631290,608309,628460,633818,646166,656949,682694,631760,595328,624892,651907,668227,642406,660824,650617,597997,668862,679008,647948,645880,682508,675817,607910,707426,623747,656952,699288,633371,647392,656827,645360,614307,658463,598272,578512,654764,622119,641600,648583,634146,694201,634479,637473,647984,644067,697690,642880,657138,673741,648296,665756,647464,631536,594237,635398,627896,679435,615304,667312,624192,669925,593069,683591,655282,641497,652976,595300,619818,640897,645938,668105,670114,596193,648944,616669,650677,579763,659603,654028,617204,619343,621448,650229,651004,656405,631067,686251,643018,645585,603317,604973,612876,679924,657401,634621,604784,630944,643548,619345,620204,635105,678614,681470,638814,662250,646885,668071,670006,642070,596485,674157,622331,646943,653334,660934,592933,659296,661632,626656,650780,634257,650158,640284,648758,627384,617754,636278,644240,661938,631499,630593,679192,648172,661194
605176,617618,611749,601828,579354,579321,641945,570455,592835,564924,561656,548084,626132,633624,595560,606583,599940,592367,593967,570394,638517,567181,579396,608814,601915,609685,589623,570147,569044,644563,592638,587745,649370,606294,572827,578058,577474,599975,582930,639382,577608,595551,613404,534316,631678,589249,620626,580622,590869,589370,578920,615318,576247,620471,600110,583858,582964,612532,562282,611672,525988,586001,575296,600594,595907,651843,566442,639669,601143,594217,621256,564276,624758,624302,560687,608284,567318,614401,580426,638603,622885,570792,585090,567915,619723,637170,598255,608223,605086,595241,605239,580178,584075,620075,616024,599801,533526,576997,596109,568186,541964,608319,566854,594559,643017,639280,590504,622905,609946,598935,610036,565376,630339,594592,648541,565532,611531,595301,619256,577081,588178,599531,591684,584540,604769,618852,594938,664560,593630,605014,565591,560473,636833,572475,593819,610920,609208,565053,604824,645014,600459,604495,588093,621747,582660,631931,578453,595868,639779,562549,612993,610676,601325,586434,621572,550736,553203,634639,592421,611520,609980,572784,630541,585660,605654,617758,589366,673172,590592,577812,628152,607548,610105,613356,554849,594830,602653,559995,608077,574490,598219,616712,616936,564387,615446,623319,591574,599600,549889,564127,602653,618479,640590,643389,551303,608282,592772,622418,567471,618461,619032,554460,564453,572417,604977,598316,622581,586090,633065,602928,577051,587412,540476,577081,621098,608003,586018,572783,569699,613379,586006,582080,576262,606449,627352,582576,582477,620494,580535,640423,591924,600652,590890,596135,623520,608289,585904,560466,611006,608611,611841,620620,640254,602755,556414,612339,570423,575216,566936,610252,598877,576033,616571,633759,601473,595948
592979,598725,641942,620236,570021,583610,655367,562596,579796,583903,580626,582598,608503,639303,616854,596283,648456,589074,567202,568995,632307,562136,601478,651949,579112,600075,571521,592817,586656,616510,572960,570923,648045,611378,609270,599837,634004,622485,628445,639997,611317,610117,622700,537300,639182,591414,617350,604360,607849,602225,566927,619659,570963,637611,591171,583006,628433,620810,597897,618695,546592,615542,605206,621311,572504,648548,589290,640001,591135,578483,608518,575703,602259,619255,556597,643162,578691,607436,593267,618298,620860,562719,574795,587103,617871,631757,610556,633123,618877,608499,614023,582551,592507,617844,610295,597105,547911,583638,583055,617609,568576,619427,593214,611624,667081,628890,610946,629695,580254,637013,615639,587379,618001,603182,601797,588908,602914,601254,638628,601116,626023,603572,609503,586654,589965,602122,576384,638610,645720,607816,579343,597911,628743,586467,600959,639186,607421,585698,628504,618805,624936,600665,629576,604862,578767,660974,597358,609877,639316,588635,600247,616446,606396,573328,607750,541212,570065,602139,601323,627977,649361,589838,677841,612530,595558,608118,619990,657490,602597,609453,650609,633057,612595,600742,589634,600239,598890,603082,601902,593037,591831,589474,608979,572351,618593,633794,615508,626868,558858,589004,584325,602363,649248,639094,576186,611525,590410,634767,557400,612613,619618,570627,561603,586603,609312,592807,628752,579599,660369,599713,600565,592343,574868,609502,636370,625307,572662,570678,603771,617651,578440,602657,602817,629671,627671,609270,591603,598574,586696,636533,628531,592106,615544,629021,600265,615667,605139,556176,629628,635823,589463,609506,601732,622719,587354,666629,575976,562624,561611,646018,620046,583147,594639,644968,591541,619458
553328,567511,625515,558660,572338,575733,624411,541739,550859,567682,556993,580941,589510,599724,603094,575101,606318,585083,587693,536887,610911,567968,568457,614443,597718,592255,568505,561732,569565,624059,566618,558766,623048,587202,571436,588273,588892,591363,562189,627930,574135,577755,588768,529585,621843,587375,621714,572011,536569,582007,561013,597981,558363,593298,579902,562762,574147,597638,554540,567032,512114,570960,582618,594499,570384,630425,581792,609908,577338,580860,579460,539733,587200,600575,528784,608609,557249,589932,541832,599178,608750,549974,577080,540915,635637,621393,567352,637464,597873,599327,571813,573811,571409,583645,613964,580099,514448,599793,605563,588760,556293,579693,561736,597411,615234,604626,583566,602521,563466,604177,615020,557122,602866,565286,617194,564533,601214,586821,634264,564548,573142,583628,577373,579353,566635,604902,582371,643849,604229,566521,554951,572040,607122,556012,562938,581785,586453,538123,602506,617082,571038,571248,603966,597332,563958,606884,572019,593128,617263,551589,600675,589952,586809,569016,601400,572799,552519,584241,585227,589208,607007,572093,623087,563185,607007,585009,580368,640268,575555,568703,615057,601600,594438,581308,593672,556452,569215,565324,581469,560340,564395,576730,609370,538458,611374,608182,573090,591629,541244,568635,601657,593456,611541,624853,553950,592067,541527,590158,543227,567551,611896,543921,549327,536731,570204,588297,582348,547220,627317,569439,582763,592132,556398,590219,589183,584397,561728,536041,569122,573640,554918,553325,568099,606752,622529,593663,572612,591786,550962,607497,599571,538127,583968,584370,572288,621332,594205,528913,593426,598511,581178,596977,583418,578807,545391,630686,548734,575613,540071,607079,573189,541931,569902,610103,583059,591369
623234,636536,650810,600590,607771,627927,690202,604558,602399,595933,622281,633690,620198,657098,653796,611058,623638,601776,637990,612863,636274,613406,620246,655008,626337,641814,624210,625557,592408,651128,639191,628679,677018,650148,619198,617699,656175,651884,635459,695386,627966,630860,656392,570328,693108,634197,646844,634986,623460,624930,586036,657217,595214,658978,623837,589123,629925,612987,630110,636162,572534,621290,646216,626120,618809,683124,599876,665972,618701,617884,639025,565329,661272,665699,579039,658593,597443,650679,617879,664533,654499,595892,624218,616302,673459,666447,618487,638073,609566,669979,640553,618093,624437,632191,657017,660011,574404,622762,614680,643365,596746,646595,599844,659385,690390,655521,628643,649764,629685,630598,649737,628091,664810,632950,666872,591264,664313,607866,650478,598875,642832,595878,605700,609249,634378,596393,647582,688800,683530,657816,597964,608773,662795,640624,607516,647136,649365,592166,675792,676171,633172,638473,644535,642644,588649,671115,619032,630524,673630,604781,646076,654093,641350,596964,655198,586496,580648,643824,596489,624294,649518,629644,658962,637148,614181,639335,632619,674439,619705,643601,655017,673589,639690,634105,620357,623898,613014,635860,642304,604446,628781,636273,653949,564054,674409,627924,605386,651247,557330,605757,635230,648320,665815,682265,589228,646454,618656,654455,576641,641656,646799,586998,584239,609869,606405,624400,632470,609592,660290,651286,610766,627364,617689,626162,631258,652269,607508,591835,626497,631162,598410,606974,652220,641835,674013,662949,636327,631465,585064,616418,633012,628232,615957,641834,650857,635468,643114,564989,623021,630165,632773,649423,642767,613988,593862,668555,631887,615641,591725,667070,622997,623729,620639,674487,623596,623380
602884,576930,639723,615123,577632,577679,650277,579387,578196,576416,576359,593732,614083,615879,629457,586753,613182,600087,604076,600231,634262,584718,593522,625252,586408,608188,602432,596650,601744,653059,610297,579215,638995,582849,603897,597901,621997,647192,607372,644330,589710,610918,631127,552737,630129,611640,613643,603275,603745,589375,570679,651150,573732,592128,586605,599611,583672,621776,617294,637076,541531,597360,619234,625231,583839,652031,623342,634704,595826,593092,629324,563809,636534,620670,588125,632259,568350,640234,601922,637269,654320,573503,577950,566817,625533,639706,613866,624391,665604,623178,619713,603966,585612,623472,634199,649254,560082,622482,593950,618432,575947,610007,560663,629630,634210,656411,644222,625180,576761,624129,620203,572046,637614,596955,607848,591143,618886,584213,626545,595918,658756,576469,585858,596329,585307,584714,591702,666566,648657,605485,571973,597096,627300,596235,595879,628055,614107,584090,601626,651727,604402,587914,601372,618925,572479,621131,600010,623980,636861,583218,615782,619480,614126,573176,605567,584022,588946,603854,568517,622021,616109,608000,648032,611542,619076,608477,626807,673638,624112,608815,662827,617475,618323,634086,573159,581783,580783,574494,623724,602976,596154,601417,642619,579131,650891,622158,617292,632826,559269,594460,638326,611839,618035,635099,580779,612912,591549,638743,578487,596125,598942,570854,584698,577228,599178,630016,622462,588543,661744,632976,612006,599871,559908,604702,644851,633752,573244,554842,584667,602492,606982,603557,600225,638144,626115,600520,606874,614215,561920,636914,600681,569079,603876,577513,617486,632343,630234,581736,622461,636321,604824,620975,603338,614910,585219,642039,569736,623534,559823,642283,615709,591013,609899,644750,615600,611438
580474,573941,617590,595258,568149,575388,648663,545879,550532,546652,580055,553910,610710,604930,598007,566671,579152,590116,588780,546203,577815,564579,577260,633690,568720,601665,563070,566882,548378,600949,585315,585600,624922,616847,589501,592531,608534,603979,558277,623387,591743,585887,599122,521067,632061,581391,605333,584258,570290,566252,560003,610512,569806,610979,595442,574738,582160,592370,576049,599943,531401,598478,576830,593829,563975,656968,570023,613986,572924,560156,598315,571038,571508,605652,542198,590227,545722,607353,594774,616170,619903,541121,593101,530383,612417,637320,583982,590954,593147,599586,603124,574340,600041,602291,607259,596601,527924,575693,585270,596559,568923,594259,542898,597556,619284,616543,593233,596556,586509,590214,598164,567460,613569,574790,619163,566509,600353,555264,600792,604042,604225,571453,567913,564740,570537,581310,572543,648771,623044,556168,571311,550866,598045,579457,598915,594693,605680,583633,593233,626710,597529,558629,590278,611496,578567,610520,590455,595868,599021,595031,571033,598999,596373,561330,596114,543552,571997,597419,557697,579920,602765,578284,641807,602905,602620,573181,621365,641661,583231,591748,613015,607638,587884,618165,576373,575473,581742,603086,588633,579325,585174,593972,574195,545416,625506,584332,582317,604515,522769,570719,600718,613139,610942,622787,552495,590435,557768,611710,565253,596457,608537,586150,527813,557451,572603,575165,611313,555665,611269,600119,594446,575080,576331,588843,609945,602623,550700,565622,572275,580269,555766,600063,584711,608451,626331,580340,599567,604909,570984,607642,605484,582015,596247,584506,578756,590522,603757,536427,588602,622137,597270,618129,603036,605110,574636,622464,549000,574364,512700,611714,588087,591523,592443,627831,588033,591594
598166,613978,664465,613854,606038,582954,655909,583558,583871,609466,592471,608985,615734,616823,634586,594895,618132,599231,600860,594816,635359,590513,631787,623170,619209,588904,604484,600638,603329,631266,599445,618534,640415,627022,621789,636823,615499,646876,612668,651818,600644,614827,604794,579883,671258,619346,641618,614354,594997,622332,600050,640261,612293,613322,618264,585953,590852,637128,582493,587709,549926,614969,616763,645541,595875,651706,630969,643474,626676,603232,616470,592220,625792,633114,580260,663828,603510,631704,606352,650764,644860,591569,617259,600968,625596,676394,581984,631290,607831,588909,634479,589308,614038,633100,653464,607071,534873,631013,606359,621872,596348,618249,565930,607402,662135,657754,619079,625736,604070,643646,626783,605266,665121,601808,669720,594379,607568,613185,640684,565785,622197,596576,598195,610704,609138,611201,612497,669746,639358,626746,586087,598588,635510,598533,600732,626825,621558,592085,630692,651564,633833,584326,633504,635725,598315,654921,625303,626705,617870,589428,630897,628440,602950,592841,630838,572892,597223,632010,594993,620632,589589,590644,639574,600171,632219,613471,606096,668668,603022,631456,641948,653940,617378,625299,607863,563894,625204,580694,613459,605539,582612,643536,617172,578200,635975,616467,595023,626031,558228,611554,627001,607557,658268,635377,565161,641692,582982,615604,582552,606500,636681,585372,583052,615290,619169,637019,639580,597855,676318,626255,620992,586538,580936,616890,640204,612266,585071,563632,603385,599205,577807,596987,617641,643403,646459,614870,625648,614307,580589,641171,603202,582882,635582,580609,629861,634329,625165,589127,644706,651583,601072,633212,621430,621316,619255,657178,591968,582260,576405,637428,605995,580714,612771,642794,623636,619383
646372,653719,689909,637589,612054,600591,690168,608731,616022,616219,634926,632953,626358,652554,663413,623343,650368,610059,630359,621255,678486,617341,642622,677607,644145,668030,635560,639202,599092,648301,649884,627966,686655,668146,661456,643685,662163,689284,626702,670363,625912,620304,686829,575527,698344,663925,658329,650353,619864,624125,614335,658156,612142,654444,649706,632794,667082,633661,649959,640318,588482,636134,628512,665808,621969,689206,641380,659229,636710,639429,697973,576544,662987,658987,616628,666896,608526,655899,652703,665545,650976,626623,658694,612865,654977,678562,643504,639237,662486,644603,642328,629208,639802,651873,669664,647365,598533,658436,628718,646415,587635,648182,600341,651300,687943,668432,642070,678165,657059,641293,655245,622622,692452,635345,651392,598862,669600,611237,676196,629788,664723,616140,645890,645671,620479,631771,631930,699667,706231,624636,582996,635260,671857,619864,618839,633799,652432,590412,669863,692977,649560,642252,665759,646009,640200,677681,633080,643838,682369,625701,647400,651259,641581,625260,660724,591757,618831,665714,619752,639854,633384,613266,666995,635446,659637,649025,671825,693290,658020,654279,692182,697302,673966,655092,613296,595773,632675,623088,664686,611029,638884,631053,669202,588498,689862,655361,610914,662688,596848,613978,630362,630618,679247,702519,628213,652188,625041,658406,607807,657194,693384,614016,610160,616758,627747,652647,667658,631426,696193,640280,656098,625657,608029,647699,650753,643818,613419,608729,633989,655877,609947,642522,630184,675193,682720,655570,650595,692108,630679,686628,660357,599860,630931,622311,631176,640626,649063,601882,648778,665576,655348,651070,637482,632080,630038,682810,618967,645091,613171,722201,654856,626849,641289,684753,653851,683669
578279,585980,599310,576546,577556,587724,629048,556977,555791,555225,552163,565020,599357,621473,576012,585399,609046,570603,569178,555507,615738,575324,542167,607286,578674,591825,583792,590162,546870,618236,569813,544725,606689,588858,586000,586604,572381,584520,586529,641812,575643,588907,598474,559929,630924,575842,590224,564560,587755,584257,561454,633795,580440,594296,586880,547494,604084,572589,570007,600186,537414,568803,579851,607227,569098,615246,561461,637747,593497,561805,574383,556752,598609,622145,551238,605961,542415,613272,569468,618738,614977,556980,567595,562783,627031,610595,559278,598319,579974,617170,576486,605967,573245,576172,624270,606457,548540,581343,578859,598519,557219,599538,543963,644783,652519,614137,589923,603900,580868,587903,614766,573702,617120,571579,614860,561665,626789,573145,612649,568341,603408,580762,564780,577868,588828,580172,608315,654534,632400,590220,532136,576250,607088,577944,564555,589795,600066,561900,590894,627504,568170,596733,596149,593795,567315,597837,566812,585518,626951,566730,575899,597513,569440,579054,585348,552617,551552,603575,564200,606759,591688,602340,618420,583103,583159,599546,593170,653588,608708,610972,649974,597205,590799,594056,573501,575723,592459,549738,591275,572818,578741,587271,610322,547998,596764,584930,579261,610268,536514,575786,581287,583197,654117,636883,542914,572626,566494,622401,543174,594497,594977,579267,587046,552968,586333,612860,611400,527808,610868,590747,587790,574168,544518,587054,600491,608716,560587,584081,567146,611879,569905,602575,572376,592049,626782,584909,590004,589717,571767,607019,599608,552538,612598,562395,601278,601840,593724,521497,587442,599063,594455,575374,608764,593657,580419,631715,572360,576426,553781,620733,589014,577401,587891,616400,590020,592562
623401,644200,673109,657469,632849,621768,715562,645376,662758,633205,654977,637159,671635,666833,672668,632382,653573,636641,649648,647636,721537,622313,633013,676210,666401,668706,641804,639787,631445,654924,650673,641898,685005,649542,657244,662233,649752,682283,653097,732634,652554,662134,668419,602723,713583,626965,682286,663179,647899,642020,633983,690730,628521,672635,653927,661724,665743,651226,674159,672278,600420,672315,671077,671798,627109,685807,664818,707629,627468,670033,673435,612917,682106,686994,622283,674111,632759,678151,653462,676165,696084,635678,639030,620947,693383,679374,651353,646617,678601,677467,658974,621549,649003,653818,684739,649662,566631,663570,649939,654961,627927,658021,620243,692045,714218,693412,676425,694850,642426,658664,658051,643437,680002,665318,692421,616599,663674,623067,666800,653492,707340,654136,646993,640517,631373,653208,670858,727803,679779,646009,572386,648835,681073,632931,647798,669983,678656,619966,658645,724302,660435,642351,673309,671284,623920,694399,655599,673489,713261,655311,670296,659482,640126,650307,656344,600064,621637,672544,634487,663582,676971,640274,715454,660661,657396,659189,675147,724111,659573,664823,701433,678968,655686,673914,626812,607676,661492,628655,689815,646830,656658,672150,678637,641012,718816,679961,664476,666620,601312,642260,671620,632427,677060,693835,634711,653531,653362,677366,601928,663224,664115,625563,642097,629842,671323,667833,686736,638105,706374,655712,661965,650151,600145,667369,708370,688797,620293,613688,652427,661394,634801,652329,626283,692278,681769,666591,671617,655203,628548,706832,653631,635431,685093,655804,663988,658064,647077,616585,679920,694474,647990,663214,665678,659531,618231,694297,627126,622300,628161,685479,674625,649816,649775,714332,659671,682136
609258,663120,688435,621949,644835,607586,679911,600354,623359,610972,638675,628385,662380,656567,647547,621595,634841,606131,615755,603232,672026,595847,618389,652016,617354,625907,639991,622107,611048,646229,626220,620165,682826,668703,655766,651911,647120,613865,642538,707081,613089,615639,677971,574303,653400,636340,656529,661317,632366,611895,605650,676512,611294,645547,634051,610876,661095,621428,601343,652086,582803,622943,620160,648128,594948,712151,642134,665080,610623,612038,610968,564567,674231,670114,596616,660284,613316,640029,591489,664539,649638,625060,637092,602951,649946,654123,621075,666712,642790,669450,645234,631108,644520,640542,677245,630360,579890,642354,639130,657148,588158,659610,586807,644534,700502,669104,642710,660399,629478,623016,657185,635252,652979,633657,656928,596017,658543,625784,672559,616653,675941,632646,621025,635200,619368,630601,620660,695739,693646,639951,591674,639618,670602,612902,651506,625168,648304,597285,665956,676398,619541,634914,651967,636669,604614,681864,613904,644597,687855,631741,665403,662168,628112,606893,658925,594773,576869,663400,636580,636987,658858,605871,670922,616706,645069,628847,642127,689707,646326,618620,675503,658502,645558,654820,592629,595811,628251,628560,639486,629173,624290,647287,667143,595979,634053,672337,623686,635083,583589,607012,623419,634285,652300,660672,606128,652463,605185,664077,599003,635886,659511,630602,609706,626538,643255,638656,674609,589743,681785,615330,637991,613342,598730,633696,661166,666976,615501,585010,638402,647125,621670,643612,660501,658110,685512,658408,641609,662484,613676,677274,646014,608761,634733,623676,645024,645688,637462,614950,681298,618050,661454,653529,645750,651902,610643,667353,611163,594019,614284,658288,670180,606972,652056,663992,633365,665911
623602,653046,650514,638934,634784,609020,655934,589169,624105,608897,617014,606839,622943,645644,651017,587127,656701,630722,638013,604024,667554,631727,625717,651404,617555,635463,645358,617595,592061,677708,640561,632287,695486,659008,630180,628097,631030,620761,615477,669040,609401,640304,642040,577443,673276,630986,651118,643957,614425,598165,588573,671311,588304,651576,634174,598597,630590,623984,635120,647176,544157,623796,618423,657645,624869,679526,623041,658456,628092,634789,612937,593922,630455,663438,618436,642725,608192,666494,625210,651279,671689,588523,612303,620204,674670,665446,629019,646015,641258,625942,640266,603534,638410,650095,661721,622485,567270,615022,630058,633713,611358,671524,589597,647840,666226,673593,674007,653174,604802,659444,639742,596970,660533,632117,657786,607567,641255,626912,676766,602978,644173,611831,619982,636863,634558,620984,620074,665778,663327,631973,578927,618126,641810,639484,616092,653843,644382,585249,657189,684941,622151,621143,625498,639440,624206,673608,598530,630889,670737,583630,657420,660072,628501,624018,638297,596735,590806,637360,592325,653821,648979,608235,685864,633044,642282,654508,631767,673899,642424,616883,693124,661610,623534,653011,584636,599379,646426,600392,634974,613767,639907,629272,647106,580204,655548,652048,626050,659964,574893,608017,634519,636602,664875,626194,573964,655810,601697,643420,612000,635093,673990,587499,584133,570132,638934,631421,676417,596271,680374,631036,628876,617413,603590,635666,639638,673308,628746,582915,598218,636211,600180,628277,634429,652995,670920,630640,657925,648690,604317,659618,636272,591610,637478,629811,634194,636319,615546,580023,627527,660571,602677,650746,637278,633560,624637,656889,615215,597225,593264,674438,607869,605885,625384,654828,651403,651194
655641,658543,686415,650349,647176,629163,719736,640212,629506,653308,642618,654166,666991,693992,673943,640778,645282,618746,647418,635522,689711,633989,642367,678378,658351,673238,641077,638912,621134,668356,635282,647256,698065,674627,641143,659709,675876,665027,662341,728919,644218,650997,698560,608189,709746,669151,655178,650242,639311,653180,627605,686448,636937,663997,659458,627038,696177,658163,645142,670355,592528,667059,643465,665876,637471,722791,650080,690513,653349,648599,650188,589695,682762,674152,621567,715298,621368,675664,636926,672862,668103,613342,661550,632387,662572,699068,655775,684589,652365,681205,662311,664611,648162,700221,675958,663450,606226,648305,651478,679283,618022,671596,621611,662966,714699,719246,640847,699585,678027,663333,666224,641950,714411,650014,691925,638995,688041,653898,705300,637697,656871,656807,646747,648390,636357,654446,652164,711159,725716,663926,611010,630043,670484,659277,641090,660432,658789,629160,663034,703898,643933,666855,676483,672431,657734,696078,658414,678198,709488,627253,666500,679149,643298,640655,657514,595812,603824,676874,644649,638940,648491,628668,705414,656156,666839,697210,663900,701117,682290,654775,700070,700801,674138,679459,635300,662633,658231,638100,684511,641938,624740,668276,674237,616370,702725,690928,639331,672954,597723,644120,647961,668960,681313,713240,630920,687501,620753,686836,621715,680894,665024,646214,638085,648577,644991,638662,709600,623940,695210,652682,646817,646980,609024,651435,685669,668664,620156,628934,653777,670556,631802,652028,670835,689786,701929,668320,647684,674751,632002,706151,664459,618476,672647,653673,680311,669049,647247,628970,693536,665729,645992,684984,654428,663215,634788,709460,625327,654048,616696,696510,655826,619510,680324,690279,647411,663296
654935,650180,676318,647861,650386,631352,677007,617640,627473,596980,640273,629511,636195,679856,652357,631251,677145,626144,622669,628572,678698,619041,616927,673809,655767,659302,627144,621009,637215,669025,638949,640292,703444,642907,619844,653606,706679,660186,653887,700600,621739,615416,679376,592694,688174,641192,679698,643800,624816,611033,615053,695440,576588,659442,658850,587874,645636,648019,642480,677349,582329,632519,651065,641323,612719,695910,653242,676130,631950,640625,651188,588885,669559,649127,630171,656519,626419,653080,633479,647507,668996,630418,634531,639748,672483,671748,656005,673780,649320,691883,661059,629512,632061,648146,653803,671297,602971,659924,642024,653777,625153,669585,622002,684238,690774,675298,651356,642423,632846,648574,675716,631707,674515,638845,685062,618884,625915,602581,693226,612812,661138,656280,646336,611844,615452,639979,649119,710366,692944,642275,601997,639809,679421,646476,630352,653235,677885,617744,653197,680673,635637,655124,686343,665123,601191,677232,631145,661716,684091,601078,630139,658999,618098,631999,641169,614384,617905,642435,632329,650172,669924,625066,706928,648954,667011,668225,656728,711380,661246,648678,700109,690579,668740,663208,640837,625868,638246,647232,660131,644597,643774,658156,645324,594309,700922,674132,641448,661445,601052,647536,649744,640993,712749,673637,618042,650852,614217,655532,585085,672491,653836,601250,622166,617504,650607,626741,675702,603441,689540,636083,668893,643190,586586,632809,661920,680811,592005,608734,605364,640569,629880,621035,656052,663655,691658,639736,648285,653070,626646,652768,628856,612640,638729,635468,655335,697905,666698,600804,662246,640742,654109,658095,629675,657690,623870,674585,629212,615235,611272,660782,643560,618999,630004,690965,668712,679063
594871,617067,603338,620708,576872,586552,665783,564741,583134,582360,586849,582295,595159,612570,643067,573064,611300,587969,565707,564726,626146,542410,587905,612521,593355,619399,591768,572731,572412,597834,592306,603699,626967,609180,592210,598838,622754,602874,601599,660583,598975,606631,638583,539235,660589,594340,574322,575336,587077,605464,585032,613370,583751,604205,597584,604654,614229,610445,595901,623455,507694,614080,606122,600314,556411,621656,584739,617677,587149,589727,595530,564490,576689,632908,567925,612367,562154,656744,568962,603166,612645,546145,602415,572438,606529,653517,595373,596758,595528,626161,615899,587400,586676,601541,599267,583846,537306,622404,580998,583026,565278,597367,542013,632271,637462,614092,602763,621175,599115,606718,592078,570684,620118,593215,615219,604980,626766,580629,623871,573219,584939,584504,586842,575055,593892,596148,598484,617511,671810,606724,554548,569381,653114,617061,579313,621913,616144,579086,610765,646652,594359,623659,637217,601025,565552,648602,595737,582351,620401,554193,604200,611452,601507,576664,601705,557382,553311,614905,572869,573932,600741,590218,627350,595064,600807,625540,586355,655339,597654,615328,611421,619196,618428,635289,556578,565900,601144,584885,583241,586693,599562,606043,592923,582979,654910,604348,567918,605120,558830,601118,591067,610399,630940,629161,566200,595134,552231,616542,575532,629447,606000,595318,562055,550922,601336,602478,618030,588551,620385,618633,580334,592020,558647,597214,619972,617925,580438,580727,588695,604281,585928,570697,588063,621223,649332,625465,595156,581659,577231,608724,604791,569721,607352,577080,602555,604519,603776,556893,629761,630780,603265,589183,594774,606903,572362,621978,559302,591707,576392,630588,568556,578430,582166,643262,582357,605931
634410,656027,659642,643403,621548,625359,691912,607122,576236,647870,614933,642272,639575,679785,654786,638988,657507,641065,598722,627271,684098,594077,619364,654701,628449,635964,636293,655205,610124,661540,630578,607880,689738,660954,607350,631145,624005,666270,642793,738463,613383,656380,685433,592280,676911,631753,644218,638037,633486,612750,633597,680087,609706,651981,646707,631549,650697,635898,643544,668349,567162,641254,636258,655242,604128,691826,613583,671908,643306,627331,664758,570750,652160,655664,617323,668785,602052,668347,603302,659034,665576,627104,623607,619604,656906,690177,627321,663207,649311,650844,640441,634615,637835,664482,649984,624015,574473,652809,624013,632318,602630,660658,610889,668223,696706,672265,643354,658762,624868,640411,670108,614642,649882,628059,681513,609602,644288,614038,689152,600396,644071,629021,652656,650874,639253,619854,635232,715553,677744,647552,603883,607294,648600,618785,643422,677832,648731,595601,633682,686896,614671,641331,655741,660796,606683,676778,649294,655871,656937,634464,641590,647856,629404,629629,622497,596580,598787,637662,630993,657897,638314,616742,680449,623497,662550,650904,641802,708879,622816,627265,694461,661165,644744,654014,606140,613911,653067,614834,653005,634348,632480,659553,684030,592528,666548,657086,614885,645704,575688,621706,640102,627439,689145,657142,608887,653638,647406,675838,605098,676016,655227,623052,621728,609628,644212,649654,677775,603038,669086,646407,617504,636744,581640,616975,675316,674982,609801,608476,607378,649436,622637,627009,636489,642383,677395,656171,635834,659287,645892,700022,655310,617308,662140,648669,670318,660685,646735,608816,656404,659447,651682,639548,631031,651079,629800,670412,633230,598159,607128,646784,654379,633624,649949,705442,621599,675846
603275,635005,638826,602252,596895,620034,672120,584547,593962,586285,616864,628504,613806,624504,631407,609454,650266,612642,624613,603814,654430,604519,598654,659746,616286,621712,616553,586305,588341,656018,593120,613030,657641,635133,614391,610711,620393,633664,609346,670322,613193,628054,649305,564093,660252,612218,631959,595801,597221,617880,599930,637258,590772,620140,596400,584548,621936,618482,635505,635589,558409,630552,623825,646968,606786,665552,613624,641032,618049,591500,615279,555398,656081,643558,576036,646635,615156,640356,590191,638258,638693,578829,619325,607662,641773,662211,635818,634219,634009,629284,629970,602041,624895,653309,670140,630709,546918,611668,633191,633377,581917,639155,556656,614569,668523,688722,617564,628312,598946,629248,630723,600928,641555,634688,655621,614231,647800,600159,644238,608677,641045,605496,604025,607964,583009,609601,610922,663939,670736,620282,602369,597485,630494,632381,582554,636297,631706,577284,639154,660885,618604,620305,652127,647699,593002,654042,619658,611682,668084,595665,643735,650573,628108,608620,608609,589221,580852,644338,610252,629303,629028,611363,659697,631207,631891,619944,607982,673178,633155,627068,674739,650385,620045,639206,578788,589764,624343,614707,635337,606561,607529,612885,655370,596309,653822,631867,609582,633570,549434,597148,626813,622727,659446,655368,593988,632490,587887,630311,579146,659464,651653,591242,600263,603251,613282,629246,641943,602547,675929,617210,632912,617916,571605,623114,638173,643717,636324,586201,586780,654690,616687,629026,640883,633167,660058,647595,627380,631205,606178,658557,625058,599099,620111,576871,632287,646913,628704,597974,644154,641046,625898,632255,620429,640943,605708,668335,602578,615741,579955,651041,635830,599125,603926,652264,623470,635328
628257,651761,669110,634500,607000,598325,677083,606541,611169,645092,622443,621325,647831,667950,655371,638872,662897,616448,648565,618764,677946,606479,619476,671295,619229,628714,625106,613236,611543,664948,628229,618494,688746,648432,631742,648894,657600,647477,640486,696323,630061,683949,667263,600229,670466,632408,665320,631745,635800,595642,608062,684808,578905,664460,629489,607502,642660,626172,630835,653489,579993,637379,621872,647564,606382,693998,619622,679982,621430,641454,646456,602368,641139,649126,613362,649311,605420,677527,625277,677081,666601,609956,622924,612039,691503,672371,628812,666000,634285,670817,616273,628958,645769,659487,678701,634792,572240,645563,641931,646058,607363,637785,608525,647398,684635,651763,658778,665882,614818,641511,651001,631695,653218,659642,662891,618347,632747,622008,682567,626958,651056,626728,635628,616571,614940,635856,622667,713045,674678,648770,598423,643488,654294,626881,615793,652689,653386,611080,632033,680649,656695,638444,674647,673372,617742,681535,643395,649330,680998,631516,658235,668961,658144,644004,631983,617180,583875,655314,646899,668517,631946,620310,698922,602617,638255,652868,660628,716402,621412,637859,657596,664891,656468,641467,650881,631011,676313,636867,641506,631909,609489,643464,656063,603171,654638,652934,637823,648128,579239,593087,634681,648784,675739,669211,619025,629968,585884,681567,618349,662424,657335,615657,610951,605794,617766,627851,675443,592906,680049,652775,627101,635744,603847,647685,665155,701143,622908,599027,629208,656751,614984,613854,654109,660437,677251,638985,679457,676774,609100,674427,642327,606691,654023,615794,675840,645972,648839,598418,679680,644357,636215,658460,644236,637828,631535,672194,633681,610427,597390,679197,634400,615562,641064,658489,624757,679140
578114,603555,632375,614739,591922,575978,664830,595309,564986,575978,611732,585047,605627,627383,626520,592735,615322,595658,596940,596023,627827,601909,590295,627554,605482,602432,575830,588018,558795,641553,601190,616923,650569,616912,615174,632104,617340,645011,608343,657630,588437,604090,641234,557118,650163,614156,612413,623731,570806,596789,585013,642857,569509,622289,621931,604907,603171,598866,605687,629281,546894,600667,612675,635572,597980,656178,591647,631116,578895,589019,611634,568049,631491,624683,602576,623031,583826,644749,570675,625510,638792,598847,598489,570936,622356,653376,598253,604798,613156,636780,580273,596606,605744,604498,615080,634867,559010,595513,613024,627155,561418,632321,564845,616442,664648,647717,592594,634923,611665,611972,622124,605712,670516,599823,645270,592293,616810,594528,665165,600368,607050,609007,612249,597340,606353,595522,635871,686093,634586,624315,558941,583198,608104,603126,583395,604363,620657,556697,618477,657490,595795,596258,622850,638549,611822,658136,618013,614048,649485,578324,625202,597368,588852,601230,592438,574851,571514,620760,578216,617188,595928,576997,644118,614271,614624,621831,622785,678132,631319,610564,637461,636906,626658,609306,580691,564741,584861,580458,611486,603779,625578,619466,643254,557618,638210,622863,591141,626876,567357,574939,626021,613817,625034,637364,540301,619826,589404,624489,565744,633286,659295,579823,581335,595480,589335,610514,660677,586383,633093,619919,569166,625371,546581,596661,624098,632706,590549,571758,579882,630047,597792,599847,639662,619635,633520,616061,590784,613976,604157,661139,597739,562913,632765,573795,623269,640376,611507,570699,634002,622396,618167,627980,612318,601214,589948,629116,608054,616893,562057,647692,605467,607758,612940,651851,625934,619130
576166,602462,624857,618239,579098,583849,620414,559621,564541,571635,598739,562144,602561,617906,610457,583359,614143,566864,583515,553776,621218,579411,583842,619579,587240,601688,582436,594995,559307,606402,584304,600859,630625,605749,583722,607377,612986,605412,566809,642849,590644,589366,645365,538365,616114,595408,628588,599160,567315,571761,577975,629676,561821,607429,578291,571678,614834,591902,575933,614536,539228,603302,589087,615015,583741,658035,590587,627490,583825,588956,588027,570927,622405,607546,564222,606036,563739,629056,589735,623487,644961,573934,588593,565351,619751,645428,571939,611432,598584,620927,576121,577418,604446,618264,631107,604460,560640,596072,595173,584459,545334,602618,566677,609127,649552,628594,579610,631784,591790,621005,589804,572496,627530,562997,633494,545605,630395,575484,648532,589869,632468,606336,572575,605495,597808,598120,586709,654683,638680,601073,558223,554724,606275,568888,596627,600041,614700,550003,624889,624494,586059,579952,610932,618041,565965,654221,584009,616041,632136,589136,587616,644876,587373,606270,592056,557602,575280,607513,627081,597138,605312,578968,659646,578385,588983,610210,610781,608451,595407,581830,671663,625515,607420,619616,567770,606857,588619,584039,600105,579436,599245,590931,609768,540528,625229,624506,585956,623338,531991,568080,590672,603697,632645,615216,548435,599832,597514,614481,569696,596577,628261,572737,559109,563103,605168,585359,616534,565820,650783,596501,598901,578205,561264,575918,607582,611803,570858,574927,592468,596384,577095,613650,570882,625601,622924,595337,580863,606595,583624,646292,599645,583707,597178,616324,605888,622004,608966,579916,601500,603228,588349,608928,625708,609880,556882,635831,590358,577109,581015,627329,612525,581957,590651,646157,608474,609848
586644,582324,629072,606675,584761,580231,639799,596662,591341,566067,588238,573888,584803,607817,620355,599491,613050,608209,586219,572716,612815,581586,591646,626133,588853,590389,608659,599012,555947,604391,601553,590032,646889,614448,619209,593083,635537,596004,582643,622805,578250,614530,602025,549590,656244,624126,614918,610443,580705,593370,573048,630951,570435,579652,619431,577136,604658,587286,572969,625772,523489,584336,604627,610115,579709,646196,563510,626609,597595,600364,612955,558061,582064,624164,557708,639589,551926,625099,612206,624424,615451,583038,610006,562271,616511,618581,616244,591164,619978,613677,584512,591011,585521,584963,627118,608048,543796,602436,604968,611165,561433,619764,563866,635576,635514,639143,613182,617248,603568,585244,612513,568006,622583,584915,615897,572912,610602,573271,649635,573313,621100,588525,600398,589212,612479,595943,600406,662497,650404,620573,543781,589650,619113,593102,571734,634119,596316,576778,608124,665069,579489,590302,599047,615577,586203,623533,597032,597767,622231,559615,601288,619452,585358,591031,614539,569709,556656,601880,570987,599136,600523,598796,646876,586565,593403,611743,597707,656694,621462,613788,630594,628513,585426,633686,570752,614403,602666,575394,615822,601029,613902,604509,583350,541176,629999,601977,582693,621442,538798,578808,598090,585101,635800,630491,559791,633430,547531,588668,566123,616286,630416,570220,566790,594980,580964,582015,633450,573196,639334,612479,568799,623946,570968,589810,623522,623207,583326,554388,581023,604432,578082,600406,596803,623566,622163,595191,604101,605263,557595,618766,602582,571967,618814,588301,606439,624749,598236,557487,620369,591319,589973,610473,616823,620151,599649,646049,574021,580309,528850,630912,619762,586615,608656,618905,612011,618505
640400,644647,679056,637610,612156,608920,677354,618975,609874,624784,632624,598117,634103,655494,650354,634328,652746,642065,606730,617671,676712,610304,607444,666976,621905,651919,630017,630320,617920,668869,625944,609220,688813,626327,645170,640146,642030,658724,633535,685081,622159,629064,660487,584554,671727,642671,678786,642941,600287,602256,591786,671940,603636,648931,649174,613142,612585,621482,649980,638968,588300,653674,610657,675380,633516,701891,603451,676429,630822,635839,633119,589844,644741,635426,625012,640769,607520,670754,626165,664207,658086,613051,652653,601646,648307,675045,622898,659565,647053,651134,628846,633820,636376,656777,675085,651539,594698,628130,641550,626265,592659,668315,589967,675589,705369,670787,637597,684575,615541,642031,639170,640518,676308,647654,666994,605386,649128,614312,669522,614216,651468,642526,631896,642219,609891,619697,633168,680636,649974,633109,606410,605335,670451,649074,643328,627232,654577,593373,649312,681610,649150,627092,632580,654103,619956,656764,609687,647795,666069,623297,658246,669585,631047,606291,634241,611291,599168,639003,647898,660293,627154,616649,685627,611063,618849,647265,634667,708025,642126,630720,696227,655443,623352,640488,636311,622252,630094,625577,642574,628460,626874,658569,652347,586378,658742,675535,639467,630573,583824,616081,656365,675194,675723,677792,601797,644614,623895,653447,586509,657773,667325,613226,611088,596023,650589,642128,679799,595400,675053,639880,645449,623580,602423,616049,657285,672524,604509,595130,595845,620350,607341,625935,615750,665084,665400,629050,644870,654385,638406,678500,640488,617553,628315,631183,622193,667275,625180,590584,640160,674733,633684,635504,627510,650309,619481,664746,624384,654343,618764,682827,653956,645387,642857,676331,643315,657070
618396,629605,653489,614646,605754,570209,669286,584974,586808,580262,625028,611973,619046,643390,618849,594200,646757,598199,607978,598448,652325,564543,607678,614235,633316,624958,601320,604269,593984,608552,606641,592092,674544,618081,616547,592137,599880,613707,624409,683103,622813,603838,623084,578245,657444,593411,644564,608257,610718,563665,597400,630447,573225,612864,617257,575881,633882,628670,631323,632460,522395,618584,594534,618881,601639,640326,605004,629013,610695,602138,631281,559036,609145,638989,596689,627203,601290,637990,597548,652923,631455,600502,605816,617926,631752,637823,611955,643097,654919,639979,628723,599046,634117,620569,632578,596975,561122,616638,603361,619881,559709,620662,563474,658918,695445,638750,608119,640372,617307,623625,632153,593574,643749,596694,646577,573375,658008,593621,665068,610257,659511,583312,621887,584474,612506,613574,631708,668550,641842,602344,563781,592551,651347,606166,614413,607208,623670,572009,634179,647691,609018,606648,626847,629704,572384,649980,592591,614644,652075,584730,614678,642017,602085,600465,610101,602708,551049,622667,610415,589738,636695,598848,677363,561673,632351,620372,611561,665175,608279,594209,664032,628248,612814,617952,572963,599324,604635,596135,629544,591643,628459,596415,639292,577754,648002,619276,590113,635312,536811,569543,620740,614175,663044,658884,619452,582263,592480,632782,574277,622663,637777,581233,578437,569282,618592,600988,635574,587047,631036,595580,596372,610830,583332,625992,605979,621528,602890,585014,592030,636291,590496,581623,610599,653825,663524,608187,619849,633842,583209,634953,621234,582076,605911,586396,634019,606342,601083,575076,621269,642375,593388,610850,582724,620789,582909,626932,610823,596148,596972,663975,625422,599186,605270,619190,629532,651828
598801,625889,622593,610796,598437,556696,665246,569978,597719,601668,574814,609784,629693,635664,610554,615236,626565,604463,592495,584791,649977,548088,599418,635254,634044,630619,613720,600878,571600,649745,615493,612557,670821,622218,583218,627425,624812,633248,589631,630299,586733,622903,643839,546349,643650,621841,648042,609080,603844,590437,593414,661013,575864,611542,602923,591278,641082,620886,609340,623664,547414,623864,597469,614170,620691,656203,587470,661306,602880,608491,605495,562271,600330,617438,585434,638969,606371,621453,603200,664470,623173,602036,601895,600022,643190,666824,619665,623044,597877,625420,615938,608646,585129,612988,629974,609609,540403,615331,602719,626639,597363,595496,570822,625588,656114,655935,612933,641580,613307,625538,618511,585115,645758,626641,630141,593332,614866,590355,652749,595088,607568,612180,594257,591889,592677,618308,599115,659516,634307,596969,556506,614713,617284,607302,600583,608910,603339,581230,636106,683836,590208,587153,623036,617864,584712,648036,619204,622164,665830,602593,625211,642624,633795,586170,600732,576582,563757,632045,610174,631640,610539,584362,639616,593381,638012,622830,609435,689901,587760,627695,650958,629472,629220,608209,585875,599997,623209,598800,622266,606674,623426,628595,624662,565250,656273,654859,621372,642922,558133,568782,649161,622885,656084,640513,587909,620576,573468,606049,572131,621834,641274,587516,578438,593998,631319,597181,650666,581968,651357,635529,609680,578638,558468,611155,662200,648508,597576,576807,604876,628012,585463,588524,628485,643120,663190,599234,620893,626937,599462,655228,616344,603172,639383,616149,639943,617466,628633,589480,655476,660445,603481,593000,618348,608249,601681,641792,604154,588369,593092,647275,636843,597175,614217,673160,626627,665166
572014,592543,618840,611263,580109,569100,653678,573712,562191,572244,570856,573928,599055,607533,601530,577914,609033,570350,576353,580389,602090,553756,560939,602414,590017,571299,556141,563455,584154,588933,557458,549072,632378,598003,569669,616809,599730,607806,579897,609282,568535,561861,605481,540882,637013,589054,617341,612270,588912,588572,579101,609491,549595,599302,578188,550655,597189,580590,586304,587285,545479,580870,607699,602190,574140,639185,586481,607081,588144,575718,577920,555600,579209,583126,545896,610108,563571,611501,587173,613265,596404,594305,567301,553338,604311,615563,579607,587408,610841,595351,588023,578417,575816,592311,622658,591611,515661,584492,604019,594852,545250,600148,541482,568444,633575,632949,582606,625107,607864,559265,584430,549956,619599,588111,591054,572372,585641,566611,612682,570127,612799,592349,599214,560318,570481,571173,580173,647673,618236,584728,526327,560506,613671,580672,574280,550893,603116,546840,604898,617079,573739,538416,592153,612853,548943,613945,588505,608915,605123,569076,585587,594694,566831,536970,598056,542808,544792,599151,577419,639934,583937,566441,631453,562162,579642,591865,624018,664030,604142,587286,639458,607267,574268,582325,563150,578583,586831,571574,615829,576317,561944,611770,593838,549610,614287,629632,603167,573650,553534,578237,617491,562272,616201,623076,558645,586294,566761,626925,545132,580094,615931,566672,553688,574660,579322,573771,599375,577719,646308,579497,588637,583775,561289,597921,612041,609099,562776,546827,570146,588297,583673,553579,599342,600079,604728,595658,585329,600016,557281,625859,594738,555920,600651,554745,598330,604557,596279,544266,612096,598464,596720,620854,579008,587088,575974,618598,587013,571673,568179,618661,607115,573917,582036,619419,601403,605309
657927,666767,674807,648262,640383,609928,698949,621875,625131,594797,662107,608015,646017,655598,655766,633371,654082,620691,615589,621408,680269,612445,623522,659190,631634,664857,617720,648387,625338,671841,624211,651844,699349,659308,635658,667329,663720,668865,652810,680608,610955,642593,671710,589501,666896,627043,673940,650934,641568,634395,621216,669528,621165,642872,626920,605441,671740,651402,658660,687953,580830,624592,654397,669872,633344,685058,646884,664792,638273,621689,653631,603324,671130,665617,614124,657190,638043,679939,626443,684752,667754,625077,632999,643594,660499,679595,653843,660227,667937,673011,647667,622977,649864,658973,657430,648221,590899,655776,645915,632728,599122,644394,589985,661210,701505,684954,658842,668112,633359,661071,659431,617652,674531,637817,657530,621533,663843,616121,696444,633657,660483,650267,655889,611776,652313,646502,632818,716222,669640,617146,603660,635740,667565,618980,636191,653660,656044,619625,651574,710357,627791,634158,656000,685121,600416,666039,618671,672881,679911,631971,636816,679860,655495,640227,651194,605289,584023,654914,642587,627847,647945,632377,685755,628283,633612,652906,657268,717676,646237,662467,686616,668802,645007,656652,612349,616232,643751,621958,642937,639304,634325,661049,641678,602539,675814,655142,637075,659977,574933,612320,664326,653615,678348,688326,641568,645336,593677,649461,597392,660179,661722,621268,603485,613423,645605,653819,658674,613960,691156,641556,636147,616830,614586,640257,652393,664856,641005,579420,613639,651790,616841,609681,646480,667216,700519,646938,643321,662735,617462,664872,646009,624272,654134,635557,659271,652195,642954,607792,661899,694479,661347,665846,641529,654612,631989,683578,628537,622736,643812,699670,650651,648200,636912,688663,651980,665117
607879,644506,667000,650027,599598,610359,666865,600051,579630,623157,620464,630234,632671,640149,641907,620701,643832,622354,625715,645854,653715,589822,617165,655239,634138,628310,613128,620363,609670,669820,637284,620515,685559,646316,636417,646299,630405,628690,620685,661239,617630,629819,657250,569170,683354,649860,663509,639762,605494,598508,588490,653626,604998,639117,645234,603306,659826,621702,635986,663155,564596,627335,644266,629628,639952,690432,633374,655682,631635,609831,633619,577278,636973,664208,617890,663936,618734,645843,625719,668440,667551,621696,631731,624573,676837,669166,645157,639904,656280,635901,628443,627961,615836,647280,660688,626094,558132,627871,648625,653598,587435,662279,588420,639780,728706,687392,615937,670627,630884,637276,643166,609017,640665,632039,642926,611832,653869,609160,670293,633608,644943,641197,625426,606019,595840,640852,639315,698553,667197,640036,600247,616428,634061,621875,623502,637700,652914,592873,611148,692060,633448,610610,649367,647848,612680,654437,627198,644803,645873,614646,648408,660322,625210,612325,634275,593578,612878,647210,628876,640756,622777,604759,689908,647136,644822,656298,645676,696190,649908,633561,670018,676966,655374,653407,602388,617108,632128,610131,659666,625384,599179,647241,663460,589389,668733,638336,615182,673011,565926,589936,634782,645328,667843,645178,597421,617274,589480,664183,592620,625680,650924,613939,607930,595351,615758,635392,667915,586313,688198,640263,631635,588120,597200,621307,658206,658829,613608,592285,634199,640370,603091,646750,613400,663512,682130,641162,631557,635853,584209,655844,652975,612291,644084,611931,620059,663000,622048,579705,659933,649642,621697,621369,666161,656766,611527,666298,613487,624398,597027,688749,633004,623715,624210,686441,604016,656516
625502,635496,678875,624054,591298,598070,678586,610418,622198,631144,611095,613325,616236,637314,631774,620877,647901,601760,637000,627227,638172,601492,627712,644972,615041,622844,617997,621847,587694,640473,623401,616252,649110,641147,638622,635649,647562,634736,609086,670963,614708,646647,643383,580930,671936,626701,637463,609888,614337,615516,599126,636716,609232,624744,637432,615606,636254,650413,624132,641536,568020,627539,633052,660399,598294,676682,628993,656709,626221,598389,625103,577784,638357,648401,605152,653022,582672,655058,624803,677330,644116,598610,618801,596766,638964,651005,630154,651500,611819,630499,632626,622892,635177,653999,659169,620396,559519,606277,620387,638353,593724,635290,566299,659024,680648,655539,641224,651736,628369,612480,640631,599578,670016,620661,664334,600662,638694,614492,654138,623136,664118,599903,633239,614234,628024,598626,608201,671693,671246,630582,596728,622663,638669,612895,612885,625039,634215,590539,649985,685248,640068,612004,654124,659122,598744,649876,611255,636536,669256,607384,645062,676209,612292,615731,632954,584104,588036,636397,620503,635930,632304,624684,655936,609404,631333,630864,639345,713496,633143,623411,670268,669899,639523,649868,606878,613621,610477,631071,649801,619645,609393,648681,632795,608503,645635,629087,603356,644769,551916,608123,610908,617511,673337,658396,599734,667123,594329,672463,583605,642729,625458,587622,571633,590047,614858,645026,641838,597605,655798,635445,622856,626859,593064,633201,678810,639952,618544,602359,610744,635887,591233,621572,617628,655789,650366,617359,624174,631097,570426,643278,639403,616775,664067,609117,635104,621114,636671,590527,641133,630752,630568,655856,637540,626611,619652,643750,603422,619988,586252,647459,631455,614807,643038,666016,637755,653819
570924,584598,609621,576520,550330,561912,620052,590064,556492,584668,586049,565253,578507,614542,591246,571934,582874,574052,590371,549614,590090,533662,556706,597376,569433,591951,557113,581623,545659,601171,584503,551017,615247,600351,568739,584314,587789,606502,575077,639773,558298,584903,623347,513789,607070,589313,580408,566040,581026,551936,560174,622300,553888,574564,593862,542369,578077,571527,542812,590376,515402,560018,553296,607342,548822,625459,558970,584764,577121,578767,578155,562048,593869,599805,564347,607525,516428,599829,558039,612287,584148,552007,547992,527945,610486,634950,560977,591841,586213,596498,588073,560877,583378,604211,605245,605861,540836,571993,576430,576802,529966,592089,551573,601691,607682,600161,586158,617060,584551,585682,588335,573655,589382,569862,612667,566090,601356,578814,608705,553879,591339,566131,577414,593841,568777,558981,584536,614201,616665,582570,542394,541374,580900,579934,586937,570643,583659,545951,590452,639383,571113,570737,598319,585049,550915,611300,556829,586950,629467,565977,588217,601722,592009,573895,562355,547144,535547,584756,578134,587989,587436,554956,604623,581543,587250,593643,587066,611554,572562,580287,598406,613539,602446,575672,570167,571111,596765,573691,589889,576251,560752,581237,598610,544550,598936,596754,568220,602165,519260,569309,592615,601999,608767,627785,564281,600049,545427,600795,544805,588575,598222,551221,559360,527787,572312,577040,628205,542045,620355,601936,570327,583155,539832,539648,600370,623612,560486,575524,551772,592552,564928,589009,578467,595822,615019,579875,569591,604155,563095,592557,574552,552087,590799,555959,582250,576274,589325,536041,577034,601302,575834,582411,579222,577739,558199,603033,593017,578041,557572,605291,602151,564736,578263,635926,583865,581771
572132,593473,613370,571738,560468,552676,625332,557886,587355,548999,550938,564257,586195,595822,546995,542284,597638,567720,559075,560027,614835,577596,584052,602741,571587,571662,577393,542096,553313,606967,571587,579319,624556,560238,552179,576638,580043,595920,555242,626464,563352,565893,599262,518338,615541,558440,610961,559587,550126,571355,536616,590407,550036,594903,559801,542035,578166,576923,594497,580470,546838,589028,572412,591549,553759,615893,580684,610851,562286,557170,562956,540062,586160,614460,564776,588450,558347,613466,553917,600911,606203,547621,568641,546727,617616,608867,576168,598627,583340,614804,558352,570418,575087,590310,610789,561243,524858,557691,582125,574936,561866,577049,535663,600940,644788,600125,560323,619500,580006,584537,554475,534343,613290,570494,606739,549274,596594,549780,610965,571711,591667,559745,571431,558645,556767,576380,571218,619885,621572,573059,540154,524598,607708,583755,543532,570410,582900,523854,599086,615287,586313,603153,607850,585923,535480,614638,556562,597612,596568,557747,595501,630631,597134,566625,582450,523577,538154,611902,582441,575539,580105,563344,603300,575803,534264,591401,567402,620985,586127,578664,626513,611994,590545,599728,572895,571454,579811,563516,575383,574419,555799,569363,587959,523054,593140,592254,582611,588211,519293,553250,569712,593315,612194,609691,538223,581839,578637,573676,544708,610836,608857,538772,566032,526910,575136,584433,590630,564361,606921,591127,565064,551109,543716,561049,580889,599177,574497,557495,556114,590235,545243,552161,578030,585833,629681,580200,594795,598886,557216,599205,570275,554083,607023,568143,591431,584555,597390,553467,591146,601645,558619,593346,605630,561201,549231,607184,579896,563282,569148,603663,592590,560997,572004,606289,567513,589752
621348,636452,667878,613851,587347,596069,676992,593757,594343,611334,603372,614117,618056,648282,624025,621638,618749,616811,620426,614722,656233,606943,619344,629212,641503,636014,618997,610273,601601,653832,608803,599869,671274,632225,601755,620246,646692,661560,631387,672150,607703,624576,619212,547564,635576,618529,659117,625818,621764,614765,578279,640080,601747,662417,613975,584821,608432,628324,595628,647132,575574,619244,606361,653690,606125,662273,586340,635214,609819,599955,610334,592056,633069,660282,580328,659348,587074,638104,610617,657263,659451,591795,618389,577593,636733,651069,604608,623520,612992,644051,598739,605518,611922,611124,643785,630457,562863,615533,614854,642634,595249,611625,600809,649744,692087,647916,621354,652182,610919,597061,604389,586088,669200,612340,665690,609955,625412,606537,671978,617142,627652,622199,595520,622284,613628,615365,633020,676350,634227,611280,585264,591328,653919,609187,594819,615351,624711,576100,642097,662930,625243,625156,629462,635508,606772,659234,607650,644322,650942,614762,646354,639412,617189,596723,618364,583625,587931,615596,619071,628566,601164,594764,676314,614400,626160,641291,632215,673834,622748,609540,664585,651972,647759,617539,608771,609031,614438,614397,629034,592993,609797,633203,639306,557484,656748,643075,614684,609364,562307,593445,617476,652996,656828,651588,585404,650243,591042,639698,566514,622549,638216,588739,576754,583303,617362,610919,641047,594022,663740,633766,619367,616174,597365,614564,632268,640830,596192,577778,604098,603008,593975,614470,615721,628359,644617,631233,630588,643665,608651,648815,613849,573980,634616,600139,641127,640520,618888,566505,654707,653546,623034,639643,639085,617443,598933,660009,605890,592922,596288,670866,604770,620747,616504,677284,616230,642540
638553,671890,681784,655848,670237,642237,703706,612719,613181,629705,626803,643766,670446,683117,682927,650093,653239,629233,631962,652178,685866,609608,641906,668987,631010,647570,661769,646917,617787,660665,638211,631252,684436,662626,667574,633637,675842,642543,624134,698693,651834,641989,674729,608686,700369,644188,683890,653437,643255,635163,628588,681611,587862,680436,674385,620056,659797,645520,652281,666986,601911,649799,644258,662924,626678,702846,640393,679217,644796,638284,667523,582763,638843,681919,588314,669618,639290,693609,642135,674237,671975,635126,650011,644551,675573,651356,648119,660022,670078,691083,648814,647588,644399,646354,699292,644324,593894,662329,667291,658838,614383,677031,628198,687140,729345,682488,632809,685078,638119,651245,689474,613306,689944,641072,702321,631899,682878,620280,696844,620492,673736,629690,641573,620882,644310,636012,630854,713179,692919,675391,598022,626271,674556,658998,632712,683522,655935,609357,679841,683692,655364,615337,651347,678913,640109,648191,650662,662559,677676,640596,649025,682917,627631,613894,659662,608896,608345,664604,647869,693397,634918,638285,690777,660298,660449,666439,657874,728550,663664,642478,675108,683102,658184,639653,609283,643953,638238,632020,660379,640787,666896,662036,680111,599947,699294,673615,646427,661122,591950,617805,686915,639758,697358,661236,630305,665844,625826,667059,610667,664843,664818,630330,613024,633519,641263,669811,683349,607919,704124,654840,634927,641038,620645,662704,665320,683717,631545,612256,617551,649414,624244,639903,653871,669612,683104,670189,666696,659466,622402,710373,642418,628901,682855,628875,654410,679973,668024,616937,673917,660830,643722,649130,658576,651547,630509,679880,641460,643314,634622,667380,685032,632356,652410,684239,662369,667899
602660,633157,653520,636217,637668,611555,676062,603174,612948,602229,590704,608154,625256,655544,625910,624681,639239,603200,604230,614229,655248,613088,618701,635089,643349,617342,609702,623730,576854,666250,635524,594704,679984,629933,643004,629290,652270,629819,622611,679700,609631,639764,654202,576130,653319,646402,641790,623448,610634,591992,588143,665891,595695,629567,621767,608912,627745,620435,593449,633394,565434,631281,622744,640669,576456,701676,640215,668565,624477,617537,612404,610935,644737,652376,595437,643822,605821,672308,640605,641702,686444,598781,614945,583350,689218,686624,634447,649237,626835,656218,636714,613292,604146,629986,682657,651799,581037,610532,604216,623487,595195,643711,605363,643723,687720,675013,634911,649301,611371,643141,652654,632556,664797,629092,654956,623363,645047,603695,651649,599034,646689,619089,635605,608713,637031,630101,626765,714630,659161,634626,572453,614817,641926,617141,610223,630626,648738,592495,637171,689941,625734,639325,632288,653160,598190,647631,620039,638790,681274,583706,649846,655650,625380,630870,646417,578235,587605,627450,609958,637416,651389,628673,679604,625643,628123,654122,617863,663940,631305,622142,664214,663434,641946,647481,599041,615510,625790,609672,665662,644694,616994,640369,652251,585463,658239,662862,622555,636029,592948,641848,636180,641651,670641,658957,583103,666187,607758,661639,593548,639890,653600,583543,616041,613812,609122,623216,667079,587271,675548,645292,613753,635032,593822,625216,656746,668894,589278,593931,607208,618060,599135,604165,619511,639505,661064,635261,654948,630262,615503,675187,632284,575340,651260,623790,649982,641893,638077,561148,667248,650421,625507,624999,649200,643541,607555,656655,614905,617971,592092,641883,623025,604355,621102,641673,649109,639992
663086,635829,661556,644296,627860,635509,685161,611838,663624,622699,641706,635182,635729,663554,659871,616387,673407,639746,678731,644725,694079,627619,622224,627966,647598,658374,654201,641130,608174,655830,639163,638653,715162,683708,643142,665742,655425,685631,622890,696197,643396,639079,663644,584893,708826,675579,682341,648694,626722,644099,617705,686174,626052,661323,638880,647276,622277,652283,659595,657913,584758,661049,644464,671282,612004,700002,639778,669863,625468,645565,671868,609695,667719,705023,624504,684323,604084,671685,633584,676856,675201,592265,657267,634260,694732,715241,665548,654041,680065,650555,650213,639025,630679,684707,675665,657094,564463,655042,632991,638401,626116,672637,591910,671766,694870,695792,644323,678559,638185,672179,674592,626989,691881,639833,676618,622858,683692,638625,670284,643262,652041,636650,626121,631813,639536,630856,640452,703242,710857,652541,608872,604634,663140,631264,607778,646084,656840,623807,666754,686666,660744,640975,664421,673572,653498,670319,636684,660700,675754,611026,644993,693046,640587,646273,664293,594378,623525,643014,605944,654086,627019,611816,712240,658805,652307,636467,685363,696020,646152,654899,674518,673620,639006,650474,641378,626709,641783,632768,668566,659289,643683,664340,665276,603397,677097,659799,658673,665377,601388,633743,675536,667121,675919,681527,596572,668541,611112,663819,616188,664312,672104,626078,617211,626502,667360,645676,665694,647878,714377,629422,653326,650140,619221,635292,673945,656185,636192,625035,613957,650858,624172,630022,679050,686065,704766,663265,639276,635858,631051,698560,633460,627446,637149,648661,638804,675161,638530,601752,680451,686226,650547,675586,671439,654081,645958,682291,625694,627804,596743,696127,647176,630253,637771,696550,672782,665292
648077,661269,694369,656946,626400,632829,716680,622814,639559,643245,664743,659384,674712,647742,700267,644869,662699,638960,660493,622754,666334,612526,659253,702051,665261,672914,663625,663444,617115,671922,640489,661766,688006,680947,651395,669520,665465,679496,653692,719519,631484,661427,675129,577652,708976,647763,689880,641183,651799,653426,619867,692728,619337,665635,663064,640893,677666,647668,636569,664783,575613,658952,647129,687431,642892,707913,648075,700749,643758,659120,660682,630527,663063,684439,597722,695494,638705,679600,641685,677312,673873,634485,657067,635790,705891,701705,628645,668411,645534,658083,634714,632122,661774,677598,691167,660497,598923,680504,659801,665728,638703,677334,635808,672891,716445,677135,654565,691994,656722,663807,670870,615004,687417,653420,660198,608869,674253,666897,691885,636036,688837,652968,643951,647260,665951,677069,654572,717157,696811,650809,628556,621902,681001,639951,641234,668300,675058,631581,680166,695803,660393,669321,681247,681882,637860,698181,663793,666123,685278,657249,667787,675932,667191,618299,638419,607905,589091,658600,656023,673562,657130,622711,702291,671256,667271,662874,675542,717304,651097,638964,704410,680353,650216,669114,634630,661397,658594,641022,670650,622581,635559,655656,669769,612256,696626,681396,650645,653923,582486,643466,689908,663690,677180,683834,628117,687305,634792,657414,636154,665945,691421,626907,637024,640061,652825,658895,673871,632752,721128,673383,660486,643451,620035,657731,678290,667184,627503,622538,656982,653301,625873,657234,654959,669072,704178,665632,660046,662205,636879,703725,655684,642184,659792,664404,652760,665653,654776,617426,650400,688008,660787,673830,652460,657847,653073,703092,652917,627885,656310,692937,691138,628211,661058,709320,655083,693454
531486,563982,577781,563404,535589,517270,576950,547798,528463,541576,548833,532370,557467,559579,580543,531302,566491,562724,536315,528690,574783,553724,546453,570448,553164,537687,581186,531776,545598,605671,555722,541228,591237,551162,547191,579263,579133,562780,535749,586396,551026,572071,575111,497209,612669,573354,579318,537337,533876,541221,514283,586468,524501,556868,559291,546138,559556,569521,553871,564208,500023,541640,565138,589563,525670,603124,556196,579602,552451,551000,556813,507562,570688,584996,536831,588542,523820,603273,548996,580819,577125,523848,537680,524722,572333,608813,563110,571787,577431,577459,548837,559381,560838,559375,584188,564855,507860,559657,561927,542021,528592,555411,527670,569341,589618,580235,580600,599951,542990,556869,560232,508444,612175,561899,559314,531382,542124,551583,594466,541120,571916,538281,560423,533746,544137,567805,558842,625762,608016,557004,528557,541019,573575,565362,528291,568654,585404,515654,566769,605129,542540,562889,590544,595588,529254,601578,532923,570031,577775,556105,579621,587881,564596,532871,578307,531686,527570,578237,537686,593743,549248,565110,593141,562350,554886,592502,563616,613138,534735,545135,597032,576549,552314,580163,543232,559241,573393,550031,573948,558455,529637,597409,553585,511018,581921,599721,544579,576447,500375,538328,570722,556658,595230,563942,526752,589339,548524,570636,537422,567530,577486,543661,524260,514499,541827,568385,601143,508557,621689,567708,562001,537743,519006,580968,583949,554623,527122,533834,539082,523581,515373,534028,553265,587611,595624,549394,583802,563150,561660,586792,558999,541794,555513,540332,571838,602071,564122,521583,579011,588217,588796,555175,559611,551806,549583,591722,542715,535735,517614,605431,552349,552041,558695,609512,564669,600965
640355,620400,672687,631431,621924,623275,674628,613583,624074,601348,630902,637767,644931,659212,667725,630838,634801,621158,618481,623534,689268,616549,641412,651197,622691,643396,625375,637836,619577,671124,617294,649518,692828,664780,627179,641075,664579,660755,639871,680338,626992,634573,667415,573747,690920,642352,692756,654616,631029,613259,590824,670846,599856,657746,645370,635682,637437,611572,614522,660159,591965,633636,649844,687769,626414,697905,639083,678219,619877,638937,642742,581944,640580,684096,596544,686294,629044,660936,621752,658505,654294,604055,617347,625627,661642,675390,626349,640791,645106,645835,617305,656206,640462,661573,654870,652895,586001,629209,627071,650899,589072,685464,611158,640295,703085,663592,641831,684201,628001,622894,669363,582331,678484,657638,674775,604947,663446,617745,667395,621076,647243,633316,622334,607974,616219,631068,638609,702234,667465,636554,612985,599417,655389,644735,608417,645406,664797,587931,660726,687089,624056,651717,656617,646869,628491,679207,619675,635204,672929,631393,646942,669416,602151,621593,631805,577178,593009,620654,614401,653571,645254,590842,688727,624534,632384,635626,652725,703442,617936,668652,693441,655228,642371,647245,631805,629933,633945,626541,643076,626477,638837,648373,648546,579693,653413,684323,638121,633732,574701,624545,645057,656256,671075,652464,625478,650763,618294,639190,607247,662002,678073,612993,598380,599117,640609,633884,655583,603818,701007,625696,652252,629837,619640,634325,637033,662311,606668,617761,621293,635184,623728,632897,638081,652562,691649,655657,659853,660615,608997,662893,608932,621312,627570,621824,643498,665542,658686,612830,649405,661053,639302,673076,639234,653725,606525,671654,634027,618513,611198,706292,646224,621010,617734,685019,612884,656661
623919,629955,674008,653402,605257,620463,646808,613558,657414,611250,628271,604376,633753,637971,657461,619833,642348,646086,621170,611970,678634,626971,628753,652407,639780,631019,612908,632570,620339,662671,630129,629377,701264,643125,627688,622388,653701,654677,634595,673647,607845,624772,675231,574806,651453,637668,662065,636074,644918,640336,600301,659857,605397,642625,637912,634517,637959,665764,660126,644702,565923,623908,649902,661243,619121,689133,651244,667005,630635,619283,622930,590296,645248,657268,594810,663547,598097,676025,632329,675278,669471,615508,622241,604633,673171,663487,614313,644251,658676,650030,635109,614810,632131,641662,664097,636662,589862,635131,643625,629758,599092,670843,587240,645856,667603,660521,648392,671543,621619,652172,645338,592071,673937,618630,658009,613236,636621,624801,678961,633888,681178,627310,658831,604729,632815,630765,630458,704668,692706,629584,589345,590377,663944,633276,645181,655069,649847,599606,650893,675056,623192,612380,628321,663339,599735,674763,614496,652411,658823,609427,672980,657511,632413,631658,644182,622034,613492,624276,622971,655496,648363,626010,703085,620697,632995,667154,645196,693270,625972,652265,687342,659756,645661,646272,620460,614288,625023,615531,660110,626788,620730,642335,632689,588511,680702,678251,628871,639004,577195,613115,628463,640749,658179,667229,609368,656001,618298,654594,608836,652999,647921,626402,606390,615216,612289,627515,662971,596335,708377,635218,636663,618732,592709,640340,655233,662215,618769,583969,621375,628104,615620,620214,646650,679733,663470,668231,639909,650990,599264,670118,636269,608310,658114,640984,637497,657623,627720,607738,661960,664740,646313,658962,658679,624815,627586,678054,618607,622271,597641,653217,655219,615903,654170,673188,646330,638054
625572,614964,646253,630029,607041,606620,700651,603123,615052,588926,617316,626338,627100,651289,654850,608785,648603,609716,614097,623662,665798,602866,633827,661415,598981,630786,608995,633132,614646,641812,633167,619279,657377,627739,633481,653180,627127,631590,624333,705069,630115,631365,658412,556760,666681,610986,652778,634365,608899,606363,613138,648042,607363,627477,654841,612313,633658,633244,616273,650360,567699,654183,612811,658878,600209,703613,627423,669877,621413,605430,628440,602054,616070,667230,584240,643436,617058,671296,618688,653383,651710,605703,598206,608526,641569,687521,653147,649669,610715,630222,638109,642136,620010,641574,657257,641820,574918,633893,632844,622341,585374,630231,583208,665110,675216,671100,643419,677413,629499,629237,659948,593638,649038,617896,660303,616877,667734,602167,663943,610431,632065,641174,633131,626952,626790,603541,627441,688793,667519,618456,611044,591885,647957,616078,603046,619661,666319,600810,635471,668253,608606,621777,652384,652889,626981,656963,621715,647655,657503,618904,614836,638590,623499,605530,642440,601136,611062,624655,617137,658160,650036,585595,664990,614320,652151,621155,662200,688415,640878,643386,653306,668120,633351,635930,580856,611210,632290,644137,635868,614073,620329,654780,633084,603311,656019,638195,607682,643879,555460,606272,629229,651202,659836,650434,593239,633645,596733,663757,583557,653224,660790,600253,609823,588578,617155,623232,656265,623590,690612,631916,629936,601296,597337,596301,651084,650344,622988,585577,620621,624552,614416,629814,615548,632573,681906,653268,644568,637131,617554,669169,638700,605612,628539,606960,604498,665430,626242,609582,664082,662770,650492,654241,636691,661489,626262,668217,613040,608663,592543,682320,650554,604741,633014,662056,640511,651482
634899,687376,705210,651040,629812,625646,725756,628822,658894,618985,661463,660498,666522,698480,673855,653414,664816,653983,630297,626297,708240,644264,647865,687186,683472,655533,655127,633206,636093,666124,628342,632976,722292,680275,664686,642818,656345,669017,663489,717965,654658,673027,675877,602459,706077,664539,688947,645725,648695,642111,647573,706599,636577,679007,662160,646270,668571,656905,652905,682741,585861,663664,666530,665690,640398,712739,667582,691857,660738,663288,652199,618814,699505,666466,631495,675472,640451,692057,647140,690003,705131,637227,647847,644046,701498,711060,643224,678225,688706,661193,659184,636277,675278,670224,677638,664530,610791,630900,671321,666889,627792,678206,613832,684700,730022,696582,662314,693373,645982,665404,678618,633020,693663,665013,687016,629952,677935,642563,687677,652538,672634,653710,637552,647151,671766,670513,662057,723741,710943,659835,628381,616739,692235,642363,640609,668473,676004,621748,703728,700335,666885,643939,656900,666277,614738,723884,662441,645316,708283,641974,676165,665020,690310,652590,661138,647441,613149,677547,642262,666818,667759,630234,699021,680569,639834,652915,663113,745201,659272,672501,716065,701344,693163,696045,666332,631848,658729,634165,676748,647669,669693,684922,697991,606299,722164,679297,631438,663022,598876,667798,656259,702002,677464,717582,618778,684184,642777,670578,617058,689139,698343,639217,635233,622792,656708,653058,702810,643018,693197,673123,657744,625980,609415,681185,678115,691329,647099,623587,651809,639958,638149,630681,693861,693697,713876,694255,678805,666812,655084,681272,652149,634747,645657,648736,665058,683346,660660,602089,680280,693714,653122,662451,645584,643270,654806,684436,655797,652196,634689,701628,676313,654838,662831,697672,664200,668366
637854,658665,645525,645972,648877,641082,692920,605243,639545,629680,623820,628267,649354,657893,686053,618988,646859,611953,630787,617286,676264,609391,616058,650632,630642,636219,636896,667972,632884,637677,616897,625520,665691,629707,637501,649750,648597,663495,620896,677750,619407,649686,658450,605314,709814,641252,695302,626088,630031,636009,623662,668559,587403,637373,656983,629569,640511,635107,628138,670321,577571,640985,633875,642378,633135,683902,627317,683751,635908,647173,674414,592662,680148,672016,603119,677586,617611,671866,642582,683563,648347,613201,635617,613940,680629,651564,651926,667419,651620,668749,627029,653657,616426,656386,679354,642291,577466,664078,655969,629151,606542,661572,598142,674410,689857,678631,635897,671688,633213,648356,655011,616180,673520,635887,681907,605906,677250,622824,673063,632262,681164,619021,644314,615453,637749,610946,634807,709027,677159,642158,604124,642711,650126,645107,626769,650802,660972,614000,659544,703834,632181,613969,655657,677933,616052,658549,627717,666143,692226,615725,629793,661429,610639,619816,655031,597277,593185,645306,658010,654096,626209,646417,700403,622457,665548,649869,652204,697462,641871,663278,699954,693162,625655,648129,625601,653850,632131,621103,652705,645643,636193,627623,653857,599244,691760,655212,649379,665830,607732,596455,653699,623589,693680,692896,595860,631612,602204,659816,606821,652796,662011,631469,613763,637102,632542,637951,690506,605690,707873,631237,633980,641014,597508,642466,659817,662928,626877,604381,626389,656490,627000,646671,621975,673877,699763,623984,672967,630998,611717,660508,639729,650485,651186,624363,629606,634777,619696,604454,644335,671894,647670,658985,658165,657364,614308,665299,615011,640406,615455,655825,660784,640868,634694,692118,648736,690541
631776,634173,673832,618850,606135,590113,669161,595098,625362,623323,613543,596977,651536,654763,648785,626532,637543,614877,643222,599872,640303,588986,623931,640176,645686,630672,619610,631326,600490,671660,609046,595865,676883,617908,604972,663318,616870,624456,624556,661889,602625,632850,649305,570103,671991,607566,647169,633233,603126,595614,592320,645188,600925,636151,626304,606328,591104,626991,617023,622067,567084,612843,633699,644354,623608,679166,607471,654785,642052,606565,614419,584156,641002,656731,603919,655711,584218,647687,583686,674533,640751,614094,615251,607903,677752,657844,589698,623167,607434,644537,610413,615110,630873,643263,639517,632635,573805,624047,615985,630659,586667,629024,589224,635876,669353,661251,660862,645014,616656,645657,668272,603004,672377,627747,675442,587351,653697,627840,683625,600131,657405,642339,613534,634605,657247,627164,637508,703562,652866,644155,572388,625987,632467,599994,625962,644773,615103,614016,634857,684014,620633,656310,641905,651341,597853,650365,619778,643450,654668,623247,650104,655409,619865,608091,639508,620808,578283,630519,618661,654227,642465,604277,673215,612389,628723,638620,630641,684292,626426,613006,656758,638634,639536,646392,615566,600560,617469,604440,639721,603309,616896,630668,642940,579436,691964,638374,606361,648897,550778,599503,650226,630811,673246,670940,593967,641541,582996,642221,592046,651059,638345,577519,588957,562383,617390,636653,633792,577697,695102,625612,616660,618454,599698,623869,658111,644902,616214,586690,615531,625498,601451,621090,633875,647580,659028,622436,647613,650066,598942,640225,608749,604228,626149,612308,611354,626212,622439,590716,648301,636867,615637,632648,624931,623626,607976,659570,622702,636538,611086,655522,631513,605792,628661,678710,630427,654438
646525,657366,697826,660673,615755,619381,701449,608923,641584,635409,613351,628913,663368,687414,664668,644528,693788,624237,628358,631051,698626,624943,628421,688446,637888,641638,646230,646574,621337,662487,650105,634664,703343,654828,647530,635109,653117,665339,648739,730940,654602,651659,680651,597363,690445,646764,655810,666326,643576,617971,630982,706717,608751,641837,639616,594002,665115,659503,635645,657711,580336,633582,666072,667415,648771,704834,639637,702357,653243,648193,656267,605098,675397,673199,619977,675653,630271,676204,627671,684069,681654,619012,637416,642232,695976,700313,630467,678505,672287,659005,681462,649571,640891,683143,696629,654036,587108,659345,646183,636270,617602,682723,594414,678469,713916,687192,661050,683051,651518,669510,657518,647207,655411,648188,671599,605565,665174,631862,693426,654216,655848,655090,642687,660692,653108,652677,632302,719305,680269,658290,600748,621827,677307,621384,649558,652991,669788,624707,637268,691436,661152,636836,651814,662095,618802,693093,623874,653422,673339,648197,654298,699798,630360,617604,657790,600201,607638,654625,643733,644053,667836,628282,656162,643719,654776,695285,657144,707093,641110,633621,693625,686129,653981,646511,633253,635894,669146,634180,682956,646397,621410,664357,665360,625984,675953,644682,645002,667127,583981,634910,678038,636781,681492,689194,601011,623034,628600,688173,601038,653535,672594,613524,610373,621812,639809,668126,675649,625383,715396,649962,650790,599623,585912,616685,668127,653961,625854,615871,635650,672312,647162,651503,638039,666144,704489,642036,653455,665136,609542,676772,646155,619942,644499,648461,655822,663654,670333,602437,662515,682492,642564,674019,651003,657078,643627,668795,643221,639997,651634,685179,649517,613027,642713,727218,658238,680886
650132,678232,692526,660961,654297,638715,707346,621801,652526,635221,631736,628534,681742,670855,673500,618996,669094,659716,667240,639014,672909,637983,639817,663944,650727,677437,629997,643945,631575,682826,675621,656212,706052,673730,663121,674408,677296,673538,652287,708091,633444,665745,681602,622817,698214,655131,674615,653075,626456,637355,630920,697037,652271,692634,647800,632806,633782,680155,621762,652162,603221,645577,653156,665512,624885,717248,654040,714830,648807,632641,641694,607680,680514,688124,611378,682320,639384,675745,630538,708739,676934,630080,670053,621882,709313,711679,657639,680055,641520,668713,661624,657542,638265,678113,706401,676090,600702,664123,662787,643111,620778,673353,606515,675583,686241,693878,673612,695764,662977,660535,663384,642197,695892,657216,692839,632537,673917,670573,696645,650083,659559,647950,666302,663683,640128,658546,641428,713367,706118,642004,616435,635174,665965,668184,650007,656961,668765,640715,677416,722704,660890,642861,660798,673674,645793,688907,651946,680214,719268,653050,658857,665424,651591,651372,682575,594231,621519,674222,637778,660981,666115,631745,667507,659783,653814,663299,677659,738564,666097,652991,683914,684307,666185,668967,633515,642801,682369,662299,653683,670679,644911,663265,678224,613653,706049,714770,670691,668719,590796,623796,669110,660490,696655,700935,619730,671388,615110,701023,641841,630734,689727,645033,628870,623705,673895,676445,704521,625169,702862,661486,667392,656243,609193,636138,714324,679466,649828,624204,632008,660162,615887,621692,651882,699688,703691,672105,666471,681342,640221,680115,662287,629774,679326,647577,656013,679653,659390,642025,695722,692614,670958,657321,671432,647192,644707,698085,625659,615815,624444,697940,654086,648922,659946,680758,659132,679205
670812,652434,677599,668222,639794,632470,709772,611511,627925,609902,630641,645489,665565,678227,674878,633787,661041,640718,663691,633347,690445,598481,659232,673950,646804,669156,653239,652718,630620,686422,664798,650057,700109,692486,653934,681919,658289,675045,664869,689801,634930,639992,680907,576348,709056,683270,691809,664869,636523,621350,610480,684312,634573,659160,634475,618189,648705,652901,646323,659813,629703,655673,661723,650886,629090,725531,649524,681872,683378,659229,689254,627824,647175,687654,599466,685594,613500,671976,641308,695571,695162,623333,664127,619019,674078,715065,665274,673162,649975,667982,672624,676501,656984,685606,695205,636613,598752,666190,654276,655385,627866,678223,608687,652255,697877,691773,643761,698352,675743,669149,662451,626108,697824,661575,678580,638276,677062,621803,682376,629106,669753,639662,651579,646132,665192,669724,626992,723735,712101,652434,627885,626836,678734,648765,638928,662648,683079,615485,671836,688901,654621,635729,649881,678125,642274,698258,671171,674961,665082,647388,635662,671144,684879,628542,663797,588412,619797,700906,648383,643165,663862,628017,708519,662820,677223,644942,659032,708439,650033,667209,709350,666960,654096,674521,623707,640568,649235,630526,664091,653978,657445,653622,665683,605073,671916,706092,658508,667266,594547,638466,680303,660280,689921,691501,599475,649176,644079,671752,632431,664513,687666,622346,614585,648808,667079,636726,676765,637346,721691,675543,674907,633393,611417,649486,668270,659239,589614,593241,637362,657213,641355,643448,668284,701195,682064,670993,678637,661193,618766,727360,645543,606125,655807,659783,669293,671572,667148,610541,677610,681546,653844,665087,689572,669493,618174,686359,623556,665019,614602,707725,674432,629344,650823,705087,666736,673713
586249,564387,615710,591418,584764,556894,645199,553512,564558,576764,594370,595918,599690,618874,608019,597965,599534,578589,565012,583193,623549,566435,591840,580338,620193,572916,576093,594384,586736,595294,586454,590415,616630,604009,590134,621753,611600,597669,566763,637761,584816,585800,586490,541629,644159,583438,610417,600690,578226,583294,597121,602341,588863,596274,603282,573792,611213,596586,598582,622121,560423,605978,579373,608592,572168,645636,571092,638172,580208,579717,588959,545156,594117,638710,556228,618347,547709,600434,585123,607434,613288,578868,588569,552408,629745,612711,596306,595724,592969,584153,610970,587043,594756,582281,614514,587169,526113,614784,564599,601142,597618,620695,587314,612582,629631,608259,601219,623949,586986,586431,580285,536516,636048,579978,599924,566599,596119,566570,637896,587276,630576,588656,599375,573018,603448,596062,589383,638941,622286,594904,561183,579775,628211,585386,574184,593128,605231,587756,594976,624077,584466,589071,592752,618922,570987,617285,577263,602377,625507,550337,559426,610069,558644,577066,596065,541946,543971,588129,569126,616254,586498,563427,660719,589841,590451,587099,602849,651428,598595,600460,661297,633196,594262,604648,547963,554713,604366,572081,595052,574887,604665,595234,600081,544345,608202,612693,597634,597608,532482,568478,590884,589317,597243,640344,561664,603319,567169,602696,556190,614244,606423,558836,571436,561973,565798,567440,614366,591511,644797,586929,591593,572878,556941,605285,610457,606071,542173,549250,594831,583916,561264,581954,569604,595216,626465,620807,598421,614844,579708,621322,601560,578061,597251,575311,588920,591579,590212,558088,619405,651963,570193,594417,584362,577619,587652,630282,564177,564302,559270,627262,606222,575303,586294,626818,606238,612082
593302,611453,612797,588888,609215,594318,660648,574188,598492,588869,609491,583116,591798,624990,630541,587173,594859,562169,587359,590264,623159,597080,576872,609408,588119,605633,574460,611238,596161,600895,588383,566380,623805,588164,605025,600443,643471,604251,587471,633297,584735,619926,631171,550635,647089,612257,626334,610750,588707,595561,595997,631811,585751,617960,606574,590572,615430,621659,608548,619176,537006,616185,609731,604586,556666,625614,590630,633749,587394,589081,595736,598884,620656,622167,571226,624170,573658,612220,597167,650444,658392,554308,585708,595871,593332,655084,608519,609388,605886,615720,620781,579987,613957,613443,624395,591878,534436,592642,583992,610366,581727,612183,570058,619058,644677,654839,624979,620974,603586,600302,609245,577924,646683,600518,650916,585171,662809,598646,644162,612206,620032,612807,592695,583362,598380,606835,605023,658414,630913,620885,544485,591212,658928,592852,580806,623418,616156,576433,625835,641043,593426,591422,597984,617057,592028,648487,589264,622055,657786,585801,581342,633094,619895,583641,604146,557174,551760,637251,615376,590389,619173,617477,647493,592202,624664,598764,617578,661985,602367,645599,660717,626915,617362,620619,542373,587346,601143,595192,632514,607674,610594,598275,616594,586779,650947,635923,622692,622731,541132,568867,593728,611382,656263,640005,569313,606672,600641,613697,576344,622280,642976,598619,560639,579783,604332,605946,602202,573513,635816,609279,609764,587040,554187,612064,633697,617018,609326,567570,564300,593085,589385,602116,616964,666179,667952,610566,615819,624565,562133,635609,611540,586051,607474,603331,584848,633172,616583,581525,619069,623868,632767,619104,598918,607863,593669,640248,564777,601231,571309,636872,635348,572923,621316,648340,619929,634750
672424,715123,718600,667762,695938,645700,719938,662774,659604,667581,658800,638613,668108,689581,670529,681365,681675,652848,647416,644623,710753,654298,633031,713630,658625,679054,670413,663006,637762,699973,670848,641078,726985,669586,657431,672579,696386,675136,658308,715797,671162,678326,704007,618249,720988,673802,702207,686194,679330,639783,627312,695029,619981,688053,681289,629251,698609,671582,691962,678430,598947,686717,658108,711802,662050,725900,660845,721105,660452,675546,663824,637397,707897,700340,632024,685825,644096,720459,665114,695018,704597,631407,674263,667448,721120,691817,656196,659116,678020,689921,673792,660813,675759,699212,698393,691455,592757,668587,669373,694416,639786,685435,654166,687048,748773,715081,702984,712945,651150,664770,686566,652006,715125,677152,715726,663917,681696,666691,720989,645500,695898,673821,658957,654741,655042,667495,678017,741634,726369,685424,644480,697301,706519,677464,665692,681429,699043,638066,696011,719253,686859,688766,706609,704995,640891,705734,647698,696670,730393,658277,693222,720299,659116,638253,703849,619599,633680,692874,662395,684708,678202,665048,705137,656056,678671,714007,677337,723441,676193,689032,729186,692812,663282,693414,657262,675092,665175,661215,709030,663795,642711,688627,695787,650182,704728,701098,667176,668428,613260,641453,680279,688875,727177,722614,651144,693765,637160,692273,648048,692638,703511,646679,661870,657616,694949,661821,684706,639467,709982,655529,664829,661851,621197,685685,699862,708147,639077,637032,660921,659803,649280,663986,674996,702389,746372,696323,680755,691727,648075,693097,677992,662715,673471,652954,677756,694306,682460,633901,691951,699766,687135,679041,672935,692439,651997,690537,670229,659911,670812,703002,690121,673143,671651,716388,663646,712127
553982,593731,591644,591091,581856,555432,650616,558780,571912,561028,560247,594286,588009,615476,592270,561513,590452,567695,565417,575688,586331,560441,583029,601381,590727,560292,585339,573819,571434,603432,574131,587981,669833,587656,577420,600249,593402,589897,560417,612780,563482,596205,598161,559010,627340,573523,593697,566325,539097,565948,559454,614096,541305,565694,569631,557007,587075,579550,557850,589660,542886,588730,582182,605552,571159,644616,574956,616383,596948,585184,568427,546562,600556,582338,571043,593004,574089,611633,589736,596742,609829,576588,552116,560931,620867,634523,568613,596063,583514,587450,581274,577438,585789,601766,604228,574083,535172,571599,565856,570757,543698,608028,540935,566730,602667,616702,581755,616231,571160,592998,584356,542787,620008,612992,610525,542290,587055,558195,617804,563923,595080,567397,591179,566979,586742,578636,577744,634588,608243,587516,551243,576223,607184,567803,568010,593778,587916,534159,600106,622881,579719,571861,575801,604119,551968,610186,566543,604736,607072,565150,597999,581713,587441,560304,582729,536424,533212,604871,570116,574823,582524,581308,624829,582626,584635,589940,592729,658700,575646,599747,634402,627942,585883,598565,561555,572120,624010,573608,601433,580600,574362,565967,589305,536955,623648,624472,578428,584370,541294,547800,612794,587258,625003,614951,550058,582943,563759,576234,548813,595564,616305,549419,538932,571785,588556,561294,608069,549405,637004,569737,594018,561956,547593,593813,612459,626857,549597,534997,556784,577021,560294,544475,577591,590905,607780,588623,588338,582085,559022,608189,570739,526724,575899,580578,590823,597315,574272,552830,609496,611104,599706,599015,599636,568508,556296,606247,571596,572298,551408,618094,581806,558790,599820,613977,619829,603873
615817,603837,622876,596368,591270,580465,658080,564205,570995,577797,578245,578823,616161,592204,610075,584145,599361,585214,593737,599154,634257,582772,567219,623429,556819,588837,587064,612800,548611,612345,577780,596476,659815,607546,578844,589052,602540,620518,585710,670414,568607,598630,622010,548661,650555,597902,591163,602071,559127,591611,577571,626914,565647,601662,580047,572271,625310,614637,600399,612951,537441,587342,600647,623081,581002,637564,581609,634234,575511,586483,591126,540308,604687,628032,535595,591449,574975,622975,592207,633563,614990,577884,603447,571990,640266,647602,596901,624402,583413,613875,599162,617598,590632,621450,613813,600904,538490,591099,575153,609836,582424,599106,552486,642701,639144,653057,606891,622455,586509,595583,620275,558645,618592,599334,617360,576018,614110,576261,605283,607607,621145,605669,588704,598732,603362,584632,582115,631002,634756,595890,571728,570795,620831,591436,580509,603495,609758,569684,615271,653256,606091,595713,601924,614124,584712,633069,583145,595189,635610,592281,580102,634803,591436,606113,596806,573589,555143,624439,572321,598894,628826,568245,648890,587009,609966,611336,588893,648113,588440,597671,638431,613644,583831,607648,581938,586529,613413,594894,599242,583155,587939,591268,592264,545193,622529,598931,594507,597948,534282,572756,627710,631651,642165,639921,559291,596903,577608,611691,571472,614671,625091,574357,565077,557390,609065,631782,599536,584439,634463,588806,588630,583147,553721,578815,621436,619992,591465,552090,595980,613607,594619,576583,603238,607101,640998,636530,602693,624068,573448,614332,627049,597690,615316,586273,571494,620223,604761,570839,631845,624254,606569,610722,600655,625842,584837,609908,583181,569423,581397,611427,586691,617322,595482,624943,618825,613731
669550,681628,695084,656018,642388,652734,701056,632681,667369,633111,664996,661842,664206,684885,672771,646726,652345,651335,680602,644986,720650,637017,639775,699661,646683,668279,667131,658664,635669,689066,648869,625937,720992,675859,676006,655512,686639,689822,676196,716994,639067,675118,672985,583202,696073,656942,707918,661907,657425,658992,636787,709516,640201,650176,661140,674613,661337,674190,658183,693310,600394,644327,688556,684796,652439,726286,660212,705932,669897,633507,678748,596826,712013,715866,628666,701875,647139,694613,646658,706905,690422,640345,655878,634150,695072,706702,649058,681563,705056,676809,680053,668030,656208,661234,708456,661759,586882,644998,658948,691947,642611,658879,633531,697278,738444,696542,672043,695851,654527,672648,665295,609883,688611,662649,687211,639549,677581,647078,721941,669492,688415,641175,672742,638507,674859,678340,643964,729579,694051,675415,604342,630147,678263,647733,644795,675736,666258,612810,675653,718301,679207,659417,660530,709445,617750,705289,638931,677728,690670,651046,683937,694318,670074,649676,662281,625889,630086,675512,672166,669502,678504,645308,725292,670919,662160,672038,645886,727549,644061,681832,712869,702088,657780,688577,640294,634379,657816,628365,685759,652558,684911,672795,668014,633351,676674,657795,641090,712292,617692,637010,663818,659503,691521,706058,640616,668925,644598,687286,621481,696366,695596,646194,621371,642717,670391,674552,689726,637526,706839,638433,657205,656883,596381,661174,678614,688019,633762,645059,643115,660807,643060,652113,663379,684096,705669,674100,691177,678641,665079,707070,654166,642496,677479,644921,686413,669192,658898,626570,676104,710505,681689,678103,674682,661617,644381,684027,644281,647446,650315,705954,678955,648511,637648,721016,672180,689688
604186,594704,626564,614184,615459,597051,640056,586667,609143,560516,604938,602135,609908,622737,629964,616156,619847,591451,601538,597795,630639,603317,594982,628166,596151,611703,606548,597701,587342,628236,599777,598536,628853,639426,617758,597524,631071,629809,589568,652401,599599,599589,619738,563599,661798,631819,635545,614315,598734,613460,593965,626034,571559,615528,612461,583086,612733,596555,614147,620915,562243,622643,598304,634636,585228,658631,603572,651511,604689,614257,631128,572378,613998,642738,562724,646387,571660,604990,607167,633745,645129,575024,602158,585856,628801,662874,599899,627308,627669,618816,586700,584527,607253,632860,649456,601898,534936,617430,639000,614880,571980,619462,552054,612485,645011,646877,599974,641900,601100,605510,629377,587841,635149,586272,660191,595453,648376,604866,637962,597307,607864,598227,600992,598616,568129,598943,596317,662418,653900,621503,578824,582631,638998,605885,579188,603099,629048,573695,612920,651501,605561,597371,639127,660483,596402,641644,605925,623422,637915,594914,624298,629989,589211,580810,608492,572092,579294,609585,608557,615571,618080,603379,645784,596182,622354,622730,613563,665670,636300,626278,656164,623990,614410,606899,597223,606760,599458,597414,627494,606698,600175,614386,604761,576216,632122,652380,609826,605922,563450,593269,616334,597839,645874,649921,597075,625466,563863,609452,578232,604361,638939,591750,589531,592160,626425,607814,607283,581677,682853,607302,613424,607422,581581,617504,615469,632294,609192,584631,586082,617032,611864,621137,599689,662325,649763,616019,602071,627869,585855,639099,609633,581112,632964,594106,613021,617652,619619,580746,631068,613370,617032,634008,640983,638599,594988,642030,566512,594538,553816,636573,637869,602456,612297,637357,599214,632972
620302,620418,673655,645640,619102,584443,702148,601051,596595,601845,620086,612908,613710,655176,658281,605813,649827,607643,618410,636187,648786,603998,627852,638405,631582,620836,621062,640512,612053,657955,622064,640686,675235,625246,650704,647570,650911,645961,635479,672135,624011,652493,649345,589159,688801,646587,650507,617871,617158,621406,626099,654027,617494,636468,635002,622168,657732,624239,595236,683338,572719,626134,637528,614349,614491,682671,620215,651827,634522,609844,663977,596488,652194,674341,604975,690081,617925,679216,619612,683671,655443,597078,617776,598919,660013,683638,633497,620688,634682,652108,651107,628021,621202,674726,656319,630076,561860,652964,622561,634352,600374,654192,583702,672777,694535,675918,623296,631448,642121,633668,631110,603998,665409,617671,692455,604198,659468,628413,670557,627864,650812,623435,632726,648206,623366,611186,632024,690149,671191,635472,612010,597760,655418,635031,612440,640530,652636,608416,641359,663969,618857,644861,640768,664384,626193,679401,624803,641158,655135,596349,641462,655743,603044,597215,626903,601956,587278,639406,625700,628829,616110,640591,669741,622992,643108,641519,654842,688157,644844,622833,670710,672809,638139,658675,600393,613463,620379,604307,655917,632066,609073,637571,646962,555105,665357,655535,621659,652856,580688,601734,639426,628508,677170,671987,583482,623305,599381,626384,592246,652961,645473,593100,613560,603828,616196,634785,663580,607933,690934,638822,642608,614400,601570,625875,668765,665023,614946,599204,613696,637395,592160,618453,615668,668737,664743,629342,644965,648904,605617,651423,613322,614760,632531,626545,639794,634748,653363,593081,637321,641279,607433,630906,645086,626235,616048,667275,632711,650982,602706,672755,643183,632681,644595,678686,603520,661294
633548,679158,675716,665427,646654,619521,712191,624564,648635,630326,665519,668085,654124,663133,694839,662397,675141,648973,674475,635376,695475,617907,644264,665114,699211,668234,651204,656484,627206,702718,663530,669467,738784,690764,639281,661644,666822,693104,682926,699654,633727,658095,702701,589176,702062,652830,671588,642305,676484,670234,668753,671570,649770,647508,682442,635400,691094,678878,654236,671853,582525,654766,668622,693325,653474,717278,665637,680427,660457,651350,650889,609769,682687,713323,644621,692289,641912,712820,659000,716141,684313,652211,644191,628269,708593,706231,647904,642968,684574,698013,678779,639985,665660,679582,696980,659609,611226,676694,652765,646604,634935,689650,616236,672462,722967,683347,666997,702782,656940,666258,695522,598407,710129,660939,713914,634006,670535,672454,707825,629924,681607,650110,677371,651626,661916,663841,655066,735336,712474,687813,608523,647023,694305,662151,657652,670782,685895,630401,668738,716520,665393,656645,701349,700085,632120,707286,640611,687956,685096,661077,693747,687821,676821,627905,660512,624733,608936,672826,652728,657085,664579,636637,717766,682767,691747,673010,685161,726789,679009,676720,704273,672936,668777,691656,618507,640631,685368,628299,702935,648131,674379,656894,681975,586207,699744,674028,642560,679172,616646,631640,678866,646728,693005,687984,628533,687035,635645,662600,628493,689898,676446,666842,660482,636776,669838,650062,684687,631328,720236,693083,666367,643471,616038,678422,716533,687018,645398,631082,642962,651141,636229,642932,678470,677054,723855,665841,674493,684785,664781,693722,655429,616600,688827,645375,671580,675558,672454,638450,705868,689106,695328,657989,667889,668102,636862,689805,654288,636170,657399,691401,670060,647027,649914,721251,663180,718592
630285,661744,690015,650015,644411,628321,692140,617556,639212,655500,651284,648538,663689,641010,660641,622437,640990,627389,637030,633554,676849,641278,624299,677143,660010,652300,637957,631234,624949,655860,643576,622186,682477,659815,667530,651075,649135,671398,660031,714218,641363,667008,677580,593250,695659,663976,661000,652351,656005,637275,632022,673890,611759,659739,646226,613708,662421,648953,655121,671164,583171,649471,666764,687883,626117,703459,647259,688149,635188,660459,645393,595386,661809,693964,616272,662795,627228,683075,633622,691106,697832,646285,638390,606026,675231,686101,656451,640656,642352,685301,650872,639482,642161,663599,696391,650189,597984,683097,657301,636256,642551,644563,617152,664235,710418,687952,653449,690046,626425,663170,662180,626410,658238,649666,685909,609555,661737,642685,668684,621162,694649,645072,627857,649706,645411,624680,631727,710346,682730,640307,601767,633163,678698,632905,643512,652130,663050,612451,653591,699533,656818,649010,669033,664720,634714,667750,644746,657558,684093,642064,666681,672904,662417,624195,640123,614624,608271,639594,618497,677716,640120,637654,689855,653994,651597,668592,654326,702763,677864,673630,669884,681062,672050,644452,630767,616684,661915,630095,679690,637513,622302,669236,696670,589964,671852,685171,641109,650989,591317,607052,668775,636010,665720,701228,622065,668126,615485,678118,575842,640251,682585,619269,628507,617549,640370,686850,677433,610884,712077,663122,654283,635010,622925,664215,673097,685137,643077,595385,624271,659337,623592,632388,673723,654447,688550,658740,663382,675547,638368,663981,656810,625400,640793,642635,652514,665158,663093,591756,658360,681368,674923,666826,664602,640048,630987,689634,634466,633794,624802,706820,659493,636598,659147,686719,639442,658797
595853,621694,646542,630226,595190,585105,661941,575922,595504,584229,614440,607336,621940,612613,635305,599493,619528,622932,594647,602387,647589,594374,587953,648886,621408,605888,606870,598236,592991,661251,606550,588944,667404,620633,611043,629644,636068,648663,608940,673569,618996,620809,631142,578560,681690,629900,632768,624109,588368,611139,583280,666629,545087,634881,613296,591752,622023,636776,615920,632473,557643,645726,627509,613068,598337,642278,611448,648921,609357,627796,613021,535146,623616,642410,573326,615450,618171,663988,605429,635622,658837,600752,588221,616573,633827,681757,578427,626512,614900,623121,612732,603101,597514,626228,640013,619381,570432,611183,626773,606898,587327,628832,582294,621582,671403,648308,610188,676554,603439,657913,649472,618999,650752,641359,646691,603675,663814,625750,643229,562951,630400,618303,616819,583479,598425,614244,610311,681615,629035,637052,576226,621983,629468,615944,598043,627553,618071,593771,630022,692633,634536,586198,630922,640469,597933,662451,619079,618203,684958,603602,644404,644652,632541,584892,628234,593222,599460,637413,608746,637172,622301,605438,633964,606948,604768,646255,603831,685676,617335,608173,670690,649430,617554,615567,609425,583371,630474,598535,634617,579903,590870,616386,653145,575912,649104,646705,620775,624133,566594,587622,613918,627192,638219,666748,567437,641337,581712,637267,578200,653219,646277,622092,589923,615746,650552,648276,654033,619584,664427,646215,607820,601226,571368,614999,650721,645860,597211,580614,597515,625722,591895,615198,622623,670158,656995,640395,612668,639980,606378,642099,625686,605611,627752,607765,635027,627919,618818,594205,641195,659133,626902,624964,602708,617038,585946,657945,610492,597715,614733,644858,633667,622922,626551,671758,620406,634330
545942,579065,599566,584224,556452,568779,625780,587781,571885,564573,581328,582226,599360,600046,602070,573776,619496,581962,571967,546552,602733,544265,567340,603735,576510,579577,583413,578805,547973,603076,587527,545439,620365,585042,595546,571805,577219,584657,569529,646961,539532,604151,600925,549263,623244,592910,627316,581598,539967,560875,541947,610925,563697,577276,562273,565797,590097,567003,588804,601719,519638,566016,587145,601949,561398,640349,577152,633829,559408,591883,570151,540523,586948,599608,558602,609144,563495,621162,559823,609437,614827,551611,568577,559910,618991,612643,573349,578471,593916,576158,589410,599791,573075,608661,611892,582446,538495,592490,593602,597342,569797,611229,556400,617179,636800,641608,607037,615242,566537,596183,592139,555265,607008,569684,598755,563870,560174,571330,642638,559824,605555,577588,576676,588701,548687,574442,572748,640194,630449,596266,551504,568316,574393,595332,550911,605835,615550,531030,589790,618036,562094,583961,604096,618359,569598,625825,600459,592826,627246,573017,591762,579498,577296,586492,594521,547430,534763,577573,574684,585862,574703,567225,631511,587787,594494,591980,602318,649923,573288,588742,603494,617226,609408,589335,555718,568994,593881,545327,585983,590799,582706,608740,594628,533183,608285,608369,573828,573026,497407,573379,594552,567243,617097,591156,536748,608194,547501,604331,539012,582990,601609,519274,576563,569134,577458,577869,599482,553829,628922,597042,566219,561784,554320,603221,611414,602330,540669,523843,540398,582931,575559,560594,582993,586519,624934,605970,577204,593211,572236,636118,576054,537437,611010,584919,582178,595814,599212,555773,602118,635929,572878,588249,564448,564858,571113,613027,581104,565185,540320,630611,607109,566581,593553,624173,584933,605075
571208,574944,619862,576918,562716,574997,631705,575365,546915,564543,571739,568228,621521,615506,588289,585407,591347,581114,578192,591632,634177,577482,569360,615735,557976,583904,585094,552743,582520,619840,589299,578661,624904,607131,576356,599614,589463,584923,613225,636850,589685,579250,606874,538222,634353,581804,637580,610511,587273,551481,560027,615557,579333,611645,581837,559007,597101,576286,566709,604897,530001,601868,564435,620987,578759,627673,573426,634351,596395,574545,589426,525163,598263,627197,553836,602680,597539,607405,567908,591636,613597,533234,575922,567583,604499,614413,571946,600402,591692,577722,582944,577914,567215,595758,623290,566235,557168,597158,585750,594836,543138,581476,564813,630784,655058,622235,578706,615183,572322,602884,603162,579146,613644,610275,622718,566812,600468,596140,617688,566520,610897,599847,572873,576783,568137,610259,615288,647641,615032,591144,556321,573128,613770,608191,574507,596471,628184,566907,618364,629080,597574,587592,599789,620696,579836,639191,574530,611814,645200,578832,601451,610267,611597,560735,614631,555063,553557,635210,578785,599319,588113,577962,647188,587261,589825,605461,589849,646061,597588,588001,619922,613218,589925,618377,590902,589263,593692,580584,605076,557092,568102,597828,601824,545868,602482,591399,568673,603271,510725,584846,589528,604798,613641,641467,561646,607304,569911,599748,542105,599295,595741,554408,581944,568238,599014,601093,628807,566540,643565,606433,605329,581278,562397,569218,595067,623146,564348,543452,574989,592356,592076,591391,578963,610015,624655,602498,608521,602995,579826,619598,569425,573024,582272,559804,601829,598091,578882,537575,596872,592844,612036,609843,601069,606988,565124,615343,570364,572177,558171,617358,609565,575547,586358,619390,569206,586131
587475,638656,632087,611085,599799,581588,662079,556895,565574,574477,570509,584876,608825,622691,624240,576640,607658,595836,606506,601017,628012,580041,588740,631741,584985,624570,602806,579220,576066,619608,605393,591538,647634,622615,590040,606493,601699,623006,598069,648481,598584,590795,633597,549441,660363,596990,636692,590728,582284,588950,571442,645164,587723,613269,604572,604363,604859,609745,613784,605762,535410,591809,583898,597437,597411,645876,594663,626677,594984,577062,632957,547868,613124,624745,553189,636744,597244,639368,592005,656737,645395,584114,600123,573190,642336,646141,607383,612954,602988,610864,623922,589302,612885,633341,635763,591122,545800,593749,581502,621070,570523,610267,568243,627045,674703,644208,598671,617021,602065,591566,615089,585652,633917,610419,615383,590033,614702,574767,636698,591116,616180,598500,597190,578446,616954,628226,595825,676060,646836,602038,558396,581209,631353,593250,598342,637358,613413,572374,626632,661288,608906,592379,613282,621907,580220,629860,599175,603763,647171,602795,624088,611029,612286,579066,617525,579797,550314,625262,589968,641423,610104,586882,651287,619823,607143,616872,619610,672920,596908,577838,634294,632219,597404,627503,575784,591202,605461,608271,617564,606159,586640,621004,620892,553975,645319,629591,576894,619088,544115,593216,620067,606973,647751,647611,579438,614767,575624,612297,564299,641977,620315,593098,585648,565377,593364,584358,633607,586876,649159,599409,627497,598980,555024,591245,626457,617109,594060,551146,576755,598518,566405,608766,603252,608079,648373,605313,594663,603346,572097,642596,590489,589060,613697,573249,633818,608636,609317,559789,589881,638732,608177,607087,604685,591879,597224,663315,590006,583451,567010,624777,619067,594803,600896,643849,599875,624300
617616,615640,607900,603329,614770,610315,648608,587926,594395,594089,630473,590633,616079,630313,639213,604681,616157,598912,596739,614649,664705,607205,589116,616738,611762,628473,590611,604543,589452,631175,578668,568541,644370,624563,595442,618154,624327,616771,602607,650983,634214,606148,633178,570339,660016,616270,632208,608745,636736,591760,611637,630799,543593,597748,593161,589656,625294,621936,601140,645774,558485,596205,615937,637437,580168,678568,584631,624938,587815,620872,617740,584975,637743,625545,590538,643315,587706,643808,597740,654539,630307,595223,608003,581722,614269,644965,586827,625145,639782,624782,597323,625551,602672,641530,650043,606583,561259,644936,622953,610079,585183,649211,587129,642022,655152,644145,626216,643589,608375,637176,634852,557090,638637,586262,641725,587065,630820,575829,630548,572955,620189,610150,592166,579128,587357,563820,603930,684445,633696,629261,554460,585406,617411,617129,581660,617522,628461,592119,622692,633759,600556,580393,602790,638256,579848,660720,613973,606967,637411,579798,584110,631499,605845,585617,625911,572896,562171,640440,598756,603585,618726,603473,647993,629854,599944,653488,620527,671095,593681,617697,666857,617233,618647,635199,580804,608197,630546,587468,639838,594423,617821,634659,644895,567098,653869,667272,620143,626761,577425,583780,623006,616434,621497,649700,600995,650879,585730,643635,581364,605089,640596,606155,593893,565199,614621,602218,647855,594851,672597,619512,616839,617367,591368,619841,640327,661918,587776,562965,580781,630595,582574,592157,607862,639919,656459,606174,628585,640860,609459,639391,599557,586760,618007,612554,624983,633580,611104,558985,625288,612180,620810,622158,607267,615945,573370,627540,600763,597159,591572,637540,653019,609703,605558,652734,607924,610968
672973,691463,710015,678898,669122,666603,732875,665455,646249,674209,662444,668528,688160,697289,700826,677021,676689,667790,659874,662588,712150,643472,654670,682878,687181,697978,668107,686305,633919,702553,659082,656880,749506,722351,667210,665967,684091,695326,695688,748432,684895,687877,700120,626292,719855,683745,687152,682091,660922,651259,644673,719678,621041,686356,685883,668806,699146,671146,675865,688668,627040,657886,666602,673485,655357,708661,659002,713330,638242,677099,677954,608320,664382,697469,652405,715989,657652,721162,671231,715463,715050,665707,655917,624565,716067,706202,653373,709966,696619,678181,657557,701475,672115,694557,684652,692961,628813,687880,673741,696580,650589,719836,641112,718398,749244,725868,676500,694630,665337,691515,695308,648999,723433,691459,727069,664857,686248,648208,688396,681002,711268,660146,674016,672004,664172,655369,663454,745280,724009,682544,621986,647495,663724,689934,673982,712912,701287,638854,687618,740854,669824,656228,695531,704738,647462,727465,660277,670639,701428,667208,661416,699969,671649,664965,682991,660086,626959,699829,639807,666225,664724,645016,720692,670629,676222,697131,712227,743400,663909,683606,701142,715657,684036,665698,666917,651803,692288,661219,703388,681695,662132,691236,697252,607740,713194,699377,670494,675474,614242,652631,662129,676445,730915,717647,643887,699105,623743,714293,639025,691834,705089,665317,645918,632358,685319,674842,715346,660725,731605,663476,659321,687439,641855,683349,694088,685110,630226,635286,630524,690252,629739,660742,675152,703184,722621,680720,688114,702964,658951,681288,695834,680463,691665,674455,684783,672446,662033,621468,709297,707784,681231,686751,650240,693065,681815,697005,689001,640931,644345,712397,679567,684184,687768,722882,661056,702642
609288,664801,658818,622268,610712,604624,671408,556168,596947,560836,571610,600059,620083,630145,644093,583971,626581,611766,614623,589232,652170,586972,565668,633458,612826,627357,611126,615981,578658,621579,610242,618685,654137,594081,592581,624037,619030,642498,626010,665067,630491,622424,645200,568189,658983,591360,618472,616936,582104,603254,589779,659222,612897,642119,628462,604910,601823,625499,601664,628587,536897,626489,601791,636294,600939,650211,617576,630663,592993,599455,634742,561074,644699,659475,570211,626463,606475,671632,606038,663285,656475,560974,634420,564339,650354,650554,596175,628231,605703,632341,649091,620702,623135,632166,655326,633495,564493,588184,614092,606636,615809,637207,579011,636655,651677,653846,629476,631696,626795,611157,625251,599911,640927,605207,656721,588102,627763,603012,652505,601172,623928,606319,593656,610631,621673,596557,615197,662415,644746,610520,564879,596668,656489,609886,593284,622082,642770,585141,632311,635881,629959,613547,620854,619172,577638,642536,595783,621571,640662,590192,614961,618488,618355,588572,638157,568563,589774,624779,594823,609860,621190,604453,668419,604286,623710,620788,624305,688629,615156,605871,651839,640918,615095,635059,581921,600515,610566,591057,645622,648257,601765,640745,629404,576034,653052,626826,613193,637118,556021,600479,630656,623529,672467,661999,561326,608222,606642,643835,597516,627457,632878,579751,579416,595538,629667,640729,659130,603733,649530,608022,633745,589953,580440,595648,639100,624805,593525,583199,624126,628016,571065,599760,599177,653068,659160,604424,619135,623514,602116,631223,611485,592086,625636,587706,625423,639043,619250,566062,625777,644870,607871,646972,619872,629957,595706,661283,619995,629917,608319,661907,604161,598470,614865,627298,612543,633692
642285,659782,685862,637568,614054,610390,686077,611867,640430,622478,630064,623914,648610,669013,657683,621180,638099,656157,627543,644574,670698,622881,651844,668690,652252,655238,659229,629593,612274,670241,647425,640473,712486,663971,651466,636848,670485,647669,645991,697300,637980,660550,676510,599593,673365,628639,676320,641120,645451,588376,626380,704383,608279,646184,628616,630452,627249,629580,598309,649878,578221,635491,624898,660247,643619,693802,659035,680118,654560,663455,655724,591657,662678,658455,656508,649835,618137,682032,626860,689889,670880,630598,627272,634662,680963,704653,635032,661081,674561,667928,646451,651506,632660,648180,658012,654191,588084,643338,627758,632875,608711,655138,594837,661452,693555,667563,660645,668417,624925,651791,670552,611527,667903,636208,673433,630229,638926,628605,660326,627147,662197,620973,624163,632943,630150,639575,653664,698818,674031,650440,602495,622117,665949,649512,631877,670759,652383,593978,647335,690010,636921,640525,653169,651286,616135,696944,627917,673076,683501,616775,666773,667799,640865,623588,651250,629024,596795,653133,612978,650325,669122,626624,691830,640310,663166,664736,657102,704727,647551,645715,680736,663436,639139,670996,619061,628777,684866,646404,675477,640023,644080,656674,661536,605036,680433,657991,618916,665673,571946,624892,660310,631813,689143,676935,618203,665216,630061,651891,614393,658764,650825,604343,595540,604484,640737,640467,674213,612433,705006,667378,635532,625328,598875,657323,693603,680455,617284,598706,628227,654755,618694,623714,649935,683075,703066,625498,666930,665008,636847,660216,621269,615786,632914,625074,642208,664061,666516,607004,677179,657969,652443,663712,647300,654865,614111,636387,635040,632706,624643,661978,645601,626536,638144,677957,631002,664387
658704,674448,692486,676851,632896,665555,754455,657605,633139,657964,647677,662428,658747,687549,689428,679462,664877,637399,645181,656240,680376,648246,632766,701160,646454,655868,665527,666814,651640,687092,664641,664571,717790,658788,640610,672591,696966,679362,684883,721948,656244,665052,694348,639550,716023,675842,692793,683931,660411,659678,665390,680716,629922,694245,682021,674207,672147,661686,665076,689789,623999,676246,676138,701403,650293,722113,652307,710561,649832,647924,650878,625179,677663,705266,642584,704718,624690,683394,637467,679868,726204,625456,651175,626333,718474,710878,656896,679137,679881,696953,674982,635079,666171,681202,678635,678685,601180,678009,656434,674058,626843,652681,639675,677556,730152,693197,653871,675009,651388,667736,691070,659735,695963,685527,719507,640348,670639,653936,730199,642793,683152,661882,674060,692338,659773,651782,682903,738827,695070,669503,614657,631117,699839,665114,664046,689476,695994,629039,671881,695462,678375,676650,697425,687106,650699,684686,649449,704037,715574,651268,688087,696259,662879,644873,675533,644360,639712,680794,658362,674324,673831,665332,723135,682142,695530,676411,688479,702633,671567,676056,730357,726458,663580,665021,648395,658228,668282,655798,679462,678955,658210,667337,673993,618735,719005,686488,675620,679602,611776,645629,694551,646796,715324,697848,620848,670229,657548,686168,640034,679288,685528,631960,640727,631657,663879,658486,696951,619817,700457,653750,680601,669480,613496,694792,678185,685591,632091,624653,639849,655484,673183,640731,692955,685197,724111,675219,682324,651487,637304,696105,657126,601645,675142,663101,670225,691434,662034,624019,704920,682024,693285,682171,705909,635132,650893,722979,647084,671423,632545,710354,660378,645030,667402,712471,651421,710077
637527,653885,660294,643520,631569,625814,707816,599603,607267,626525,616478,642390,618469,665925,669309,633792,645212,620447,630524,622426,664964,622168,602708,679502,641479,658195,627055,641374,629492,676929,650400,613341,688105,628889,621382,652553,632667,653060,629407,700898,638146,640453,689966,597586,691124,661348,692141,646700,638215,629153,611827,639502,610998,657807,649105,610436,650070,637509,642210,637922,595688,660390,640679,683195,637848,683224,631176,685888,654725,646093,643822,591593,668029,695718,593026,642508,622899,666865,639544,682839,658911,621561,631432,618052,700159,673434,636791,666121,643912,650258,634485,653175,642104,656597,674562,626821,604684,642089,656864,638326,588017,658432,589610,639686,709233,666402,643738,688204,646972,638599,687452,608399,675788,633838,692132,614926,662535,635487,682602,618169,658037,649253,646648,637976,659141,634902,619671,708462,695318,662122,618975,618973,680860,642795,621540,634143,685737,623051,669038,674678,631351,627994,666074,654897,621003,669272,623225,675196,676368,639851,655933,689775,644894,611109,649852,623402,620123,648099,640812,657602,657621,614676,683726,615301,643136,660769,657783,707593,647179,644027,701790,683421,652839,642107,622299,628389,658167,617597,637217,620518,630089,650698,656254,613435,661476,644629,658657,656339,583928,619776,660099,662560,669811,676908,602429,655772,619034,680407,634096,655333,684540,646457,623758,622261,675236,667359,663876,603890,685205,653825,624415,624385,614092,643864,650484,668227,632823,602796,670693,653099,631461,642568,643443,659151,696885,679798,659384,673351,628450,670733,662601,593484,644485,625693,659708,660397,638908,617795,682142,663487,651797,664880,660771,649713,627466,669992,638150,633130,637357,682058,638478,619406,638493,687946,651951,678863
625883,632146,660897,635782,632705,604931,702415,627124,615363,614698,611812,621073,650450,666273,656714,634702,642949,607944,624927,614083,657960,622156,608728,651678,591350,646534,621703,595948,610372,662279,620127,626881,674651,630134,633576,654964,636091,647286,624062,699644,618141,635291,662926,573672,697685,633044,646115,650466,622333,622148,608756,674260,591219,628792,622941,595773,657018,633044,638767,658083,589732,662778,622284,653977,608572,676649,646275,670694,604419,626061,639539,606553,639896,648806,568980,640780,625691,641374,605467,654632,672181,574818,601293,603865,669607,660034,614963,650472,617133,648468,629727,627411,624806,649916,654350,651235,578097,633714,647437,639069,619421,615359,612305,664185,684936,689544,636519,649080,641734,636615,640292,607013,660102,637893,674865,629039,667702,615839,697212,598976,623214,630246,629361,638973,620153,635787,620565,677545,675077,625025,594152,620956,663257,642529,606219,655629,653430,602558,653826,689908,619558,629036,665478,641098,603261,661600,633840,638299,682014,628320,645698,648560,635688,618534,644712,604304,583319,675555,603735,638915,631229,634072,656484,612742,639857,661933,620076,682353,646412,623972,654892,677830,650619,616512,618717,629158,617859,617728,608580,652883,627016,628423,648513,579303,642974,645138,648116,617924,570559,610060,652665,659487,680677,649445,599539,653069,575532,644164,596137,644434,673620,604387,625595,623499,636066,648556,684898,618885,667597,644911,631453,638037,582869,625790,641264,662457,608207,596027,613193,634856,615652,608966,637419,649914,666989,672696,614295,627685,610291,650888,647525,601656,656642,617350,653177,637491,648913,610994,654137,644174,624422,656673,646965,620687,620615,703722,637815,629693,597949,674228,646937,634297,641208,648187,644834,634970
638639,655039,683755,635741,639815,618755,657640,610822,627086,618196,625393,626625,644438,672042,650614,612095,665804,628737,611124,614897,670035,599872,642513,659591,649473,645464,626309,632003,603787,651582,622759,622011,689502,626586,618300,653162,666705,675686,618029,681806,635275,644116,649007,578895,665198,627795,653372,630828,614049,618688,590856,668488,607090,660510,631142,618145,623578,635128,605751,655501,575744,636736,627803,652523,611328,691715,622354,683803,625594,617288,642979,621646,637563,650318,608787,672522,614619,650923,615593,658678,675281,616420,616844,613742,663024,693316,635363,634039,641513,663504,629169,637399,615139,647539,675481,655153,603686,622696,628263,660981,596147,652140,614387,618263,699798,671985,647500,694128,635297,630570,639882,604254,680750,627404,639987,624489,633208,604928,674579,617131,640940,621233,617698,610179,609843,642583,625393,696896,673933,635946,614856,620367,669837,629663,601261,622400,639631,597230,633001,697878,656228,660378,669135,628849,616110,674053,644392,644566,660533,614708,656288,645547,623181,637721,638457,570544,586064,640020,621201,650486,649738,603182,669525,634346,631123,649249,637343,698657,630041,627700,686506,670548,641305,677727,620410,632197,643051,629402,648912,630927,614725,640134,662527,575705,661944,679850,621295,630505,583368,635018,643963,651210,665116,657707,610832,643675,602133,643612,600476,653775,668915,610912,581582,594552,624401,620483,651964,605666,695815,651952,640503,617575,629116,625221,657004,662060,607155,605915,612629,636255,600107,629584,630170,634362,693597,636273,636009,639348,616559,663161,633448,600153,640639,626264,639892,664658,657532,565876,666637,657952,632607,640024,643954,635619,625240,672151,623204,602166,609794,672698,639350,618999,614956,673284,611139,667251
642149,652624,693094,658039,631515,617838,696830,624263,640298,623420,647350,651901,653114,664203,689122,652778,674368,651835,636017,656462,677791,633476,661625,649559,632354,675035,631751,645680,626450,679007,635068,637186,703087,651197,623610,645167,697504,686331,650306,711823,641229,660822,673717,608141,701585,662998,693983,649779,651405,627073,637873,693510,624978,659799,667751,623686,671618,673152,654721,681998,599172,650333,658797,669980,632300,698031,647875,674996,637222,656436,641417,626402,665805,674980,605043,696093,627603,664342,644768,687217,683344,605499,628329,645235,692488,695741,629813,667909,645174,681961,644066,653607,664691,655853,704264,673449,615890,653350,665759,662449,631257,670129,621310,680059,705190,710833,651268,667298,641707,661153,671310,655008,657362,624338,670178,639702,649722,631910,700874,629001,675072,650008,631628,632027,637859,648881,662485,695098,699040,671121,622565,647843,689731,631677,621107,665331,666187,608287,672006,698405,650136,667990,693487,708388,626218,717235,619983,662563,701548,645509,651892,682649,663936,634616,674563,615940,628361,676175,642153,663059,659936,640414,710579,646162,660497,657159,671482,742313,650827,643003,695016,696189,676221,647979,644468,644618,657688,658756,657214,644498,636640,688625,656170,617132,667360,679850,646605,651336,594495,642546,665725,676830,698530,677063,620569,694976,640864,662982,616783,666648,681102,616421,632568,627741,657149,671051,668595,619789,694568,650064,681907,640018,608634,648362,675437,686911,629437,625160,647594,655633,626613,655207,635675,686503,695055,669051,655363,651420,646921,683645,655866,627100,683743,647584,637965,663703,679042,575797,664040,664023,658611,667540,670841,654941,625190,678332,639221,629111,632407,689610,658884,643286,661061,702121,654711,654770
635207,657542,678935,641261,641515,636361,694940,623237,625354,631310,633072,644527,670340,668124,668701,657530,658502,666295,646219,620425,691078,624752,614831,673469,653042,621494,675704,641410,636964,685838,648201,627844,714417,671105,663722,666309,642907,660632,648397,702243,648663,657349,668269,607924,696006,631713,670416,657381,657825,631812,615245,684143,623007,636343,648361,638523,644210,661864,650361,646665,579703,640510,642820,679560,625886,694686,650523,707592,641587,649468,617973,611363,642755,680668,610555,666237,614941,702310,624110,702650,680459,644071,637550,636127,673762,682952,637651,676237,682750,669080,662582,661772,647205,671971,664206,655344,582668,669901,668785,653752,625353,649824,594589,677898,700805,693001,666586,664288,627704,658816,679154,619528,679328,646544,692090,644490,648520,648503,685957,621212,655911,637084,656728,645448,646044,643490,654108,735612,712907,648724,607198,645366,675450,643842,627271,650849,670297,617908,644252,703997,634766,645213,671305,683107,594896,659966,657170,662572,663199,635888,654025,676458,661939,647221,633917,627606,628481,661338,635522,691276,658841,641656,685241,646954,645810,669021,672678,699245,664157,653054,685101,665276,673668,657188,647144,634017,633577,618039,649240,643582,620841,660223,657659,601510,691574,669580,646027,676779,596671,649197,701041,647336,687710,674545,631763,673065,615475,689704,620923,627575,647278,621121,631803,633961,650311,648866,690750,619611,714641,663530,626961,635583,625152,649034,687123,658428,642498,605273,657735,633691,637673,618324,670142,656695,699135,663907,657679,667400,627245,691254,667886,631531,672655,641826,661630,688772,643187,607958,702905,659904,648493,646982,658256,647680,651259,683446,637796,621775,597349,663604,672153,626004,663839,679162,641698,670916
634733,661869,684273,653732,624406,617239,687142,602542,637500,630618,641100,615812,666893,670493,666188,633159,655616,643284,628234,647209,689858,629669,628920,679691,636286,655038,629217,655562,608618,669829,644815,656956,662996,657861,620851,645417,675501,668742,673950,688552,647390,667444,682659,586486,697776,651583,687639,623198,625643,629961,619161,693836,609667,656747,633383,624822,656637,670172,637613,665153,594101,634453,664959,680694,621350,700369,647726,664261,640317,654701,637666,602938,643443,684611,617001,687649,639890,678614,619871,703850,679548,614427,638375,633318,664707,680459,650195,648939,646257,685873,646150,665588,630704,680307,685172,628070,599620,647722,655279,659005,609795,661279,605429,678550,700082,674390,636277,670713,635975,654241,652993,621762,659787,641778,675924,620942,662664,626959,667075,645419,664473,642559,642955,614206,629338,638739,625985,679320,698649,668656,615709,639217,668116,668544,612833,652751,680744,610017,657568,686720,640659,643197,661364,665559,627168,691880,638163,661827,666606,625317,656164,706064,647969,629027,643795,594524,618475,673909,666576,677906,633665,657769,688751,648702,649078,630077,661568,712763,627001,669018,706139,647737,659490,654783,625279,628425,649948,648066,668264,617056,627591,650869,656730,567392,672378,714445,639727,651836,587970,618460,620526,662569,688935,680347,613957,657157,636323,663541,609910,677037,652708,634204,645191,629059,647354,672913,692539,586548,684843,649239,664898,650546,605782,639323,672010,674279,621238,610220,624111,656912,621844,622895,658262,673386,687231,659933,663584,664962,631853,663756,629221,628409,648964,632390,641484,658167,688784,591895,668937,673473,648122,662691,642453,671931,615444,701401,665989,615602,610769,670100,653196,637767,625800,683362,629118,656123
671040,662543,699555,624962,643223,605015,693690,623117,598658,644624,623004,635486,648959,688438,648053,628327,629794,649104,627529,621601,694379,620470,623784,653612,655877,661498,669363,623891,617748,652195,639465,614984,693595,658580,644224,656853,667550,644977,628363,694138,657276,639245,668688,604429,690346,663375,673526,664983,652601,634520,615391,677589,631260,653757,631085,626584,643874,651609,659333,658908,579918,663952,611054,658019,610163,697496,631576,686976,636165,612596,643833,607131,650432,665609,606526,655551,612450,666978,625404,681808,682519,631138,614495,635098,647751,693105,654643,679288,651278,627310,664038,647111,651016,684671,677169,612520,584068,651820,637667,656609,621413,642672,578033,647718,715086,701073,683310,680180,639542,656414,677302,617912,668005,645430,665816,627018,669125,617095,667623,616647,650828,652468,617588,623484,636599,639571,645814,691885,693726,654877,614083,616994,687757,640166,633331,659716,665548,584251,674306,700239,632419,651844,672381,657724,645587,685422,653022,647853,665824,632706,633658,662667,682697,666411,661816,625738,594387,683113,642018,643255,660479,612619,664536,632728,641003,663076,646015,708445,625940,633998,681179,667872,626673,683603,635835,607208,665566,615281,675803,610311,630424,649668,667445,605751,642375,668843,647522,646178,582905,607295,642823,654492,661168,664219,608685,673723,636129,672263,625330,646608,666280,603421,611847,577077,660308,630141,662828,645399,684542,647052,639830,613225,591623,645180,669540,674038,619097,589237,622915,645601,625956,611663,645780,661968,696657,658452,663798,662349,631335,669452,658072,622160,643449,640541,655387,681345,641031,585024,670143,639611,657412,668466,651146,671638,638455,658884,642960,615251,600816,697693,646858,622236,664669,700907,643221,646709
600778,641368,667660,604176,599716,580357,685048,606731,607643,604955,610793,635311,637447,642159,641537,629626,640315,615780,593321,594843,677466,600676,614049,633203,615592,642749,605948,624418,598752,646429,619041,621986,662026,614563,628926,643656,628285,628526,585472,703667,611172,658669,652846,574040,674165,627135,671896,602596,610791,617457,589330,630750,581866,637326,623189,605604,652217,621006,614767,627350,556590,633244,618495,621926,613028,662292,625547,665403,617576,624230,650666,583584,645968,639099,580164,659696,601265,630613,602220,645805,647085,608453,612559,576966,657494,664067,607711,626521,623519,641347,644798,608191,621662,648943,653529,619685,561539,630691,622907,625697,576559,646629,595598,633147,692665,658221,635487,636517,610023,620823,657301,603346,665896,614959,662986,601260,633982,633337,669147,583014,654338,617806,621840,612928,622038,614973,618801,678406,669262,624916,568493,585566,652711,619207,622315,652946,645074,592905,642256,658336,591196,638208,661616,649214,601992,667429,615870,641022,665223,614709,620545,648886,622802,595461,655777,577941,576639,641113,638556,644690,634580,612188,652503,621703,637068,626781,641039,691472,601391,622402,655464,653685,627446,628457,620933,606822,637842,614646,639548,614169,602010,644515,650989,580907,664921,644465,604737,614238,565918,588570,628787,622000,637274,650329,592232,624414,586434,626570,597750,650556,630408,588965,622118,591181,624561,627809,672461,577152,659276,624592,629007,634530,606848,635379,669888,649281,608636,617800,609022,614031,570993,617074,616171,658060,648255,642795,644295,623218,624258,672318,629499,602513,635046,636685,647338,618807,611001,595062,666000,640698,613438,650544,632652,610856,605187,683554,623738,573129,580083,655972,625634,590047,633230,655774,618203,649530
607922,607098,643009,613667,606536,602507,650684,596835,588324,604013,614821,633970,618903,628866,625518,593801,636072,601389,597376,599510,647361,570047,589697,603193,616597,626800,601772,591285,569957,635129,569178,560972,626694,602192,608394,643357,610278,611557,625817,642904,585025,596592,661168,559689,650429,630240,633051,612233,602456,601987,579949,646551,587186,611812,624301,570968,625817,612657,620076,639056,568048,620407,621564,646812,588847,646633,625350,636070,603845,610984,612818,566994,632166,627132,568026,638406,607511,621338,601725,647535,642613,556103,617007,578517,620643,653815,627037,626759,638198,623250,604121,586490,600989,637551,643437,598377,574834,607771,601837,604581,598692,620311,586810,638233,689616,644602,631291,655185,610783,634747,641056,596306,652802,618542,637739,569993,619034,610168,639292,590307,650702,596752,613716,591285,610479,606552,610492,663259,652195,598981,568030,591565,648105,618379,615751,619493,623805,588737,616003,649585,619355,613127,624855,600287,576307,643564,606242,629535,656843,591512,636849,616887,605015,586715,601508,580630,558597,617827,591280,627533,618334,596795,659271,586519,644118,622242,621533,660135,610147,605666,644718,637031,623011,636028,598005,588684,613032,591224,609191,593778,595004,597416,644102,567369,654097,648372,618073,613316,585978,580205,614215,612945,651234,628299,573936,641172,608613,630060,582066,626628,639308,598495,598415,587226,638104,638213,648345,584895,651852,621115,618689,610437,588066,601899,655571,631629,587816,564088,600536,606966,596870,604564,590771,672501,664765,598917,636383,623124,591326,657856,633047,578722,612274,594729,617607,643244,640046,557458,623165,632848,599520,608325,602174,619934,591087,650838,585581,613149,594909,620568,594516,582353,610120,655808,610707,633331
626702,639076,646100,607619,627912,646670,685732,626914,603442,607643,630582,633625,627896,657279,632808,650526,644350,630620,605205,636827,658489,597412,628813,649966,625313,635790,607369,603168,605881,660227,619838,626014,680556,634628,631727,623331,673176,642455,619715,694648,618816,615221,631974,586136,674301,626125,656499,648227,615820,636097,634308,664706,592498,616656,632682,616584,628916,633890,609850,667178,584232,638799,633967,648826,611538,675970,613000,679402,625100,596890,610469,586531,639777,660661,611982,657786,616296,641253,610707,644718,660502,611793,625983,596455,670174,688076,616766,657300,633158,646888,643151,647428,617348,616470,681752,622674,569486,626568,627569,646428,604771,644568,603808,678415,702352,681883,647379,645386,619271,628701,646330,612251,641747,604458,669904,614603,629758,602724,658294,610354,660213,608390,613010,626444,624578,592762,630754,673451,653808,616369,598905,606611,645704,623358,626912,624734,626719,594965,638663,676740,621985,613727,645798,646504,581995,658753,637732,636415,660719,611371,632955,650310,636083,597686,623303,576490,609425,653580,630039,621422,640477,616171,652457,642556,640290,645374,668903,716493,637585,631675,671461,690715,636883,651317,612597,618744,644263,621892,642669,645590,640738,643713,633653,607376,656819,633709,631676,679715,582822,609474,668743,637338,667212,636422,589516,651462,615190,657204,588797,611206,642134,598004,593445,594421,626429,615751,656010,628490,660472,639156,644799,628700,583306,621360,669256,654226,602634,583215,621909,632773,602503,628389,604598,653282,696784,647974,636746,658784,616891,656988,648830,603769,660189,606793,636052,642401,661115,568965,660049,656169,635788,631658,642189,655088,642849,652432,612995,583812,614921,655988,640917,626175,613011,662349,646973,657985
623897,617937,666795,627291,616418,589867,644780,589657,605748,602256,590275,599494,605295,627583,626969,607396,619947,596276,595820,612224,637273,604092,582217,625911,615721,624845,617855,605519,575209,663524,606433,606867,649385,630137,606492,631249,645654,628458,623919,664802,633203,627991,638387,564031,649957,601705,638208,623751,578420,592544,587467,657293,600530,639154,600094,597910,593500,628301,587114,638042,564058,623299,622674,615199,589264,642465,619278,635163,585660,583108,629180,548746,657966,648158,591576,641038,586502,613836,601465,635070,657858,580155,633944,583923,629077,669192,607803,636362,644428,620920,637296,607242,605047,645055,654736,628300,585151,635706,618703,618172,583693,629621,583018,622744,640090,651162,649409,664041,612166,655649,624403,594515,655701,597343,646574,576186,630466,572351,649166,610321,647072,606793,621974,586578,597555,621225,624885,681005,651618,624939,558620,594995,627176,591270,602501,620409,615682,569807,623574,656082,598935,609577,611965,604048,583273,632906,625296,635062,659479,584858,593985,630525,590534,601568,616553,562624,585283,615219,607090,616158,625789,626225,655748,597593,632026,636803,616889,661973,612862,618083,655116,645500,610722,638232,583921,632112,626879,615210,640828,608295,597239,612875,612993,564908,653603,643951,607242,629125,560607,582339,640350,620186,649957,662041,593177,667412,607605,625370,588703,624102,625397,585973,562747,604154,622154,600812,638417,583641,654895,621274,614693,611439,598998,628020,646227,643960,584479,567340,574446,607584,578263,605993,602569,667935,654276,629747,600466,624111,602832,636113,610104,597591,615890,620805,605095,628050,611216,573335,629734,630311,629427,636708,619108,628182,578310,660079,616956,582744,595810,656415,618871,627727,601609,659374,609841,657696
601115,614971,624064,605085,587489,550772,631179,571442,593214,581450,598202,609101,623835,632163,643751,582546,634490,618643,614722,606028,641086,562406,579906,620770,619949,638003,592165,586327,581877,627721,611445,614890,673083,652015,593264,631928,607473,647775,608607,670529,602008,628096,660774,548940,648600,605280,621156,629446,596428,583765,564240,644180,554295,615748,605902,590797,610742,598142,619137,614677,553061,616276,617317,618655,592269,667562,613761,656631,603617,604839,630267,561017,611930,615754,586135,637174,565164,633084,586975,618994,636176,582153,594997,575624,655038,671718,616758,604732,622019,618666,581710,597572,613928,610790,656037,619847,535109,600257,609874,594999,584483,613995,567029,626547,653964,663370,615611,652003,608567,635612,631632,572679,654499,606854,605553,574551,629311,578612,638911,576770,632673,604418,604366,585831,625030,598031,599517,675191,663784,609518,561113,582872,633840,590126,580031,633082,625729,573510,627042,668424,628895,588996,631926,640624,591489,658741,603632,609010,620520,603256,604460,626708,609884,601931,616328,547654,582288,622362,565938,613177,601563,589322,639085,571293,615843,611924,616033,667527,582259,600963,648263,625121,623932,623777,596575,603286,634996,596841,603984,608902,579491,614173,619956,560327,641054,648922,595612,618872,560433,598213,644928,606462,623673,614955,594803,592584,578056,638340,584248,615729,635819,579071,573390,578506,608033,610062,658475,595517,657564,602489,627611,595012,576854,568082,619932,648693,580477,563742,615495,620865,580189,583102,593051,641273,624924,614514,616836,632927,572315,657181,618692,576787,610422,576704,620068,627497,618757,545387,624741,644187,593055,632482,600485,625700,600410,640745,613810,578326,572501,664114,591772,573275,614737,642454,624591,610356
